case_id,case_number,complaint_date,crime_category,victim_state,victim_district,victim_latitude,victim_longitude,total_amount,transaction_count,transaction_velocity,fraud_hour,fraud_day,historical_similarity,created_at
CASE_00001,FIR/2025/891,2025-07-21 22:34:25,NET_BANKING_FRAUD,Gujarat,Synthetic_District_36,22.813373,84.608708,113564.44,9,3.9,22,0,0.823,2025-08-02 22:34:25
CASE_00002,FIR/2026/323,2026-04-07 18:33:25,IMPERSONATION,Andhra Pradesh,Synthetic_District_7,29.343672,86.956479,88831.95,8,1.56,18,1,0.999,2026-04-22 18:33:25
CASE_00003,FIR/2025/986,2025-06-26 04:40:25,OTHER,Maharashtra,Synthetic_District_50,31.544778,74.086467,18309.62,19,3.48,4,3,0.861,2025-07-16 04:40:25
CASE_00004,FIR/2026/311,2026-07-09 05:55:25,INVESTMENT_SCAM,Tamil Nadu,Synthetic_District_4,24.532156,83.436143,182273.22,20,2.74,5,3,0.324,2026-08-01 05:55:25
CASE_00005,FIR/2025/626,2025-07-26 02:21:25,CARD_FRAUD,Maharashtra,Synthetic_District_9,35.920388,90.78504,190527.07,2,4.96,2,5,0.867,2025-07-31 02:21:25
CASE_00006,FIR/2026/948,2026-09-17 21:00:25,PHISHING,Tamil Nadu,Synthetic_District_49,32.463114,79.388322,142567.57,5,2.93,21,3,0.269,2026-10-01 21:00:25
CASE_00007,FIR/2025/887,2025-10-19 06:49:25,IMPERSONATION,Maharashtra,Synthetic_District_26,22.952791,76.068545,159125.13,12,2.33,6,6,0.488,2025-11-07 06:49:25
CASE_00008,FIR/2024/750,2024-10-02 15:50:25,IMPERSONATION,Telangana,Synthetic_District_5,31.07466,79.53376,194457.91,14,4.14,15,2,0.495,2024-10-13 15:50:25
CASE_00009,FIR/2025/972,2025-07-17 03:20:25,INVESTMENT_SCAM,Gujarat,Synthetic_District_22,33.930485,90.105367,174064.54,2,0.59,3,3,0.784,2025-08-01 03:20:25
CASE_00010,FIR/2024/567,2024-10-15 20:44:25,OTHER,Karnataka,Synthetic_District_28,13.867228,87.969165,32438.72,5,4.42,20,1,0.302,2024-11-12 20:44:25
CASE_00011,FIR/2025/480,2025-07-06 19:26:25,CARD_FRAUD,Delhi,Synthetic_District_4,19.493905,76.859768,50827.47,8,2.2,19,6,0.091,2025-07-10 19:26:25
CASE_00012,FIR/2024/331,2024-09-30 23:15:25,UPI_FRAUD,West Bengal,Synthetic_District_44,20.906939,68.233815,6721.72,11,4.1,23,0,0.988,2024-10-14 23:15:25
CASE_00013,FIR/2026/191,2026-09-09 21:15:25,UPI_FRAUD,Maharashtra,Synthetic_District_7,17.087193,93.548681,11524.45,5,1.98,21,2,0.813,2026-10-07 21:15:25
CASE_00014,FIR/2025/676,2025-02-13 13:28:25,PHISHING,Karnataka,Synthetic_District_40,26.850586,80.762883,14613.91,7,3.18,13,3,0.151,2025-02-27 13:28:25
CASE_00015,FIR/2026/202,2026-06-22 14:13:25,OTHER,Delhi,Synthetic_District_49,11.571559,89.170265,44231.69,12,4.82,14,0,0.315,2026-06-27 14:13:25
CASE_00016,FIR/2025/715,2025-06-10 01:26:25,UPI_FRAUD,Uttar Pradesh,Synthetic_District_47,25.6202,90.59012,12483.53,1,4.25,1,1,0.658,2025-06-20 01:26:25
CASE_00017,FIR/2025/501,2025-04-28 09:23:25,INVESTMENT_SCAM,Kerala,Synthetic_District_42,9.582505,94.039464,229214.2,8,2.52,9,0,0.113,2025-05-14 09:23:25
CASE_00018,FIR/2026/112,2026-07-15 11:49:25,INVESTMENT_SCAM,Telangana,Synthetic_District_21,11.827504,92.963606,894288.3,19,2.16,11,2,0.546,2026-07-21 11:49:25
CASE_00019,FIR/2026/368,2026-01-24 18:46:25,INVESTMENT_SCAM,Tamil Nadu,Synthetic_District_3,34.754799,95.51172,114155.94,13,2.58,18,5,0.629,2026-02-10 18:46:25
CASE_00020,FIR/2025/649,2025-11-29 06:29:25,NET_BANKING_FRAUD,West Bengal,Synthetic_District_40,12.427733,70.424315,17403.13,3,2.61,6,5,0.203,2025-12-25 06:29:25
CASE_00021,FIR/2025/881,2025-03-08 10:05:25,NET_BANKING_FRAUD,Maharashtra,Synthetic_District_20,28.261601,89.168793,117701.0,8,0.38,10,5,0.086,2025-03-22 10:05:25
CASE_00022,FIR/2025/782,2025-01-26 07:24:25,INVESTMENT_SCAM,Delhi,Synthetic_District_8,8.367284,71.979142,102277.19,1,0.9,7,6,0.953,2025-02-12 07:24:25
CASE_00023,FIR/2026/867,2026-03-13 16:01:25,PHISHING,Kerala,Synthetic_District_47,33.706028,90.371478,75002.02,1,1.74,16,4,0.429,2026-03-30 16:01:25
CASE_00024,FIR/2024/608,2024-12-04 01:30:25,INVESTMENT_SCAM,Gujarat,Synthetic_District_33,18.443593,82.48869,646156.19,19,0.92,1,2,0.157,2024-12-29 01:30:25
CASE_00025,FIR/2025/858,2025-01-13 11:28:25,IMPERSONATION,West Bengal,Synthetic_District_1,9.277099,93.024926,23951.39,8,0.33,11,0,0.364,2025-02-12 11:28:25
CASE_00026,FIR/2025/922,2025-03-01 22:44:25,OTHER,Andhra Pradesh,Synthetic_District_15,17.332258,80.071441,8037.35,11,1.43,22,5,0.078,2025-03-13 22:44:25
CASE_00027,FIR/2025/923,2025-01-30 09:28:25,UPI_FRAUD,West Bengal,Synthetic_District_3,35.668303,69.998867,9049.28,15,4.34,9,3,0.774,2025-02-09 09:28:25
CASE_00028,FIR/2025/305,2025-08-30 19:20:25,NET_BANKING_FRAUD,Kerala,Synthetic_District_37,30.750709,89.447704,2585.87,8,2.37,19,5,0.592,2025-09-15 19:20:25
CASE_00029,FIR/2025/351,2025-04-18 16:42:25,INVESTMENT_SCAM,Delhi,Synthetic_District_1,35.039528,68.693397,772458.11,18,1.8,16,4,0.84,2025-05-17 16:42:25
CASE_00030,FIR/2024/969,2024-10-09 02:45:25,OTHER,Kerala,Synthetic_District_7,13.950637,96.510357,131803.47,14,2.51,2,2,0.06,2024-10-14 02:45:25
CASE_00031,FIR/2026/965,2026-09-28 00:50:25,UPI_FRAUD,West Bengal,Synthetic_District_27,28.32456,78.802267,46071.59,3,2.95,0,0,0.505,2026-10-19 00:50:25
CASE_00032,FIR/2025/778,2025-11-06 19:22:25,INVESTMENT_SCAM,Delhi,Synthetic_District_16,16.458605,92.676497,109168.72,13,3.53,19,3,0.735,2025-11-17 19:22:25
CASE_00033,FIR/2026/239,2026-01-06 00:59:25,UPI_FRAUD,Uttar Pradesh,Synthetic_District_7,12.506906,72.766874,47183.38,15,1.64,0,1,0.121,2026-01-18 00:59:25
CASE_00034,FIR/2025/222,2025-04-30 07:04:25,NET_BANKING_FRAUD,Maharashtra,Synthetic_District_11,31.42031,76.822235,53736.58,20,0.3,7,2,0.836,2025-05-11 07:04:25
CASE_00035,FIR/2025/505,2025-02-27 19:30:25,PHISHING,West Bengal,Synthetic_District_4,27.638318,75.544837,193711.6,6,0.25,19,3,0.404,2025-03-14 19:30:25
CASE_00036,FIR/2026/204,2026-04-22 16:20:25,PHISHING,Delhi,Synthetic_District_8,8.346751,92.080798,19850.33,8,0.74,16,2,0.824,2026-05-04 16:20:25
CASE_00037,FIR/2026/365,2026-09-02 13:26:25,UPI_FRAUD,Maharashtra,Synthetic_District_2,36.917681,73.73476,29157.96,15,4.07,13,2,0.092,2026-09-30 13:26:25
CASE_00038,FIR/2025/687,2025-09-03 19:47:25,NET_BANKING_FRAUD,Andhra Pradesh,Synthetic_District_47,19.454962,68.854986,11076.9,14,0.95,19,2,0.215,2025-09-09 19:47:25
CASE_00039,FIR/2025/734,2025-07-08 01:13:25,PHISHING,Uttar Pradesh,Synthetic_District_16,26.771074,82.467857,7895.24,18,2.45,1,1,0.088,2025-07-21 01:13:25
CASE_00040,FIR/2025/638,2025-02-17 05:57:25,IMPERSONATION,Tamil Nadu,Synthetic_District_41,36.828531,83.766044,177045.85,1,4.95,5,0,0.782,2025-03-01 05:57:25
CASE_00041,FIR/2026/679,2026-02-03 10:35:25,NET_BANKING_FRAUD,West Bengal,Synthetic_District_21,19.263057,73.21466,69462.79,11,3.03,10,1,0.029,2026-03-01 10:35:25
CASE_00042,FIR/2025/885,2025-07-13 18:36:25,NET_BANKING_FRAUD,Uttar Pradesh,Synthetic_District_15,36.245416,70.903896,106357.03,8,1.41,18,6,0.816,2025-08-12 18:36:25
CASE_00043,FIR/2024/497,2024-11-26 00:21:25,OTHER,Telangana,Synthetic_District_12,13.106911,85.183066,196550.26,12,4.58,0,1,0.028,2024-12-19 00:21:25
CASE_00044,FIR/2025/292,2025-09-25 11:21:25,PHISHING,Gujarat,Synthetic_District_35,16.962539,82.222656,113058.67,3,0.38,11,3,0.602,2025-09-26 11:21:25
CASE_00045,FIR/2026/306,2026-03-23 07:45:25,CARD_FRAUD,Delhi,Synthetic_District_22,28.791191,94.644643,183661.34,11,0.39,7,0,0.148,2026-04-15 07:45:25
CASE_00046,FIR/2025/174,2025-02-21 20:39:25,INVESTMENT_SCAM,Telangana,Synthetic_District_46,35.315773,79.472271,867635.99,4,1.75,20,4,0.323,2025-02-27 20:39:25
CASE_00047,FIR/2025/824,2025-12-21 13:16:25,IMPERSONATION,West Bengal,Synthetic_District_45,33.798406,85.797561,64139.4,12,1.19,13,6,0.589,2025-12-27 13:16:25
CASE_00048,FIR/2025/281,2025-10-22 02:31:25,IMPERSONATION,Karnataka,Synthetic_District_45,35.512247,79.356441,59608.94,19,0.26,2,2,0.602,2025-11-21 02:31:25
CASE_00049,FIR/2026/608,2026-06-18 00:25:25,INVESTMENT_SCAM,Delhi,Synthetic_District_22,29.614957,74.901882,148904.72,11,0.92,0,3,0.885,2026-06-21 00:25:25
CASE_00050,FIR/2026/557,2026-09-25 14:25:25,IMPERSONATION,Karnataka,Synthetic_District_17,14.080844,88.102106,177444.05,12,1.36,14,4,0.108,2026-09-26 14:25:25
CASE_00051,FIR/2024/270,2024-11-18 05:13:25,IMPERSONATION,Andhra Pradesh,Synthetic_District_32,33.571349,78.185704,84510.99,13,0.6,5,0,0.479,2024-12-16 05:13:25
CASE_00052,FIR/2026/562,2026-05-14 13:33:25,IMPERSONATION,Maharashtra,Synthetic_District_3,16.55235,77.24279,45890.96,4,0.46,13,3,0.17,2026-05-27 13:33:25
CASE_00053,FIR/2025/195,2025-03-13 15:49:25,INVESTMENT_SCAM,Telangana,Synthetic_District_39,36.573007,93.903559,944742.44,1,2.21,15,3,0.654,2025-04-02 15:49:25
CASE_00054,FIR/2025/294,2025-12-17 21:48:25,UPI_FRAUD,Andhra Pradesh,Synthetic_District_45,24.069261,94.841634,16621.62,18,1.4,21,2,0.282,2025-12-25 21:48:25
CASE_00055,FIR/2025/602,2025-01-05 18:10:25,INVESTMENT_SCAM,Delhi,Synthetic_District_4,18.464039,80.400573,572179.5,10,4.14,18,6,0.625,2025-01-21 18:10:25
CASE_00056,FIR/2025/398,2025-04-21 19:46:25,PHISHING,Maharashtra,Synthetic_District_31,32.469303,76.942249,34995.61,13,2.41,19,0,0.895,2025-04-30 19:46:25
CASE_00057,FIR/2025/490,2025-01-01 13:19:25,NET_BANKING_FRAUD,Telangana,Synthetic_District_12,20.927483,75.635583,37791.36,15,1.39,13,2,0.837,2025-01-20 13:19:25
CASE_00058,FIR/2024/187,2024-12-01 21:33:25,IMPERSONATION,Telangana,Synthetic_District_35,20.005613,89.93725,133826.22,8,2.81,21,6,0.841,2024-12-28 21:33:25
CASE_00059,FIR/2026/586,2026-03-19 06:19:25,IMPERSONATION,Uttar Pradesh,Synthetic_District_16,21.811606,70.289696,173511.91,2,2.56,6,3,0.9,2026-04-14 06:19:25
CASE_00060,FIR/2026/875,2026-05-08 14:24:25,PHISHING,Gujarat,Synthetic_District_12,35.522783,72.847779,24936.09,7,4.06,14,4,0.126,2026-05-22 14:24:25
CASE_00061,FIR/2024/742,2024-12-19 14:12:25,PHISHING,Delhi,Synthetic_District_39,15.478704,94.41333,199456.58,3,0.53,14,3,0.556,2025-01-06 14:12:25
CASE_00062,FIR/2025/112,2025-08-29 01:18:25,NET_BANKING_FRAUD,Uttar Pradesh,Synthetic_District_38,23.154298,80.168221,183515.22,14,0.83,1,4,0.567,2025-09-17 01:18:25
CASE_00063,FIR/2025/392,2025-01-09 20:21:25,OTHER,West Bengal,Synthetic_District_23,33.458913,75.659962,21097.1,16,2.9,20,3,0.473,2025-01-15 20:21:25
CASE_00064,FIR/2025/810,2025-07-09 04:54:25,INVESTMENT_SCAM,Andhra Pradesh,Synthetic_District_3,19.47799,93.489771,628222.5,8,0.34,4,2,0.475,2025-07-18 04:54:25
CASE_00065,FIR/2025/418,2025-10-15 17:06:25,OTHER,Kerala,Synthetic_District_32,32.888809,87.860709,158936.76,8,0.76,17,2,0.974,2025-10-30 17:06:25
CASE_00066,FIR/2025/191,2025-08-24 01:31:25,NET_BANKING_FRAUD,Tamil Nadu,Synthetic_District_29,14.130325,91.895114,121390.85,16,3.82,1,6,0.867,2025-09-20 01:31:25
CASE_00067,FIR/2024/826,2024-11-26 09:35:25,PHISHING,West Bengal,Synthetic_District_26,11.933845,92.687565,14057.78,19,0.24,9,1,0.193,2024-12-23 09:35:25
CASE_00068,FIR/2025/469,2025-04-22 18:00:25,UPI_FRAUD,Tamil Nadu,Synthetic_District_18,18.682206,81.462335,22876.79,13,3.21,18,1,0.124,2025-04-23 18:00:25
CASE_00069,FIR/2025/991,2025-06-04 04:16:25,INVESTMENT_SCAM,Gujarat,Synthetic_District_38,23.988678,77.983221,473798.26,9,3.77,4,2,0.689,2025-06-14 04:16:25
CASE_00070,FIR/2024/898,2024-10-28 04:48:25,PHISHING,Tamil Nadu,Synthetic_District_15,26.774017,87.653162,170910.44,9,3.29,4,0,0.513,2024-11-25 04:48:25
CASE_00071,FIR/2026/715,2026-08-28 17:15:25,PHISHING,Karnataka,Synthetic_District_15,15.319323,91.347482,129826.94,10,3.59,17,4,0.709,2026-09-06 17:15:25
CASE_00072,FIR/2025/323,2025-12-07 05:39:25,CARD_FRAUD,Gujarat,Synthetic_District_20,27.638689,91.905014,92340.61,13,2.96,5,6,0.007,2025-12-29 05:39:25
CASE_00073,FIR/2025/405,2025-10-18 10:26:25,INVESTMENT_SCAM,Maharashtra,Synthetic_District_31,9.851275,96.662468,628597.6,11,4.32,10,5,0.261,2025-11-10 10:26:25
CASE_00074,FIR/2026/346,2026-07-29 01:57:25,PHISHING,Karnataka,Synthetic_District_39,19.718854,77.267986,103941.42,5,3.63,1,2,0.655,2026-08-08 01:57:25
CASE_00075,FIR/2025/697,2025-06-22 06:10:25,NET_BANKING_FRAUD,Uttar Pradesh,Synthetic_District_13,17.951844,88.687709,147609.69,18,3.23,6,6,0.476,2025-07-14 06:10:25
CASE_00076,FIR/2025/773,2025-10-02 09:04:25,OTHER,West Bengal,Synthetic_District_12,16.519738,81.652645,34827.35,9,3.65,9,3,0.559,2025-11-01 09:04:25
CASE_00077,FIR/2025/327,2025-04-05 14:42:25,CARD_FRAUD,Telangana,Synthetic_District_15,29.582088,76.905473,131232.49,11,1.92,14,5,0.586,2025-04-20 14:42:25
CASE_00078,FIR/2025/694,2025-01-28 07:48:25,OTHER,Uttar Pradesh,Synthetic_District_5,21.694371,73.64177,127244.95,4,4.35,7,1,0.382,2025-02-07 07:48:25
CASE_00079,FIR/2025/305,2025-11-26 18:40:25,OTHER,Telangana,Synthetic_District_27,36.628556,93.892509,31004.91,15,0.8,18,2,0.862,2025-12-02 18:40:25
CASE_00080,FIR/2024/420,2024-12-21 08:06:25,IMPERSONATION,Karnataka,Synthetic_District_1,21.109544,74.072089,197341.43,6,2.92,8,5,0.158,2025-01-16 08:06:25
CASE_00081,FIR/2024/513,2024-12-28 21:24:25,NET_BANKING_FRAUD,Andhra Pradesh,Synthetic_District_31,19.116176,69.094034,127064.02,7,3.68,21,5,0.95,2025-01-26 21:24:25
CASE_00082,FIR/2025/741,2025-08-25 08:57:25,UPI_FRAUD,Tamil Nadu,Synthetic_District_15,28.112218,77.986143,33869.73,5,0.6,8,0,0.503,2025-09-04 08:57:25
CASE_00083,FIR/2025/397,2025-03-19 19:37:25,UPI_FRAUD,Gujarat,Synthetic_District_47,23.088364,83.199412,14980.29,14,4.45,19,2,0.995,2025-03-30 19:37:25
CASE_00084,FIR/2026/931,2026-02-13 04:33:25,PHISHING,Andhra Pradesh,Synthetic_District_2,14.62413,89.087896,33811.82,5,1.13,4,4,0.022,2026-03-02 04:33:25
CASE_00085,FIR/2025/138,2025-03-21 20:08:25,IMPERSONATION,Andhra Pradesh,Synthetic_District_41,15.417886,83.50727,130457.54,2,3.01,20,4,0.048,2025-03-25 20:08:25
CASE_00086,FIR/2026/554,2026-07-30 16:48:25,IMPERSONATION,Andhra Pradesh,Synthetic_District_8,23.871189,81.757494,24042.18,5,1.11,16,3,0.686,2026-07-31 16:48:25
CASE_00087,FIR/2025/376,2025-08-04 06:27:25,UPI_FRAUD,Uttar Pradesh,Synthetic_District_39,28.321064,80.145947,33157.9,4,2.61,6,0,0.618,2025-08-14 06:27:25
CASE_00088,FIR/2025/896,2025-01-23 20:16:25,PHISHING,Kerala,Synthetic_District_34,36.220472,78.379733,122191.36,14,1.55,20,3,0.039,2025-02-08 20:16:25
CASE_00089,FIR/2025/102,2025-04-30 15:44:25,NET_BANKING_FRAUD,Karnataka,Synthetic_District_43,10.581082,71.202497,66790.12,19,3.38,15,2,0.149,2025-05-03 15:44:25
CASE_00090,FIR/2026/362,2026-03-06 19:31:25,IMPERSONATION,Tamil Nadu,Synthetic_District_30,36.671312,76.584643,21156.81,15,0.35,19,4,0.813,2026-04-03 19:31:25
CASE_00091,FIR/2024/536,2024-11-09 02:08:25,OTHER,Maharashtra,Synthetic_District_7,32.686131,93.818468,135676.54,1,4.27,2,5,0.663,2024-11-15 02:08:25
CASE_00092,FIR/2025/374,2025-09-01 04:42:25,NET_BANKING_FRAUD,Maharashtra,Synthetic_District_24,31.633964,73.303213,191062.74,13,2.06,4,0,0.457,2025-09-28 04:42:25
CASE_00093,FIR/2025/764,2025-10-29 15:39:25,NET_BANKING_FRAUD,Delhi,Synthetic_District_8,11.842836,89.065922,160179.92,6,0.61,15,2,0.911,2025-11-14 15:39:25
CASE_00094,FIR/2026/897,2026-05-05 14:13:25,PHISHING,Telangana,Synthetic_District_40,8.835671,87.84946,122653.31,5,2.47,14,1,0.488,2026-06-03 14:13:25
CASE_00095,FIR/2025/421,2025-11-25 06:47:25,UPI_FRAUD,Karnataka,Synthetic_District_46,33.181636,83.219719,13154.48,19,3.65,6,1,0.224,2025-12-17 06:47:25
CASE_00096,FIR/2025/197,2025-09-11 09:18:25,IMPERSONATION,Andhra Pradesh,Synthetic_District_43,29.072907,81.975961,140415.46,13,0.83,9,3,0.826,2025-10-10 09:18:25
CASE_00097,FIR/2026/617,2026-06-18 17:45:25,IMPERSONATION,Gujarat,Synthetic_District_32,33.213053,70.171092,186939.91,16,1.67,17,3,0.331,2026-06-27 17:45:25
CASE_00098,FIR/2024/512,2024-11-20 08:59:25,INVESTMENT_SCAM,Tamil Nadu,Synthetic_District_6,21.313743,91.236577,661151.45,15,0.53,8,2,0.498,2024-12-01 08:59:25
CASE_00099,FIR/2025/513,2025-01-29 08:32:25,IMPERSONATION,Andhra Pradesh,Synthetic_District_3,24.156799,68.004922,4536.06,3,3.98,8,2,0.963,2025-02-19 08:32:25
CASE_00100,FIR/2025/567,2025-08-07 09:20:25,PHISHING,Telangana,Synthetic_District_24,31.934019,91.681072,131264.6,15,1.73,9,3,0.767,2025-08-27 09:20:25
CASE_00101,FIR/2026/216,2026-01-27 15:27:25,CARD_FRAUD,Maharashtra,Synthetic_District_49,27.108397,68.063711,143466.79,12,4.17,15,1,0.964,2026-02-06 15:27:25
CASE_00102,FIR/2026/268,2026-04-13 09:08:25,IMPERSONATION,Gujarat,Synthetic_District_9,31.833321,89.532816,22158.12,14,0.62,9,0,0.611,2026-04-20 09:08:25
CASE_00103,FIR/2025/295,2025-01-31 04:58:25,NET_BANKING_FRAUD,Telangana,Synthetic_District_7,29.957331,69.34851,165086.27,19,0.7,4,4,0.892,2025-02-15 04:58:25
CASE_00104,FIR/2026/104,2026-08-05 11:17:25,PHISHING,West Bengal,Synthetic_District_48,9.408577,95.12394,192807.1,19,2.47,11,2,0.508,2026-09-04 11:17:25
CASE_00105,FIR/2025/231,2025-03-30 15:22:25,PHISHING,Maharashtra,Synthetic_District_25,27.068133,85.578662,146368.44,11,2.57,15,6,0.385,2025-04-19 15:22:25
CASE_00106,FIR/2026/401,2026-09-09 00:02:25,NET_BANKING_FRAUD,Gujarat,Synthetic_District_9,12.00722,85.473209,192755.11,17,1.56,0,2,0.701,2026-10-07 00:02:25
CASE_00107,FIR/2025/305,2025-08-17 15:32:25,INVESTMENT_SCAM,Tamil Nadu,Synthetic_District_40,28.717152,87.911728,650954.12,5,4.91,15,6,0.65,2025-08-23 15:32:25
CASE_00108,FIR/2026/218,2026-02-27 10:29:25,IMPERSONATION,Telangana,Synthetic_District_36,21.930728,84.548508,65153.9,14,3.4,10,4,0.894,2026-03-17 10:29:25
CASE_00109,FIR/2025/125,2025-07-19 06:36:25,UPI_FRAUD,Andhra Pradesh,Synthetic_District_10,9.538885,69.641538,26184.23,9,3.78,6,5,0.161,2025-07-29 06:36:25
CASE_00110,FIR/2026/903,2026-08-30 00:54:25,OTHER,Kerala,Synthetic_District_14,29.854224,68.936885,13344.53,15,0.6,0,6,0.868,2026-09-23 00:54:25
CASE_00111,FIR/2026/343,2026-04-28 00:32:25,IMPERSONATION,West Bengal,Synthetic_District_45,16.341521,87.270313,112692.84,13,2.0,0,1,0.957,2026-05-20 00:32:25
CASE_00112,FIR/2025/307,2025-08-16 09:48:25,UPI_FRAUD,Uttar Pradesh,Synthetic_District_50,32.952897,80.848852,37209.13,8,4.57,9,5,0.705,2025-09-06 09:48:25
CASE_00113,FIR/2025/894,2025-10-11 11:19:25,IMPERSONATION,Tamil Nadu,Synthetic_District_19,21.015633,96.520146,121074.01,3,1.02,11,5,0.174,2025-10-28 11:19:25
CASE_00114,FIR/2025/370,2025-01-30 04:47:25,NET_BANKING_FRAUD,Delhi,Synthetic_District_11,24.935596,75.395468,56543.34,11,2.39,4,3,0.937,2025-02-01 04:47:25
CASE_00115,FIR/2025/740,2025-03-06 03:23:25,UPI_FRAUD,Uttar Pradesh,Synthetic_District_43,16.73349,90.907337,38705.68,18,1.85,3,3,0.784,2025-03-17 03:23:25
CASE_00116,FIR/2026/617,2026-03-21 23:56:25,INVESTMENT_SCAM,Delhi,Synthetic_District_27,23.749324,79.699095,114767.65,12,1.18,23,5,0.213,2026-04-01 23:56:25
CASE_00117,FIR/2025/733,2025-09-04 04:03:25,PHISHING,West Bengal,Synthetic_District_31,36.902301,91.886964,190111.35,1,0.66,4,3,0.346,2025-09-12 04:03:25
CASE_00118,FIR/2026/140,2026-07-19 12:43:25,INVESTMENT_SCAM,Telangana,Synthetic_District_25,34.56204,95.404642,281635.81,13,1.36,12,6,0.724,2026-07-20 12:43:25
CASE_00119,FIR/2026/598,2026-03-13 04:17:25,OTHER,Karnataka,Synthetic_District_19,34.050167,73.582859,102238.38,17,0.5,4,4,0.096,2026-04-07 04:17:25
CASE_00120,FIR/2026/786,2026-04-03 09:45:25,IMPERSONATION,Tamil Nadu,Synthetic_District_44,20.302074,71.013877,14028.89,18,4.16,9,4,0.879,2026-04-27 09:45:25
CASE_00121,FIR/2025/257,2025-12-19 13:37:25,UPI_FRAUD,Karnataka,Synthetic_District_30,28.78918,69.098703,37369.85,3,0.37,13,4,0.794,2026-01-06 13:37:25
CASE_00122,FIR/2024/517,2024-12-11 11:37:25,PHISHING,Andhra Pradesh,Synthetic_District_29,26.276301,80.557726,182286.33,1,2.01,11,2,0.118,2024-12-12 11:37:25
CASE_00123,FIR/2026/699,2026-07-18 16:24:25,UPI_FRAUD,Karnataka,Synthetic_District_45,32.599286,78.373304,37822.43,17,0.62,16,5,0.787,2026-07-28 16:24:25
CASE_00124,FIR/2026/490,2026-06-12 19:03:25,OTHER,Andhra Pradesh,Synthetic_District_43,8.893755,72.533381,185411.49,8,0.77,19,4,0.391,2026-07-08 19:03:25
CASE_00125,FIR/2026/914,2026-04-11 02:25:25,PHISHING,Telangana,Synthetic_District_1,24.052201,84.097023,60313.24,4,0.3,2,5,0.573,2026-04-24 02:25:25
CASE_00126,FIR/2026/859,2026-04-03 09:50:25,CARD_FRAUD,Telangana,Synthetic_District_14,19.96698,86.732014,42800.53,17,0.8,9,4,0.184,2026-04-23 09:50:25
CASE_00127,FIR/2025/680,2025-06-14 22:52:25,PHISHING,Karnataka,Synthetic_District_49,35.038726,96.835078,134524.6,15,3.26,22,5,0.073,2025-07-06 22:52:25
CASE_00128,FIR/2024/598,2024-12-07 00:51:25,PHISHING,Telangana,Synthetic_District_23,11.718239,87.008716,145392.26,4,1.5,0,5,0.07,2024-12-14 00:51:25
CASE_00129,FIR/2025/413,2025-08-21 08:13:25,CARD_FRAUD,Uttar Pradesh,Synthetic_District_10,24.401008,78.57031,123652.14,11,4.8,8,3,0.169,2025-09-01 08:13:25
CASE_00130,FIR/2025/383,2025-06-09 00:30:25,IMPERSONATION,Telangana,Synthetic_District_9,27.707825,77.615326,128526.87,16,2.37,0,0,0.359,2025-06-19 00:30:25
CASE_00131,FIR/2026/183,2026-02-10 09:51:25,PHISHING,Kerala,Synthetic_District_9,33.847614,73.696526,129464.77,3,3.66,9,1,0.892,2026-03-10 09:51:25
CASE_00132,FIR/2026/514,2026-03-03 12:46:25,OTHER,Uttar Pradesh,Synthetic_District_14,34.282804,83.996226,116796.21,18,4.48,12,1,0.54,2026-03-24 12:46:25
CASE_00133,FIR/2025/703,2025-03-01 04:10:25,PHISHING,Kerala,Synthetic_District_9,21.476333,82.801948,178396.07,13,1.88,4,5,0.011,2025-03-09 04:10:25
CASE_00134,FIR/2026/556,2026-06-20 13:55:25,OTHER,Delhi,Synthetic_District_12,24.42436,84.408563,103313.2,5,3.71,13,5,0.484,2026-07-02 13:55:25
CASE_00135,FIR/2024/370,2024-11-10 00:33:25,NET_BANKING_FRAUD,Telangana,Synthetic_District_15,9.241445,73.996448,47118.23,12,2.0,0,6,0.918,2024-12-09 00:33:25
CASE_00136,FIR/2024/633,2024-11-15 18:26:25,CARD_FRAUD,Kerala,Synthetic_District_48,15.636166,83.786152,21541.78,6,1.95,18,4,0.379,2024-12-04 18:26:25
CASE_00137,FIR/2026/328,2026-07-30 19:18:25,CARD_FRAUD,West Bengal,Synthetic_District_26,18.234042,93.163863,75889.43,16,3.98,19,3,0.887,2026-07-31 19:18:25
CASE_00138,FIR/2026/626,2026-02-24 21:13:25,PHISHING,Kerala,Synthetic_District_14,12.356972,72.563363,46768.16,20,3.61,21,1,0.118,2026-03-04 21:13:25
CASE_00139,FIR/2025/590,2025-11-28 03:31:25,UPI_FRAUD,Gujarat,Synthetic_District_14,25.132936,86.770518,24127.68,14,0.21,3,4,0.043,2025-12-17 03:31:25
CASE_00140,FIR/2026/686,2026-05-28 21:53:25,IMPERSONATION,Delhi,Synthetic_District_4,12.8239,94.750959,103015.92,17,4.8,21,3,0.599,2026-06-16 21:53:25
CASE_00141,FIR/2026/941,2026-07-13 17:41:25,IMPERSONATION,Kerala,Synthetic_District_6,14.281209,85.589251,145866.89,16,4.35,17,0,0.171,2026-08-09 17:41:25
CASE_00142,FIR/2025/885,2025-11-24 11:54:25,OTHER,Delhi,Synthetic_District_40,27.129814,75.6711,116946.58,11,4.62,11,0,0.597,2025-11-27 11:54:25
CASE_00143,FIR/2025/307,2025-05-23 05:09:25,PHISHING,West Bengal,Synthetic_District_33,27.846667,91.968911,22605.45,20,0.57,5,4,0.476,2025-06-12 05:09:25
CASE_00144,FIR/2026/870,2026-06-05 18:41:25,OTHER,Maharashtra,Synthetic_District_6,21.984987,71.779536,106754.56,20,2.74,18,4,0.001,2026-06-30 18:41:25
CASE_00145,FIR/2026/995,2026-08-25 13:12:25,INVESTMENT_SCAM,Karnataka,Synthetic_District_45,23.364679,74.655101,449649.82,16,3.97,13,1,0.381,2026-09-13 13:12:25
CASE_00146,FIR/2026/588,2026-09-13 10:51:25,NET_BANKING_FRAUD,Tamil Nadu,Synthetic_District_6,16.214733,93.426223,27642.74,14,1.36,10,6,0.005,2026-10-07 10:51:25
CASE_00147,FIR/2024/484,2024-10-07 11:18:25,UPI_FRAUD,Tamil Nadu,Synthetic_District_45,31.324327,79.856507,26036.12,4,0.86,11,0,0.652,2024-10-16 11:18:25
CASE_00148,FIR/2025/382,2025-06-24 10:12:25,INVESTMENT_SCAM,Andhra Pradesh,Synthetic_District_49,13.907116,84.011044,397361.89,18,2.46,10,1,0.37,2025-07-12 10:12:25
CASE_00149,FIR/2026/822,2026-02-07 01:04:25,INVESTMENT_SCAM,Andhra Pradesh,Synthetic_District_48,12.003987,93.051085,377138.49,4,3.76,1,5,0.447,2026-03-02 01:04:25
CASE_00150,FIR/2025/446,2025-03-13 19:58:25,INVESTMENT_SCAM,West Bengal,Synthetic_District_40,28.214665,88.496908,430532.86,6,2.01,19,3,0.636,2025-04-08 19:58:25
CASE_00151,FIR/2024/165,2024-12-31 21:15:25,INVESTMENT_SCAM,Kerala,Synthetic_District_15,18.754219,85.661837,463608.56,13,4.66,21,1,0.401,2025-01-21 21:15:25
CASE_00152,FIR/2026/892,2026-03-17 02:30:25,INVESTMENT_SCAM,Delhi,Synthetic_District_41,22.336683,68.310602,104589.88,17,1.5,2,1,0.034,2026-04-06 02:30:25
CASE_00153,FIR/2026/790,2026-03-06 09:29:25,PHISHING,Karnataka,Synthetic_District_24,14.938442,68.008331,123422.81,6,0.53,9,4,0.276,2026-03-19 09:29:25
CASE_00154,FIR/2025/630,2025-09-26 14:10:25,NET_BANKING_FRAUD,Karnataka,Synthetic_District_48,28.405036,94.656145,117629.95,18,1.49,14,4,0.83,2025-10-26 14:10:25
CASE_00155,FIR/2026/720,2026-05-19 04:07:25,OTHER,Tamil Nadu,Synthetic_District_30,34.961701,84.672295,56025.06,9,0.96,4,1,0.506,2026-06-06 04:07:25
CASE_00156,FIR/2024/922,2024-12-13 09:03:25,CARD_FRAUD,West Bengal,Synthetic_District_17,33.407278,91.581273,189456.08,19,1.33,9,4,0.443,2024-12-26 09:03:25
CASE_00157,FIR/2026/894,2026-04-29 08:34:25,PHISHING,Gujarat,Synthetic_District_44,21.360893,85.017969,151737.18,1,2.46,8,2,0.258,2026-05-12 08:34:25
CASE_00158,FIR/2026/423,2026-07-10 00:28:25,IMPERSONATION,Andhra Pradesh,Synthetic_District_23,22.978622,68.281973,46756.1,9,1.32,0,4,0.093,2026-08-01 00:28:25
CASE_00159,FIR/2025/462,2025-09-14 19:20:25,PHISHING,Tamil Nadu,Synthetic_District_37,15.803198,95.466425,95834.54,7,2.55,19,6,0.2,2025-10-08 19:20:25
CASE_00160,FIR/2025/355,2025-06-04 00:58:25,PHISHING,Uttar Pradesh,Synthetic_District_23,12.523871,71.093989,41350.55,3,3.41,0,2,0.663,2025-06-24 00:58:25
CASE_00161,FIR/2024/735,2024-10-06 09:47:25,OTHER,Telangana,Synthetic_District_32,34.045515,93.54863,96976.12,19,4.36,9,6,0.491,2024-10-31 09:47:25
CASE_00162,FIR/2026/231,2026-03-07 01:10:25,PHISHING,Karnataka,Synthetic_District_34,31.178828,81.871282,150283.71,18,0.26,1,5,0.347,2026-04-04 01:10:25
CASE_00163,FIR/2026/571,2026-09-01 22:14:25,UPI_FRAUD,Telangana,Synthetic_District_45,8.24414,87.548989,34942.4,13,2.95,22,1,0.325,2026-09-21 22:14:25
CASE_00164,FIR/2025/582,2025-06-21 22:20:25,CARD_FRAUD,Uttar Pradesh,Synthetic_District_22,18.6118,82.46433,48190.69,7,2.15,22,5,0.752,2025-07-03 22:20:25
CASE_00165,FIR/2025/689,2025-11-14 01:13:25,PHISHING,Tamil Nadu,Synthetic_District_7,28.903648,91.31854,114710.53,18,2.22,1,4,0.381,2025-11-19 01:13:25
CASE_00166,FIR/2025/611,2025-03-02 08:36:25,UPI_FRAUD,Delhi,Synthetic_District_41,22.993202,88.89625,8912.7,16,1.57,8,6,0.562,2025-03-21 08:36:25
CASE_00167,FIR/2024/320,2024-11-17 04:51:25,IMPERSONATION,Kerala,Synthetic_District_31,32.33018,70.792755,33505.03,11,1.37,4,6,0.36,2024-12-05 04:51:25
CASE_00168,FIR/2025/988,2025-06-20 03:46:25,NET_BANKING_FRAUD,Uttar Pradesh,Synthetic_District_13,24.728759,86.846099,25126.26,18,0.96,3,4,0.78,2025-07-02 03:46:25
CASE_00169,FIR/2025/557,2025-08-28 14:17:25,NET_BANKING_FRAUD,Maharashtra,Synthetic_District_25,25.796249,81.44881,155174.13,5,4.35,14,3,0.641,2025-09-27 14:17:25
CASE_00170,FIR/2025/969,2025-09-10 06:25:25,INVESTMENT_SCAM,Maharashtra,Synthetic_District_6,12.697985,74.61832,593055.7,11,3.3,6,2,0.71,2025-09-30 06:25:25
CASE_00171,FIR/2026/471,2026-07-22 05:02:25,NET_BANKING_FRAUD,Uttar Pradesh,Synthetic_District_34,36.000255,80.005683,156413.83,6,4.29,5,2,0.125,2026-07-30 05:02:25
CASE_00172,FIR/2026/315,2026-08-08 01:32:25,IMPERSONATION,Delhi,Synthetic_District_26,10.98727,69.84998,150198.21,16,2.79,1,5,0.026,2026-08-21 01:32:25
CASE_00173,FIR/2026/186,2026-03-19 18:51:25,CARD_FRAUD,Andhra Pradesh,Synthetic_District_20,14.651323,89.390204,124002.33,15,3.17,18,3,0.131,2026-04-15 18:51:25
CASE_00174,FIR/2025/433,2025-03-22 16:47:25,IMPERSONATION,Gujarat,Synthetic_District_30,36.274465,83.676941,72011.41,9,2.79,16,5,0.135,2025-04-14 16:47:25
CASE_00175,FIR/2026/866,2026-04-04 22:22:25,INVESTMENT_SCAM,Uttar Pradesh,Synthetic_District_28,23.180334,86.546319,483716.25,10,4.55,22,5,0.482,2026-04-12 22:22:25
CASE_00176,FIR/2024/259,2024-12-30 07:04:25,CARD_FRAUD,Kerala,Synthetic_District_1,8.002678,91.646014,83028.56,5,1.79,7,0,0.469,2024-12-31 07:04:25
CASE_00177,FIR/2026/884,2026-09-04 08:33:25,NET_BANKING_FRAUD,Andhra Pradesh,Synthetic_District_19,25.313109,91.106254,60622.49,18,1.93,8,4,0.412,2026-09-22 08:33:25
CASE_00178,FIR/2025/761,2025-12-21 05:00:25,PHISHING,Andhra Pradesh,Synthetic_District_25,14.39718,70.297082,143272.66,8,2.63,5,6,0.8,2026-01-10 05:00:25
CASE_00179,FIR/2026/644,2026-09-10 14:02:25,CARD_FRAUD,Kerala,Synthetic_District_27,13.452018,69.985455,130042.95,5,1.52,14,3,0.637,2026-09-30 14:02:25
CASE_00180,FIR/2026/428,2026-01-06 01:29:25,INVESTMENT_SCAM,Karnataka,Synthetic_District_10,9.43933,83.514152,517396.21,6,4.86,1,1,0.282,2026-01-11 01:29:25
CASE_00181,FIR/2025/115,2025-12-22 15:45:25,PHISHING,Gujarat,Synthetic_District_14,17.915473,77.035724,18949.2,16,4.99,15,0,0.464,2026-01-17 15:45:25
CASE_00182,FIR/2024/249,2024-11-01 02:50:25,OTHER,Karnataka,Synthetic_District_18,30.493934,70.070156,150363.35,16,0.99,2,4,0.896,2024-11-10 02:50:25
CASE_00183,FIR/2025/494,2025-10-24 16:52:25,OTHER,Gujarat,Synthetic_District_16,29.390951,68.971798,143221.82,15,3.7,16,4,0.094,2025-11-15 16:52:25
CASE_00184,FIR/2025/430,2025-05-01 08:09:25,IMPERSONATION,Delhi,Synthetic_District_41,29.118875,89.597013,192281.57,18,2.65,8,3,0.253,2025-05-22 08:09:25
CASE_00185,FIR/2025/323,2025-07-31 23:08:25,UPI_FRAUD,Maharashtra,Synthetic_District_16,26.35436,77.410891,43196.52,6,3.99,23,3,0.585,2025-08-13 23:08:25
CASE_00186,FIR/2025/586,2025-06-04 16:47:25,INVESTMENT_SCAM,Uttar Pradesh,Synthetic_District_10,18.770561,70.594917,794301.48,6,2.55,16,2,0.686,2025-06-15 16:47:25
CASE_00187,FIR/2026/818,2026-07-01 17:48:25,CARD_FRAUD,West Bengal,Synthetic_District_7,11.648996,74.747564,129270.4,18,3.96,17,2,0.757,2026-07-27 17:48:25
CASE_00188,FIR/2025/466,2025-12-23 15:57:25,UPI_FRAUD,Delhi,Synthetic_District_17,34.061228,82.073762,34493.57,15,2.84,15,1,0.543,2026-01-08 15:57:25
CASE_00189,FIR/2025/849,2025-04-12 10:56:25,INVESTMENT_SCAM,Gujarat,Synthetic_District_18,33.162193,85.361718,380281.45,18,0.89,10,5,0.531,2025-04-27 10:56:25
CASE_00190,FIR/2025/894,2025-07-29 01:19:25,CARD_FRAUD,West Bengal,Synthetic_District_25,29.276075,93.605039,91361.72,20,4.3,1,1,0.776,2025-08-06 01:19:25
CASE_00191,FIR/2025/938,2025-08-24 15:49:25,IMPERSONATION,Andhra Pradesh,Synthetic_District_13,23.198023,82.428926,193465.47,18,0.86,15,6,0.283,2025-09-07 15:49:25
CASE_00192,FIR/2026/168,2026-07-18 02:52:25,UPI_FRAUD,Karnataka,Synthetic_District_9,13.180525,68.906939,26207.71,4,2.48,2,5,0.099,2026-08-06 02:52:25
CASE_00193,FIR/2026/818,2026-07-19 05:27:25,NET_BANKING_FRAUD,Uttar Pradesh,Synthetic_District_17,9.423483,74.400961,105638.45,3,0.16,5,6,0.921,2026-08-09 05:27:25
CASE_00194,FIR/2026/469,2026-02-14 19:14:25,OTHER,West Bengal,Synthetic_District_48,35.209072,80.062643,128144.43,12,3.99,19,5,0.058,2026-03-06 19:14:25
CASE_00195,FIR/2025/411,2025-06-29 08:47:25,IMPERSONATION,Maharashtra,Synthetic_District_14,35.857016,70.816458,15007.24,8,2.71,8,6,0.189,2025-07-16 08:47:25
CASE_00196,FIR/2026/671,2026-08-03 00:21:25,IMPERSONATION,West Bengal,Synthetic_District_27,29.637143,90.222219,189553.17,19,1.85,0,0,0.459,2026-08-25 00:21:25
CASE_00197,FIR/2025/511,2025-12-10 19:55:25,OTHER,West Bengal,Synthetic_District_22,27.068425,83.483114,36898.91,20,2.27,19,2,0.352,2025-12-21 19:55:25
CASE_00198,FIR/2026/748,2026-04-16 03:39:25,CARD_FRAUD,Andhra Pradesh,Synthetic_District_47,17.380077,74.980954,83056.32,18,1.15,3,3,0.766,2026-05-16 03:39:25
CASE_00199,FIR/2025/100,2025-06-17 04:13:25,NET_BANKING_FRAUD,Karnataka,Synthetic_District_19,25.277122,83.010671,192005.06,10,0.13,4,1,0.984,2025-06-24 04:13:25
CASE_00200,FIR/2025/942,2025-08-17 17:34:25,OTHER,Kerala,Synthetic_District_36,22.826873,84.549378,188726.23,19,0.86,17,6,0.038,2025-08-29 17:34:25
CASE_00201,FIR/2025/355,2025-03-07 21:01:25,CARD_FRAUD,Tamil Nadu,Synthetic_District_17,31.521153,70.665249,178035.45,13,2.89,21,4,0.217,2025-03-10 21:01:25
CASE_00202,FIR/2025/806,2025-08-28 07:56:25,NET_BANKING_FRAUD,Uttar Pradesh,Synthetic_District_7,25.261705,76.711404,165315.34,19,1.97,7,3,0.78,2025-09-27 07:56:25
CASE_00203,FIR/2025/988,2025-09-07 04:41:25,OTHER,Maharashtra,Synthetic_District_50,14.574812,86.930596,87426.57,20,4.65,4,6,0.634,2025-09-28 04:41:25
CASE_00204,FIR/2025/652,2025-10-25 18:04:25,INVESTMENT_SCAM,Uttar Pradesh,Synthetic_District_10,17.478117,88.235291,89123.14,5,0.35,18,5,0.732,2025-11-07 18:04:25
CASE_00205,FIR/2025/542,2025-12-30 12:21:25,INVESTMENT_SCAM,Kerala,Synthetic_District_26,12.29236,77.748877,135578.8,16,2.9,12,1,0.049,2026-01-12 12:21:25
CASE_00206,FIR/2025/814,2025-06-24 19:10:25,INVESTMENT_SCAM,Delhi,Synthetic_District_49,11.911252,84.219589,462766.56,16,2.04,19,1,0.571,2025-07-12 19:10:25
CASE_00207,FIR/2026/372,2026-06-22 16:18:25,PHISHING,Andhra Pradesh,Synthetic_District_21,27.857401,84.704529,49220.7,4,3.39,16,0,0.424,2026-07-04 16:18:25
CASE_00208,FIR/2025/888,2025-04-13 03:07:25,INVESTMENT_SCAM,Kerala,Synthetic_District_11,36.641906,85.870409,672639.36,15,3.15,3,6,0.44,2025-05-13 03:07:25
CASE_00209,FIR/2025/845,2025-05-26 23:28:25,CARD_FRAUD,Maharashtra,Synthetic_District_8,29.447867,75.048401,32042.25,20,4.64,23,0,0.869,2025-06-22 23:28:25
CASE_00210,FIR/2025/412,2025-07-20 17:06:25,IMPERSONATION,Gujarat,Synthetic_District_31,8.659695,74.061277,161051.87,18,1.14,17,6,0.546,2025-08-14 17:06:25
CASE_00211,FIR/2025/244,2025-06-21 10:15:25,INVESTMENT_SCAM,Karnataka,Synthetic_District_25,24.907143,87.242322,743427.4,2,1.35,10,5,0.06,2025-06-28 10:15:25
CASE_00212,FIR/2026/108,2026-09-13 12:02:25,UPI_FRAUD,Maharashtra,Synthetic_District_25,27.150812,87.226467,23301.54,12,4.33,12,6,0.019,2026-10-11 12:02:25
CASE_00213,FIR/2026/826,2026-07-26 04:59:25,NET_BANKING_FRAUD,Maharashtra,Synthetic_District_21,22.055202,85.316086,102199.53,3,1.01,4,6,0.501,2026-08-10 04:59:25
CASE_00214,FIR/2026/642,2026-04-27 14:46:25,UPI_FRAUD,Kerala,Synthetic_District_22,22.208053,89.587331,12444.87,1,1.8,14,0,0.352,2026-05-18 14:46:25
CASE_00215,FIR/2025/740,2025-08-05 00:17:25,CARD_FRAUD,Kerala,Synthetic_District_25,33.82166,91.6309,162566.68,1,4.73,0,1,0.949,2025-08-13 00:17:25
CASE_00216,FIR/2025/189,2025-03-04 03:42:25,NET_BANKING_FRAUD,Andhra Pradesh,Synthetic_District_34,35.857565,85.761003,131729.42,8,2.14,3,1,0.573,2025-03-18 03:42:25
CASE_00217,FIR/2025/311,2025-08-15 12:06:25,NET_BANKING_FRAUD,Delhi,Synthetic_District_38,23.699261,91.203047,108904.52,5,1.61,12,4,0.705,2025-09-01 12:06:25
CASE_00218,FIR/2025/678,2025-02-15 06:43:25,OTHER,Delhi,Synthetic_District_21,9.966607,83.455885,29885.33,4,1.0,6,5,0.84,2025-02-20 06:43:25
CASE_00219,FIR/2024/410,2024-10-30 03:41:25,NET_BANKING_FRAUD,Gujarat,Synthetic_District_48,35.079287,93.929773,192278.04,9,0.84,3,2,0.188,2024-11-04 03:41:25
CASE_00220,FIR/2025/720,2025-04-06 17:33:25,INVESTMENT_SCAM,Uttar Pradesh,Synthetic_District_40,14.696429,74.733293,636099.18,1,1.86,17,6,0.688,2025-04-22 17:33:25
CASE_00221,FIR/2025/765,2025-02-14 09:39:25,INVESTMENT_SCAM,Telangana,Synthetic_District_12,32.711754,82.251922,495325.32,5,0.9,9,4,0.226,2025-02-28 09:39:25
CASE_00222,FIR/2024/307,2024-10-15 01:11:25,PHISHING,Tamil Nadu,Synthetic_District_5,13.135268,95.686273,148730.97,15,4.35,1,1,0.49,2024-10-26 01:11:25
CASE_00223,FIR/2026/722,2026-01-11 00:12:25,NET_BANKING_FRAUD,Andhra Pradesh,Synthetic_District_47,17.074027,85.733641,155466.73,19,3.01,0,6,0.525,2026-02-09 00:12:25
CASE_00224,FIR/2026/946,2026-09-20 18:18:25,UPI_FRAUD,Karnataka,Synthetic_District_16,23.042377,79.472725,22635.32,2,2.83,18,6,0.516,2026-10-11 18:18:25
CASE_00225,FIR/2024/411,2024-11-18 23:03:25,NET_BANKING_FRAUD,Kerala,Synthetic_District_30,12.828111,76.538172,80209.94,2,3.48,23,0,0.904,2024-12-03 23:03:25
CASE_00226,FIR/2026/284,2026-07-23 06:50:25,IMPERSONATION,Uttar Pradesh,Synthetic_District_45,23.845806,79.398935,100630.9,11,2.31,6,3,0.179,2026-08-11 06:50:25
CASE_00227,FIR/2026/431,2026-09-28 23:41:25,NET_BANKING_FRAUD,Delhi,Synthetic_District_46,29.264608,70.644546,18945.75,15,3.21,23,0,0.085,2026-10-21 23:41:25
CASE_00228,FIR/2025/263,2025-10-28 16:35:25,INVESTMENT_SCAM,Andhra Pradesh,Synthetic_District_36,19.037603,90.279549,631468.91,11,2.87,16,1,0.66,2025-11-02 16:35:25
CASE_00229,FIR/2025/529,2025-03-14 20:56:25,OTHER,Kerala,Synthetic_District_20,29.174691,95.868017,142697.45,10,3.17,20,4,0.118,2025-03-19 20:56:25
CASE_00230,FIR/2025/569,2025-04-24 17:24:25,OTHER,Gujarat,Synthetic_District_32,23.761534,68.166766,51369.08,16,1.27,17,3,0.589,2025-05-10 17:24:25
CASE_00231,FIR/2026/106,2026-01-07 06:13:25,UPI_FRAUD,Tamil Nadu,Synthetic_District_36,16.065275,86.230427,30100.71,7,0.34,6,2,0.148,2026-01-28 06:13:25
CASE_00232,FIR/2025/691,2025-09-21 17:54:25,OTHER,Uttar Pradesh,Synthetic_District_20,17.602222,70.543378,7453.99,4,2.14,17,6,0.178,2025-10-13 17:54:25
CASE_00233,FIR/2025/686,2025-07-18 12:27:25,IMPERSONATION,West Bengal,Synthetic_District_12,36.022505,89.730709,140269.52,12,4.66,12,4,0.093,2025-07-28 12:27:25
CASE_00234,FIR/2025/876,2025-08-26 04:42:25,NET_BANKING_FRAUD,Andhra Pradesh,Synthetic_District_36,9.88285,81.653688,164232.68,4,3.5,4,1,0.274,2025-09-12 04:42:25
CASE_00235,FIR/2025/159,2025-11-27 08:58:25,IMPERSONATION,Maharashtra,Synthetic_District_37,29.162127,86.240379,42601.15,3,2.47,8,3,0.689,2025-12-27 08:58:25
CASE_00236,FIR/2026/365,2026-09-23 02:12:25,INVESTMENT_SCAM,West Bengal,Synthetic_District_37,36.855706,78.261747,855408.07,5,3.11,2,2,0.496,2026-10-17 02:12:25
CASE_00237,FIR/2026/724,2026-07-09 08:16:25,OTHER,Tamil Nadu,Synthetic_District_46,16.424154,73.613108,36801.54,4,0.22,8,3,0.625,2026-07-13 08:16:25
CASE_00238,FIR/2025/458,2025-04-30 12:11:25,NET_BANKING_FRAUD,West Bengal,Synthetic_District_41,14.1578,86.577931,10052.95,10,1.35,12,2,0.068,2025-05-10 12:11:25
CASE_00239,FIR/2026/802,2026-03-02 10:05:25,OTHER,Telangana,Synthetic_District_22,19.48543,84.498725,2220.12,1,4.18,10,0,0.194,2026-03-29 10:05:25
CASE_00240,FIR/2025/761,2025-09-11 14:15:25,NET_BANKING_FRAUD,Delhi,Synthetic_District_31,12.506202,81.35792,159653.62,18,4.49,14,3,0.462,2025-10-08 14:15:25
CASE_00241,FIR/2025/678,2025-11-27 15:48:25,OTHER,Telangana,Synthetic_District_36,23.540679,74.039612,104693.57,11,4.02,15,3,0.888,2025-12-09 15:48:25
CASE_00242,FIR/2024/484,2024-12-05 21:02:25,OTHER,West Bengal,Synthetic_District_11,24.558468,79.297422,7203.46,20,0.67,21,3,0.782,2024-12-15 21:02:25
CASE_00243,FIR/2026/188,2026-09-22 03:30:25,UPI_FRAUD,Gujarat,Synthetic_District_16,18.775924,92.054267,13647.72,10,1.16,3,1,0.302,2026-09-26 03:30:25
CASE_00244,FIR/2025/554,2025-10-17 18:34:25,PHISHING,West Bengal,Synthetic_District_2,31.171733,94.243718,182757.42,5,1.03,18,4,0.924,2025-11-10 18:34:25
CASE_00245,FIR/2026/992,2026-03-20 02:34:25,CARD_FRAUD,Maharashtra,Synthetic_District_34,27.624801,71.848798,29515.71,2,2.35,2,4,0.714,2026-04-06 02:34:25
CASE_00246,FIR/2025/708,2025-01-25 17:04:25,UPI_FRAUD,Maharashtra,Synthetic_District_22,21.539401,69.338053,34383.91,17,3.85,17,5,0.746,2025-01-26 17:04:25
CASE_00247,FIR/2026/297,2026-05-14 02:25:25,PHISHING,Kerala,Synthetic_District_18,23.435998,90.410826,64855.19,4,1.44,2,3,0.157,2026-05-18 02:25:25
CASE_00248,FIR/2024/655,2024-10-15 12:20:25,INVESTMENT_SCAM,Telangana,Synthetic_District_36,17.236062,72.105148,147256.53,10,2.91,12,1,0.171,2024-10-25 12:20:25
CASE_00249,FIR/2026/129,2026-06-19 03:19:25,NET_BANKING_FRAUD,Gujarat,Synthetic_District_44,9.463224,79.12439,11094.51,3,2.19,3,4,0.179,2026-07-09 03:19:25
CASE_00250,FIR/2026/731,2026-05-29 13:38:25,IMPERSONATION,Telangana,Synthetic_District_20,17.637631,73.746267,140173.73,18,0.48,13,4,0.923,2026-06-23 13:38:25
CASE_00251,FIR/2026/815,2026-01-19 10:53:25,UPI_FRAUD,Gujarat,Synthetic_District_7,21.211941,87.849861,40661.27,15,2.41,10,0,0.947,2026-01-24 10:53:25
CASE_00252,FIR/2026/816,2026-06-23 01:43:25,CARD_FRAUD,Telangana,Synthetic_District_21,21.145209,68.87766,79023.31,16,0.65,1,1,0.479,2026-07-21 01:43:25
CASE_00253,FIR/2025/230,2025-03-23 02:34:25,CARD_FRAUD,West Bengal,Synthetic_District_7,19.764893,88.713919,121283.61,4,1.7,2,6,0.649,2025-04-18 02:34:25
CASE_00254,FIR/2025/344,2025-08-05 10:14:25,NET_BANKING_FRAUD,Uttar Pradesh,Synthetic_District_16,23.890522,96.24286,118516.66,13,0.42,10,1,0.208,2025-08-28 10:14:25
CASE_00255,FIR/2026/450,2026-05-28 06:35:25,NET_BANKING_FRAUD,West Bengal,Synthetic_District_45,14.848475,87.215755,113875.03,3,3.72,6,3,0.712,2026-06-24 06:35:25
CASE_00256,FIR/2026/668,2026-02-09 20:22:25,INVESTMENT_SCAM,Maharashtra,Synthetic_District_29,13.109046,95.72062,489763.01,3,3.03,20,0,0.686,2026-03-01 20:22:25
CASE_00257,FIR/2025/192,2025-10-23 03:16:25,IMPERSONATION,Tamil Nadu,Synthetic_District_9,33.730585,94.194424,132372.79,1,3.81,3,3,0.661,2025-11-07 03:16:25
CASE_00258,FIR/2026/300,2026-03-28 02:09:25,INVESTMENT_SCAM,Tamil Nadu,Synthetic_District_44,33.445335,76.692325,599034.84,10,4.6,2,5,0.937,2026-04-20 02:09:25
CASE_00259,FIR/2025/622,2025-09-16 19:22:25,UPI_FRAUD,Andhra Pradesh,Synthetic_District_9,32.72265,69.809906,30613.39,18,4.84,19,1,0.001,2025-10-04 19:22:25
CASE_00260,FIR/2025/340,2025-10-01 20:40:25,CARD_FRAUD,Andhra Pradesh,Synthetic_District_45,25.114752,86.131215,173270.25,13,2.09,20,2,0.435,2025-10-08 20:40:25
CASE_00261,FIR/2026/493,2026-08-08 22:15:25,PHISHING,Telangana,Synthetic_District_27,12.473751,96.926225,38457.14,5,0.76,22,5,0.072,2026-08-09 22:15:25
CASE_00262,FIR/2025/239,2025-02-24 16:41:25,NET_BANKING_FRAUD,Maharashtra,Synthetic_District_9,26.625044,80.059809,131927.41,15,4.48,16,0,0.695,2025-03-26 16:41:25
CASE_00263,FIR/2025/665,2025-12-09 11:56:25,NET_BANKING_FRAUD,Gujarat,Synthetic_District_25,18.30391,73.38794,102373.57,20,0.14,11,1,0.498,2026-01-02 11:56:25
CASE_00264,FIR/2025/659,2025-05-30 15:17:25,CARD_FRAUD,Uttar Pradesh,Synthetic_District_24,8.970394,69.098086,82756.72,16,3.55,15,4,0.113,2025-06-15 15:17:25
CASE_00265,FIR/2026/979,2026-09-06 18:54:25,IMPERSONATION,Kerala,Synthetic_District_30,22.991537,83.177347,146527.34,20,0.53,18,6,0.472,2026-09-30 18:54:25
CASE_00266,FIR/2026/917,2026-08-10 13:49:25,IMPERSONATION,Uttar Pradesh,Synthetic_District_20,25.778134,94.203973,127103.85,18,3.91,13,0,0.469,2026-08-27 13:49:25
CASE_00267,FIR/2026/917,2026-01-23 11:31:25,CARD_FRAUD,Kerala,Synthetic_District_19,12.857737,88.156484,84782.21,20,3.77,11,4,0.727,2026-02-11 11:31:25
CASE_00268,FIR/2025/686,2025-06-22 18:25:25,NET_BANKING_FRAUD,Karnataka,Synthetic_District_43,36.72058,91.457978,116050.08,20,0.23,18,6,0.485,2025-06-27 18:25:25
CASE_00269,FIR/2026/235,2026-02-28 19:39:25,OTHER,Uttar Pradesh,Synthetic_District_18,15.981296,75.451716,56291.91,4,3.06,19,5,0.91,2026-03-24 19:39:25
CASE_00270,FIR/2025/367,2025-03-03 14:13:25,CARD_FRAUD,Tamil Nadu,Synthetic_District_32,13.243467,83.294277,161760.3,2,1.78,14,0,0.084,2025-03-08 14:13:25
CASE_00271,FIR/2026/522,2026-05-31 21:38:25,NET_BANKING_FRAUD,Andhra Pradesh,Synthetic_District_16,27.159351,89.053974,150799.5,6,1.13,21,6,0.734,2026-06-12 21:38:25
CASE_00272,FIR/2024/153,2024-11-24 13:01:25,OTHER,Delhi,Synthetic_District_30,19.563599,76.739647,164086.67,18,1.24,13,6,0.684,2024-12-07 13:01:25
CASE_00273,FIR/2026/112,2026-01-28 00:54:25,INVESTMENT_SCAM,Kerala,Synthetic_District_29,19.078119,77.15497,876763.85,17,3.45,0,2,0.041,2026-02-27 00:54:25
CASE_00274,FIR/2026/767,2026-03-28 13:07:25,OTHER,Kerala,Synthetic_District_22,15.839457,91.267174,86925.39,9,3.31,13,5,0.391,2026-04-22 13:07:25
CASE_00275,FIR/2026/888,2026-08-22 16:00:25,IMPERSONATION,Tamil Nadu,Synthetic_District_34,17.784791,88.018072,134706.08,6,1.64,16,5,0.011,2026-08-23 16:00:25
CASE_00276,FIR/2024/801,2024-12-07 17:11:25,UPI_FRAUD,Gujarat,Synthetic_District_23,14.363073,76.215614,26310.69,7,0.27,17,5,0.619,2024-12-09 17:11:25
CASE_00277,FIR/2026/713,2026-05-31 14:42:25,OTHER,Maharashtra,Synthetic_District_46,35.776065,70.505205,44148.12,20,0.74,14,6,0.656,2026-06-29 14:42:25
CASE_00278,FIR/2026/812,2026-07-25 11:36:25,PHISHING,Delhi,Synthetic_District_17,16.54249,87.153858,179304.32,3,3.23,11,5,0.923,2026-08-03 11:36:25
CASE_00279,FIR/2025/431,2025-12-11 15:42:25,IMPERSONATION,Kerala,Synthetic_District_11,30.641208,76.041337,154206.22,2,1.98,15,3,0.333,2025-12-13 15:42:25
CASE_00280,FIR/2025/305,2025-06-21 00:56:25,NET_BANKING_FRAUD,Uttar Pradesh,Synthetic_District_26,13.174823,82.269662,14810.3,5,2.75,0,5,0.431,2025-07-11 00:56:25
CASE_00281,FIR/2026/205,2026-07-19 20:43:25,NET_BANKING_FRAUD,Karnataka,Synthetic_District_5,10.041957,89.098809,143364.66,15,0.19,20,6,0.498,2026-08-09 20:43:25
CASE_00282,FIR/2026/372,2026-07-16 17:44:25,UPI_FRAUD,Delhi,Synthetic_District_45,17.565095,79.348581,33263.83,1,2.63,17,3,0.94,2026-08-01 17:44:25
CASE_00283,FIR/2026/931,2026-02-01 06:10:25,OTHER,Maharashtra,Synthetic_District_35,14.549558,79.148292,145825.72,16,0.69,6,6,0.535,2026-02-13 06:10:25
CASE_00284,FIR/2025/762,2025-09-06 14:04:25,NET_BANKING_FRAUD,Maharashtra,Synthetic_District_24,23.504163,95.86684,11983.74,3,4.22,14,5,0.76,2025-09-16 14:04:25
CASE_00285,FIR/2026/493,2026-07-24 22:56:25,INVESTMENT_SCAM,Tamil Nadu,Synthetic_District_20,28.180586,93.99736,87364.62,12,2.48,22,4,0.885,2026-08-08 22:56:25
CASE_00286,FIR/2025/707,2025-04-11 20:47:25,PHISHING,Tamil Nadu,Synthetic_District_32,19.274258,90.989436,6047.56,10,2.55,20,4,0.965,2025-05-07 20:47:25
CASE_00287,FIR/2026/906,2026-01-02 16:47:25,CARD_FRAUD,Karnataka,Synthetic_District_26,11.427426,91.406007,12154.84,17,2.35,16,4,0.678,2026-01-30 16:47:25
CASE_00288,FIR/2026/173,2026-04-01 21:32:25,INVESTMENT_SCAM,Karnataka,Synthetic_District_48,12.106124,86.961114,271336.38,16,4.55,21,2,0.618,2026-04-09 21:32:25
CASE_00289,FIR/2026/151,2026-09-18 12:53:25,UPI_FRAUD,Kerala,Synthetic_District_7,21.229353,72.949992,8695.23,19,0.41,12,4,0.817,2026-09-22 12:53:25
CASE_00290,FIR/2026/923,2026-02-21 12:36:25,INVESTMENT_SCAM,Tamil Nadu,Synthetic_District_28,17.78295,92.240982,259543.9,13,1.69,12,5,0.976,2026-03-12 12:36:25
CASE_00291,FIR/2026/318,2026-04-10 21:05:25,OTHER,Karnataka,Synthetic_District_38,13.029982,69.833435,192973.79,9,0.79,21,4,0.415,2026-05-03 21:05:25
CASE_00292,FIR/2025/695,2025-10-13 09:55:25,NET_BANKING_FRAUD,Karnataka,Synthetic_District_9,10.899068,92.573635,49485.28,20,1.94,9,0,0.158,2025-11-11 09:55:25
CASE_00293,FIR/2026/191,2026-02-09 18:45:25,UPI_FRAUD,Uttar Pradesh,Synthetic_District_19,20.070445,91.414942,9052.7,16,3.49,18,0,0.206,2026-03-02 18:45:25
CASE_00294,FIR/2025/278,2025-07-04 09:13:25,NET_BANKING_FRAUD,Uttar Pradesh,Synthetic_District_45,9.091015,73.220014,48611.5,16,3.1,9,4,0.088,2025-07-31 09:13:25
CASE_00295,FIR/2025/296,2025-08-04 04:11:25,UPI_FRAUD,Maharashtra,Synthetic_District_34,36.326953,85.948707,27929.75,18,2.59,4,0,0.464,2025-08-25 04:11:25
CASE_00296,FIR/2026/915,2026-08-05 23:02:25,UPI_FRAUD,Delhi,Synthetic_District_44,32.469669,94.433047,9766.58,16,0.96,23,2,0.67,2026-08-07 23:02:25
CASE_00297,FIR/2024/357,2024-11-24 13:08:25,CARD_FRAUD,Telangana,Synthetic_District_40,31.349457,89.993833,42708.36,2,0.61,13,6,0.052,2024-12-12 13:08:25
CASE_00298,FIR/2025/218,2025-03-28 22:35:25,UPI_FRAUD,Maharashtra,Synthetic_District_16,28.920689,85.188493,24304.56,11,2.15,22,4,0.747,2025-04-26 22:35:25
CASE_00299,FIR/2025/200,2025-08-29 00:34:25,UPI_FRAUD,Tamil Nadu,Synthetic_District_48,19.965268,73.798719,16374.0,8,0.46,0,4,0.585,2025-08-31 00:34:25
CASE_00300,FIR/2025/496,2025-12-19 20:58:25,INVESTMENT_SCAM,Telangana,Synthetic_District_9,21.274466,73.630493,482241.33,12,4.88,20,4,0.202,2025-12-24 20:58:25
CASE_00301,FIR/2024/213,2024-11-01 15:21:25,UPI_FRAUD,Gujarat,Synthetic_District_30,20.128491,90.049848,14102.15,8,4.44,15,4,0.604,2024-11-27 15:21:25
CASE_00302,FIR/2026/666,2026-07-15 12:42:25,PHISHING,Tamil Nadu,Synthetic_District_6,19.939188,83.131295,116046.17,7,3.0,12,2,0.837,2026-07-24 12:42:25
CASE_00303,FIR/2024/353,2024-10-14 16:12:25,IMPERSONATION,Telangana,Synthetic_District_28,24.804544,93.862856,174647.1,19,4.74,16,0,0.914,2024-11-12 16:12:25
CASE_00304,FIR/2024/851,2024-10-05 05:47:25,UPI_FRAUD,West Bengal,Synthetic_District_3,20.345232,79.435285,49564.55,4,2.32,5,5,0.241,2024-10-23 05:47:25
CASE_00305,FIR/2024/235,2024-10-12 15:31:25,NET_BANKING_FRAUD,Telangana,Synthetic_District_19,14.932809,96.969598,190036.85,1,2.45,15,5,0.305,2024-11-04 15:31:25
CASE_00306,FIR/2026/565,2026-01-13 11:32:25,INVESTMENT_SCAM,Gujarat,Synthetic_District_50,12.020094,88.390912,73192.8,6,3.97,11,1,0.37,2026-01-28 11:32:25
CASE_00307,FIR/2026/494,2026-09-20 12:45:25,OTHER,Telangana,Synthetic_District_34,8.948711,80.351165,125833.7,9,3.52,12,6,0.613,2026-10-09 12:45:25
CASE_00308,FIR/2025/853,2025-04-30 13:50:25,INVESTMENT_SCAM,Karnataka,Synthetic_District_33,35.414345,87.564936,886804.89,2,0.64,13,2,0.366,2025-05-20 13:50:25
CASE_00309,FIR/2024/821,2024-11-10 04:08:25,PHISHING,Maharashtra,Synthetic_District_36,28.570777,73.936665,129986.36,11,1.27,4,6,0.114,2024-11-26 04:08:25
CASE_00310,FIR/2026/330,2026-05-17 14:58:25,OTHER,Telangana,Synthetic_District_23,34.040058,82.603413,149258.33,14,1.46,14,6,0.063,2026-05-29 14:58:25
CASE_00311,FIR/2026/581,2026-01-06 08:17:25,INVESTMENT_SCAM,West Bengal,Synthetic_District_44,31.935992,94.084085,838081.83,15,3.14,8,1,0.8,2026-01-29 08:17:25
CASE_00312,FIR/2024/500,2024-12-05 23:42:25,NET_BANKING_FRAUD,Delhi,Synthetic_District_19,35.789439,70.231472,18374.44,6,1.45,23,3,0.697,2024-12-21 23:42:25
CASE_00313,FIR/2025/526,2025-03-02 23:18:25,IMPERSONATION,West Bengal,Synthetic_District_9,21.743243,80.183769,5515.36,1,1.53,23,6,0.063,2025-03-30 23:18:25
CASE_00314,FIR/2025/451,2025-05-25 09:26:25,CARD_FRAUD,Telangana,Synthetic_District_32,25.20736,88.209044,82926.65,18,2.28,9,6,0.304,2025-05-30 09:26:25
CASE_00315,FIR/2025/480,2025-08-08 22:35:25,CARD_FRAUD,Kerala,Synthetic_District_50,32.519898,72.301812,46129.61,10,2.33,22,4,0.166,2025-09-07 22:35:25
CASE_00316,FIR/2025/279,2025-03-13 15:19:25,CARD_FRAUD,Delhi,Synthetic_District_11,14.899254,69.193392,37273.82,11,2.92,15,3,0.441,2025-03-25 15:19:25
CASE_00317,FIR/2025/424,2025-04-05 23:20:25,IMPERSONATION,Telangana,Synthetic_District_10,18.814533,83.656131,7903.13,6,2.71,23,5,0.121,2025-04-06 23:20:25
CASE_00318,FIR/2025/427,2025-11-18 08:34:25,PHISHING,Delhi,Synthetic_District_1,36.134355,83.838222,189610.02,17,1.72,8,1,0.705,2025-12-04 08:34:25
CASE_00319,FIR/2025/846,2025-07-23 11:27:25,PHISHING,Gujarat,Synthetic_District_22,27.985262,89.217575,160115.66,2,0.78,11,2,0.551,2025-08-02 11:27:25
CASE_00320,FIR/2024/465,2024-10-25 05:24:25,OTHER,Maharashtra,Synthetic_District_21,9.595975,86.598067,44852.59,19,2.68,5,4,0.781,2024-11-19 05:24:25
CASE_00321,FIR/2025/556,2025-07-10 22:46:25,UPI_FRAUD,Maharashtra,Synthetic_District_33,19.438285,82.223495,26966.77,20,3.06,22,3,0.943,2025-08-09 22:46:25
CASE_00322,FIR/2026/537,2026-08-13 04:10:25,PHISHING,Telangana,Synthetic_District_25,18.812103,76.254861,143476.79,12,1.61,4,3,0.446,2026-08-31 04:10:25
CASE_00323,FIR/2024/525,2024-12-27 23:31:25,NET_BANKING_FRAUD,Gujarat,Synthetic_District_19,12.74992,89.112019,148564.01,14,3.67,23,4,0.414,2025-01-23 23:31:25
CASE_00324,FIR/2026/586,2026-05-24 11:50:25,PHISHING,West Bengal,Synthetic_District_22,9.917358,95.842764,42348.97,13,0.53,11,6,0.409,2026-06-23 11:50:25
CASE_00325,FIR/2025/681,2025-07-06 05:56:25,INVESTMENT_SCAM,Delhi,Synthetic_District_13,13.394186,79.071316,489013.97,18,2.5,5,6,0.823,2025-07-16 05:56:25
CASE_00326,FIR/2026/329,2026-05-22 02:16:25,INVESTMENT_SCAM,Karnataka,Synthetic_District_1,12.466695,76.704913,752863.22,16,0.71,2,4,0.666,2026-06-01 02:16:25
CASE_00327,FIR/2025/129,2025-11-30 22:16:25,IMPERSONATION,Maharashtra,Synthetic_District_49,16.039294,96.835656,129312.38,3,3.03,22,6,0.362,2025-12-16 22:16:25
CASE_00328,FIR/2026/587,2026-05-02 06:40:25,CARD_FRAUD,Maharashtra,Synthetic_District_24,22.86325,84.682647,125971.21,9,0.9,6,5,0.059,2026-05-13 06:40:25
CASE_00329,FIR/2026/379,2026-01-15 14:53:25,CARD_FRAUD,Telangana,Synthetic_District_27,26.451167,95.699534,33498.46,2,1.52,14,3,0.53,2026-02-14 14:53:25
CASE_00330,FIR/2024/883,2024-12-17 08:57:25,OTHER,Maharashtra,Synthetic_District_39,29.826227,83.767658,125977.96,11,4.15,8,1,0.685,2024-12-27 08:57:25
CASE_00331,FIR/2025/647,2025-07-04 14:29:25,IMPERSONATION,Uttar Pradesh,Synthetic_District_23,31.87613,68.374032,73142.01,17,1.48,14,4,0.779,2025-07-18 14:29:25
CASE_00332,FIR/2025/326,2025-09-12 21:51:25,PHISHING,Tamil Nadu,Synthetic_District_36,25.789422,92.111069,31756.43,17,4.25,21,4,0.713,2025-10-05 21:51:25
CASE_00333,FIR/2025/234,2025-01-24 06:14:25,UPI_FRAUD,Karnataka,Synthetic_District_31,18.098087,88.04047,5916.63,5,4.1,6,4,0.89,2025-02-13 06:14:25
CASE_00334,FIR/2026/862,2026-03-19 02:56:25,IMPERSONATION,Maharashtra,Synthetic_District_15,11.73272,88.133083,61632.17,8,1.61,2,3,0.21,2026-03-22 02:56:25
CASE_00335,FIR/2025/119,2025-12-09 15:33:25,OTHER,Gujarat,Synthetic_District_49,20.506177,73.694179,23232.72,2,3.99,15,1,0.513,2025-12-11 15:33:25
CASE_00336,FIR/2026/408,2026-01-22 20:43:25,CARD_FRAUD,Karnataka,Synthetic_District_49,10.798604,71.590013,9613.02,20,1.11,20,3,0.901,2026-01-28 20:43:25
CASE_00337,FIR/2026/864,2026-08-17 03:46:25,UPI_FRAUD,Kerala,Synthetic_District_38,18.08726,72.656163,7363.29,17,3.93,3,0,0.613,2026-09-03 03:46:25
CASE_00338,FIR/2026/114,2026-05-05 18:51:25,OTHER,West Bengal,Synthetic_District_14,28.758537,95.96365,116048.6,6,4.52,18,1,0.537,2026-05-29 18:51:25
CASE_00339,FIR/2025/586,2025-01-08 23:43:25,INVESTMENT_SCAM,Telangana,Synthetic_District_45,25.092037,80.750309,858731.97,4,0.99,23,2,0.355,2025-01-21 23:43:25
CASE_00340,FIR/2025/879,2025-12-07 23:17:25,PHISHING,Telangana,Synthetic_District_8,21.511149,83.0721,82108.02,16,3.84,23,6,0.705,2025-12-25 23:17:25
CASE_00341,FIR/2024/390,2024-11-09 19:05:25,NET_BANKING_FRAUD,Gujarat,Synthetic_District_39,29.349058,87.92435,24028.8,15,1.21,19,5,0.407,2024-12-07 19:05:25
CASE_00342,FIR/2025/921,2025-12-11 23:39:25,UPI_FRAUD,Gujarat,Synthetic_District_44,18.6558,68.370789,44748.26,16,3.39,23,3,0.396,2025-12-28 23:39:25
CASE_00343,FIR/2026/510,2026-08-05 13:50:25,UPI_FRAUD,Uttar Pradesh,Synthetic_District_7,29.501533,93.880401,7254.04,6,0.42,13,2,0.975,2026-08-16 13:50:25
CASE_00344,FIR/2025/958,2025-04-23 12:39:25,NET_BANKING_FRAUD,Andhra Pradesh,Synthetic_District_47,22.474193,90.179693,25429.67,19,3.01,12,2,0.756,2025-05-19 12:39:25
CASE_00345,FIR/2026/514,2026-07-21 05:07:25,NET_BANKING_FRAUD,Gujarat,Synthetic_District_33,16.087828,90.271987,133668.73,4,0.7,5,1,0.489,2026-07-29 05:07:25
CASE_00346,FIR/2026/950,2026-07-04 20:46:25,UPI_FRAUD,Maharashtra,Synthetic_District_32,27.665116,96.190104,36916.14,13,3.06,20,5,0.327,2026-07-14 20:46:25
CASE_00347,FIR/2026/869,2026-06-28 11:51:25,OTHER,West Bengal,Synthetic_District_50,22.273438,81.514633,16226.93,10,3.34,11,6,0.49,2026-07-07 11:51:25
CASE_00348,FIR/2026/118,2026-04-08 03:36:25,OTHER,Karnataka,Synthetic_District_28,33.523644,71.454889,108565.27,15,1.64,3,2,0.376,2026-04-23 03:36:25
CASE_00349,FIR/2024/898,2024-11-04 17:56:25,INVESTMENT_SCAM,Kerala,Synthetic_District_46,12.760183,80.489752,676440.48,10,3.61,17,0,0.487,2024-11-08 17:56:25
CASE_00350,FIR/2026/652,2026-05-05 14:16:25,IMPERSONATION,Uttar Pradesh,Synthetic_District_31,21.801421,92.776193,111203.0,17,0.37,14,1,0.263,2026-05-24 14:16:25
CASE_00351,FIR/2025/391,2025-10-21 12:28:25,CARD_FRAUD,Telangana,Synthetic_District_4,8.816263,69.308435,153527.68,12,1.81,12,1,0.742,2025-10-22 12:28:25
CASE_00352,FIR/2026/465,2026-07-02 03:09:25,UPI_FRAUD,Andhra Pradesh,Synthetic_District_23,9.637028,75.082638,21464.59,8,3.28,3,3,0.593,2026-08-01 03:09:25
CASE_00353,FIR/2026/273,2026-09-03 19:40:25,CARD_FRAUD,Karnataka,Synthetic_District_35,17.457388,81.366372,23779.79,14,2.88,19,3,0.901,2026-09-12 19:40:25
CASE_00354,FIR/2024/424,2024-10-20 15:15:25,INVESTMENT_SCAM,Andhra Pradesh,Synthetic_District_37,19.318723,84.603621,71124.63,16,0.59,15,6,0.675,2024-10-31 15:15:25
CASE_00355,FIR/2026/270,2026-02-20 09:36:25,OTHER,Uttar Pradesh,Synthetic_District_20,18.536695,80.643743,133810.12,16,3.21,9,4,0.974,2026-02-23 09:36:25
CASE_00356,FIR/2026/687,2026-03-31 23:03:25,CARD_FRAUD,Andhra Pradesh,Synthetic_District_15,26.112596,95.780291,10458.74,19,0.56,23,1,0.337,2026-04-03 23:03:25
CASE_00357,FIR/2026/914,2026-05-03 09:15:25,NET_BANKING_FRAUD,Maharashtra,Synthetic_District_42,31.88843,82.634547,42738.09,10,2.22,9,6,0.54,2026-05-10 09:15:25
CASE_00358,FIR/2025/787,2025-11-28 05:01:25,INVESTMENT_SCAM,West Bengal,Synthetic_District_12,33.546,86.207474,539600.77,17,4.33,5,4,0.577,2025-12-05 05:01:25
CASE_00359,FIR/2026/645,2026-08-07 16:14:25,CARD_FRAUD,Uttar Pradesh,Synthetic_District_50,34.298239,95.104442,187495.42,2,2.66,16,4,0.364,2026-08-12 16:14:25
CASE_00360,FIR/2025/964,2025-06-02 21:32:25,IMPERSONATION,Andhra Pradesh,Synthetic_District_27,17.240942,92.076217,153340.49,3,3.21,21,0,0.846,2025-06-11 21:32:25
CASE_00361,FIR/2025/341,2025-07-20 12:55:25,CARD_FRAUD,Andhra Pradesh,Synthetic_District_16,11.293199,73.565564,137684.13,8,4.01,12,6,0.311,2025-08-05 12:55:25
CASE_00362,FIR/2026/306,2026-04-26 06:12:25,IMPERSONATION,Delhi,Synthetic_District_18,11.956488,75.493509,181225.47,9,3.33,6,6,0.176,2026-05-24 06:12:25
CASE_00363,FIR/2024/980,2024-11-12 16:16:25,OTHER,Maharashtra,Synthetic_District_21,25.446392,93.147982,4961.84,14,4.49,16,1,0.672,2024-12-11 16:16:25
CASE_00364,FIR/2024/341,2024-12-31 05:38:25,IMPERSONATION,Maharashtra,Synthetic_District_37,29.299932,95.055128,168707.3,17,3.35,5,1,0.58,2025-01-25 05:38:25
CASE_00365,FIR/2026/225,2026-03-21 01:16:25,UPI_FRAUD,Telangana,Synthetic_District_22,32.137691,89.379854,11980.04,8,4.68,1,5,0.218,2026-03-25 01:16:25
CASE_00366,FIR/2025/983,2025-03-27 23:02:25,NET_BANKING_FRAUD,Uttar Pradesh,Synthetic_District_4,22.220399,78.866445,82266.74,4,1.65,23,3,0.424,2025-04-18 23:02:25
CASE_00367,FIR/2025/471,2025-06-09 01:41:25,OTHER,Gujarat,Synthetic_District_46,18.664439,76.936971,187457.49,20,0.27,1,0,0.739,2025-07-05 01:41:25
CASE_00368,FIR/2024/359,2024-11-24 15:43:25,OTHER,West Bengal,Synthetic_District_25,16.968787,95.796025,134648.12,12,4.53,15,6,0.685,2024-12-12 15:43:25
CASE_00369,FIR/2025/502,2025-05-30 07:09:25,UPI_FRAUD,Kerala,Synthetic_District_20,10.61726,91.858524,45498.48,8,1.56,7,4,0.859,2025-06-05 07:09:25
CASE_00370,FIR/2025/516,2025-12-23 13:05:25,OTHER,Karnataka,Synthetic_District_18,33.126893,91.872736,153581.44,16,2.41,13,1,0.413,2026-01-19 13:05:25
CASE_00371,FIR/2025/264,2025-09-05 15:12:25,OTHER,Kerala,Synthetic_District_33,9.92465,80.205245,20978.72,18,3.72,15,4,0.453,2025-09-06 15:12:25
CASE_00372,FIR/2024/910,2024-11-22 13:26:25,PHISHING,Delhi,Synthetic_District_1,19.619194,86.220592,126401.11,11,2.92,13,4,0.111,2024-11-30 13:26:25
CASE_00373,FIR/2026/233,2026-03-12 15:34:25,OTHER,Uttar Pradesh,Synthetic_District_44,19.89917,95.243128,130186.93,15,2.44,15,3,0.735,2026-03-21 15:34:25
CASE_00374,FIR/2025/388,2025-03-26 14:22:25,OTHER,Tamil Nadu,Synthetic_District_6,20.020396,73.274788,66188.51,13,4.73,14,2,0.884,2025-04-03 14:22:25
CASE_00375,FIR/2024/741,2024-10-20 17:44:25,INVESTMENT_SCAM,Tamil Nadu,Synthetic_District_6,36.2497,73.74972,664751.35,6,0.34,17,6,0.618,2024-11-09 17:44:25
CASE_00376,FIR/2025/680,2025-06-22 20:50:25,CARD_FRAUD,Maharashtra,Synthetic_District_1,28.838919,80.619603,34854.45,15,4.15,20,6,0.494,2025-06-30 20:50:25
CASE_00377,FIR/2026/372,2026-09-29 22:57:25,OTHER,Kerala,Synthetic_District_48,22.330877,71.775781,162869.07,7,3.04,22,1,0.995,2026-10-09 22:57:25
CASE_00378,FIR/2026/249,2026-08-23 23:11:25,PHISHING,Karnataka,Synthetic_District_19,36.307717,74.829083,82296.3,15,4.55,23,6,0.37,2026-09-14 23:11:25
CASE_00379,FIR/2026/992,2026-07-24 06:50:25,UPI_FRAUD,Telangana,Synthetic_District_45,19.529087,74.154312,23497.19,13,3.57,6,4,0.736,2026-08-02 06:50:25
CASE_00380,FIR/2024/340,2024-12-12 20:20:25,UPI_FRAUD,Gujarat,Synthetic_District_23,36.905444,95.240336,2700.42,20,3.58,20,3,0.81,2024-12-13 20:20:25
CASE_00381,FIR/2025/504,2025-06-16 09:24:25,NET_BANKING_FRAUD,Telangana,Synthetic_District_9,36.073677,84.227251,61198.96,19,0.98,9,0,0.17,2025-07-02 09:24:25
CASE_00382,FIR/2025/643,2025-09-12 06:53:25,UPI_FRAUD,Andhra Pradesh,Synthetic_District_10,15.551774,77.084819,15934.14,5,2.55,6,4,0.973,2025-09-21 06:53:25
CASE_00383,FIR/2025/879,2025-10-04 06:03:25,CARD_FRAUD,Kerala,Synthetic_District_34,17.077299,93.887482,122973.38,11,3.71,6,5,0.491,2025-10-09 06:03:25
CASE_00384,FIR/2026/293,2026-04-22 14:25:25,OTHER,Delhi,Synthetic_District_4,14.665956,69.040005,88557.93,9,0.9,14,2,0.467,2026-04-26 14:25:25
CASE_00385,FIR/2026/674,2026-02-17 18:13:25,CARD_FRAUD,Gujarat,Synthetic_District_30,22.296668,92.529312,197774.9,5,0.71,18,1,0.094,2026-03-17 18:13:25
CASE_00386,FIR/2025/942,2025-07-16 22:38:25,PHISHING,Kerala,Synthetic_District_37,33.835941,84.984645,150237.39,19,4.99,22,2,0.004,2025-08-10 22:38:25
CASE_00387,FIR/2026/610,2026-05-06 22:11:25,UPI_FRAUD,Maharashtra,Synthetic_District_22,8.752903,87.758058,12383.26,4,2.03,22,2,0.59,2026-05-10 22:11:25
CASE_00388,FIR/2025/824,2025-08-26 20:46:25,UPI_FRAUD,Gujarat,Synthetic_District_30,26.222345,75.810235,23065.64,1,1.71,20,1,0.044,2025-09-15 20:46:25
CASE_00389,FIR/2026/916,2026-01-06 03:31:25,IMPERSONATION,Uttar Pradesh,Synthetic_District_9,14.129639,69.411785,181468.79,10,1.68,3,1,0.056,2026-01-09 03:31:25
CASE_00390,FIR/2026/282,2026-04-13 12:09:25,UPI_FRAUD,Tamil Nadu,Synthetic_District_50,33.09995,70.586461,20003.04,7,0.9,12,0,0.779,2026-04-23 12:09:25
CASE_00391,FIR/2026/920,2026-07-24 12:54:25,UPI_FRAUD,Andhra Pradesh,Synthetic_District_48,31.384243,76.992938,14997.48,20,0.74,12,4,0.666,2026-08-20 12:54:25
CASE_00392,FIR/2025/497,2025-10-11 08:57:25,NET_BANKING_FRAUD,Gujarat,Synthetic_District_18,24.328655,80.269047,89643.04,14,4.07,8,5,0.614,2025-10-25 08:57:25
CASE_00393,FIR/2026/574,2026-07-07 05:50:25,UPI_FRAUD,Tamil Nadu,Synthetic_District_42,27.90086,72.497021,25715.74,16,2.68,5,1,0.647,2026-07-10 05:50:25
CASE_00394,FIR/2025/589,2025-07-24 07:12:25,UPI_FRAUD,Kerala,Synthetic_District_10,36.541401,87.845104,45369.66,10,4.22,7,3,0.523,2025-08-03 07:12:25
CASE_00395,FIR/2026/625,2026-05-04 18:20:25,UPI_FRAUD,Maharashtra,Synthetic_District_33,20.322492,70.740047,45873.37,19,4.08,18,0,0.355,2026-05-23 18:20:25
CASE_00396,FIR/2024/573,2024-12-22 08:46:25,UPI_FRAUD,Delhi,Synthetic_District_12,32.444385,69.312503,37051.76,14,4.4,8,6,0.298,2025-01-10 08:46:25
CASE_00397,FIR/2026/449,2026-01-08 14:13:25,INVESTMENT_SCAM,Delhi,Synthetic_District_14,13.367534,89.66385,817442.37,20,1.37,14,3,0.673,2026-01-22 14:13:25
CASE_00398,FIR/2026/275,2026-03-30 16:45:25,NET_BANKING_FRAUD,Gujarat,Synthetic_District_30,28.062381,93.194635,24218.97,20,3.66,16,0,0.303,2026-04-26 16:45:25
CASE_00399,FIR/2026/791,2026-06-23 04:29:25,IMPERSONATION,Andhra Pradesh,Synthetic_District_20,10.541419,71.918304,192665.18,7,0.65,4,1,0.016,2026-06-30 04:29:25
CASE_00400,FIR/2024/347,2024-10-26 23:15:25,IMPERSONATION,Andhra Pradesh,Synthetic_District_41,32.887491,83.618894,29885.68,3,1.57,23,5,0.463,2024-11-11 23:15:25
CASE_00401,FIR/2025/856,2025-12-05 16:52:25,PHISHING,Gujarat,Synthetic_District_32,21.673187,92.934097,180580.65,19,1.29,16,4,0.295,2026-01-01 16:52:25
CASE_00402,FIR/2025/967,2025-11-04 18:06:25,UPI_FRAUD,Andhra Pradesh,Synthetic_District_27,32.609872,89.375271,5222.91,20,3.68,18,1,0.999,2025-11-06 18:06:25
CASE_00403,FIR/2026/726,2026-02-11 05:16:25,INVESTMENT_SCAM,Gujarat,Synthetic_District_15,28.71442,83.320955,611487.31,14,2.92,5,2,0.553,2026-02-20 05:16:25
CASE_00404,FIR/2026/737,2026-07-25 06:41:25,NET_BANKING_FRAUD,Telangana,Synthetic_District_29,28.227919,68.603401,24271.21,10,3.66,6,5,0.469,2026-08-09 06:41:25
CASE_00405,FIR/2025/447,2025-05-25 08:59:25,INVESTMENT_SCAM,Uttar Pradesh,Synthetic_District_46,27.051786,71.803598,913616.65,10,3.64,8,6,0.39,2025-06-08 08:59:25
CASE_00406,FIR/2026/918,2026-08-20 13:32:25,CARD_FRAUD,Delhi,Synthetic_District_40,14.009049,88.030229,159398.56,3,3.37,13,3,0.129,2026-08-27 13:32:25
CASE_00407,FIR/2025/605,2025-03-09 12:16:25,UPI_FRAUD,Kerala,Synthetic_District_16,14.073555,69.364431,39694.77,1,1.86,12,6,0.261,2025-03-31 12:16:25
CASE_00408,FIR/2025/132,2025-03-10 22:37:25,OTHER,Maharashtra,Synthetic_District_22,20.487993,85.909325,178997.04,4,2.85,22,0,0.486,2025-03-21 22:37:25
CASE_00409,FIR/2025/254,2025-09-27 18:34:25,INVESTMENT_SCAM,West Bengal,Synthetic_District_39,27.415091,88.485743,304116.67,15,4.02,18,5,0.963,2025-10-22 18:34:25
CASE_00410,FIR/2025/978,2025-01-20 20:35:25,INVESTMENT_SCAM,Maharashtra,Synthetic_District_36,9.217114,71.056921,629173.06,4,4.37,20,0,0.911,2025-01-26 20:35:25
CASE_00411,FIR/2025/850,2025-07-26 15:13:25,OTHER,Maharashtra,Synthetic_District_10,26.765696,77.703618,101673.43,5,0.7,15,5,0.202,2025-08-09 15:13:25
CASE_00412,FIR/2024/393,2024-10-06 00:38:25,OTHER,West Bengal,Synthetic_District_11,10.471782,78.800654,95259.0,14,1.87,0,6,0.665,2024-10-11 00:38:25
CASE_00413,FIR/2026/539,2026-03-26 06:35:25,PHISHING,Andhra Pradesh,Synthetic_District_27,34.043892,95.603376,28460.87,17,3.99,6,3,0.362,2026-03-27 06:35:25
CASE_00414,FIR/2025/629,2025-12-26 21:34:25,UPI_FRAUD,Maharashtra,Synthetic_District_6,17.810805,79.647875,35909.52,6,2.23,21,4,0.393,2025-12-28 21:34:25
CASE_00415,FIR/2026/746,2026-08-07 12:54:25,INVESTMENT_SCAM,West Bengal,Synthetic_District_19,20.159854,93.687703,104919.34,18,4.38,12,4,0.722,2026-08-18 12:54:25
CASE_00416,FIR/2025/725,2025-09-16 17:37:25,CARD_FRAUD,Delhi,Synthetic_District_45,19.714204,86.672501,180141.5,18,3.16,17,1,0.618,2025-10-01 17:37:25
CASE_00417,FIR/2026/514,2026-09-14 04:41:25,OTHER,Tamil Nadu,Synthetic_District_20,10.444147,83.585571,156531.06,13,3.65,4,0,0.74,2026-09-19 04:41:25
CASE_00418,FIR/2026/665,2026-03-16 10:03:25,PHISHING,Kerala,Synthetic_District_34,17.880558,86.43488,19471.09,1,0.24,10,0,0.797,2026-04-04 10:03:25
CASE_00419,FIR/2025/532,2025-06-21 00:38:25,OTHER,West Bengal,Synthetic_District_8,29.227599,92.40592,61484.48,9,3.17,0,5,0.354,2025-06-23 00:38:25
CASE_00420,FIR/2026/105,2026-07-27 20:13:25,CARD_FRAUD,Gujarat,Synthetic_District_22,36.505566,91.356239,114914.62,19,2.87,20,0,0.894,2026-08-17 20:13:25
CASE_00421,FIR/2026/406,2026-08-12 10:39:25,INVESTMENT_SCAM,Kerala,Synthetic_District_43,30.758889,88.73078,272146.0,5,3.6,10,2,0.52,2026-08-20 10:39:25
CASE_00422,FIR/2025/897,2025-01-15 03:18:25,INVESTMENT_SCAM,Telangana,Synthetic_District_30,10.841647,88.637572,232927.5,14,0.5,3,2,0.062,2025-02-13 03:18:25
CASE_00423,FIR/2025/793,2025-02-10 07:58:25,NET_BANKING_FRAUD,West Bengal,Synthetic_District_26,25.058944,83.049405,16536.47,13,4.37,7,0,0.584,2025-03-03 07:58:25
CASE_00424,FIR/2025/526,2025-12-07 07:29:25,NET_BANKING_FRAUD,Delhi,Synthetic_District_10,22.667791,82.058168,146611.68,15,0.73,7,6,0.705,2026-01-04 07:29:25
CASE_00425,FIR/2026/133,2026-03-24 20:29:25,PHISHING,Delhi,Synthetic_District_36,18.71063,95.602831,91631.04,20,4.28,20,1,0.11,2026-04-05 20:29:25
CASE_00426,FIR/2026/480,2026-05-08 01:47:25,INVESTMENT_SCAM,Kerala,Synthetic_District_24,16.794542,82.091841,195639.29,5,0.8,1,4,0.59,2026-05-10 01:47:25
CASE_00427,FIR/2025/600,2025-08-08 01:58:25,PHISHING,Karnataka,Synthetic_District_8,23.878582,69.959372,164005.89,2,2.15,1,4,0.573,2025-08-27 01:58:25
CASE_00428,FIR/2026/837,2026-01-06 03:35:25,NET_BANKING_FRAUD,Uttar Pradesh,Synthetic_District_9,30.096586,82.638152,95570.28,15,3.83,3,1,0.667,2026-01-11 03:35:25
CASE_00429,FIR/2025/519,2025-08-28 19:36:25,INVESTMENT_SCAM,Andhra Pradesh,Synthetic_District_15,34.107088,77.830939,681277.2,2,4.79,19,3,0.89,2025-09-21 19:36:25
CASE_00430,FIR/2025/125,2025-07-11 12:50:25,OTHER,Uttar Pradesh,Synthetic_District_41,31.088605,88.514567,33957.34,18,3.26,12,4,0.644,2025-07-14 12:50:25
CASE_00431,FIR/2025/683,2025-04-15 12:19:25,INVESTMENT_SCAM,West Bengal,Synthetic_District_13,29.766199,82.576525,769734.41,1,0.69,12,1,0.936,2025-04-21 12:19:25
CASE_00432,FIR/2024/822,2024-10-19 01:35:25,PHISHING,Uttar Pradesh,Synthetic_District_29,10.45479,83.472772,49812.05,11,2.07,1,5,0.045,2024-11-16 01:35:25
CASE_00433,FIR/2024/980,2024-10-23 03:12:25,PHISHING,West Bengal,Synthetic_District_21,19.078319,70.639727,83572.35,4,2.75,3,2,0.285,2024-10-29 03:12:25
CASE_00434,FIR/2025/794,2025-06-17 18:54:25,CARD_FRAUD,Delhi,Synthetic_District_4,25.819787,77.43343,190480.78,1,3.6,18,1,0.298,2025-06-21 18:54:25
CASE_00435,FIR/2025/947,2025-08-22 21:11:25,CARD_FRAUD,Maharashtra,Synthetic_District_4,13.874224,89.811878,52328.92,19,1.26,21,4,0.509,2025-09-08 21:11:25
CASE_00436,FIR/2025/666,2025-10-28 20:02:25,UPI_FRAUD,Andhra Pradesh,Synthetic_District_5,22.040974,79.81732,15984.99,8,4.58,20,1,0.019,2025-11-15 20:02:25
CASE_00437,FIR/2026/767,2026-05-23 13:51:25,PHISHING,Delhi,Synthetic_District_20,24.479123,80.933485,152832.68,17,1.1,13,5,0.968,2026-06-04 13:51:25
CASE_00438,FIR/2026/533,2026-04-05 22:35:25,PHISHING,West Bengal,Synthetic_District_29,9.21197,91.566668,107969.59,20,1.52,22,6,0.972,2026-04-06 22:35:25
CASE_00439,FIR/2024/796,2024-11-30 08:02:25,INVESTMENT_SCAM,Andhra Pradesh,Synthetic_District_23,32.430722,74.16987,288344.51,17,1.48,8,5,0.161,2024-12-18 08:02:25
CASE_00440,FIR/2026/225,2026-04-28 19:04:25,UPI_FRAUD,Delhi,Synthetic_District_47,24.137893,76.104291,19825.71,14,1.13,19,1,0.505,2026-05-24 19:04:25
CASE_00441,FIR/2025/870,2025-08-21 14:06:25,IMPERSONATION,Gujarat,Synthetic_District_18,15.13192,96.507636,53010.75,11,1.13,14,3,0.959,2025-09-01 14:06:25
CASE_00442,FIR/2024/723,2024-10-16 14:53:25,IMPERSONATION,Gujarat,Synthetic_District_1,34.141905,87.508486,184529.3,14,2.82,14,2,0.696,2024-11-01 14:53:25
CASE_00443,FIR/2025/766,2025-11-06 09:50:25,OTHER,Maharashtra,Synthetic_District_35,8.897478,92.130432,175467.34,15,3.39,9,3,0.353,2025-12-03 09:50:25
CASE_00444,FIR/2025/886,2025-10-20 12:07:25,NET_BANKING_FRAUD,Karnataka,Synthetic_District_8,21.418083,95.151188,36260.14,15,0.15,12,0,0.743,2025-11-14 12:07:25
CASE_00445,FIR/2025/192,2025-07-14 14:43:25,IMPERSONATION,Uttar Pradesh,Synthetic_District_41,16.792177,88.816476,72206.38,8,4.9,14,0,0.967,2025-07-16 14:43:25
CASE_00446,FIR/2025/314,2025-07-14 08:42:25,IMPERSONATION,Karnataka,Synthetic_District_13,36.543643,86.514647,141686.63,4,4.36,8,0,0.569,2025-07-30 08:42:25
CASE_00447,FIR/2025/788,2025-03-23 09:57:25,IMPERSONATION,Uttar Pradesh,Synthetic_District_37,13.090336,85.056773,148024.15,3,0.72,9,6,0.934,2025-04-20 09:57:25
CASE_00448,FIR/2025/968,2025-05-21 09:31:25,OTHER,Karnataka,Synthetic_District_45,27.654299,85.81924,55591.27,18,4.43,9,2,0.002,2025-06-04 09:31:25
CASE_00449,FIR/2026/430,2026-07-18 14:26:25,UPI_FRAUD,Andhra Pradesh,Synthetic_District_27,15.947032,87.725031,42707.6,15,2.53,14,5,0.517,2026-07-20 14:26:25
CASE_00450,FIR/2025/423,2025-05-16 18:02:25,NET_BANKING_FRAUD,Karnataka,Synthetic_District_26,13.643636,70.372458,106949.65,19,4.06,18,4,0.99,2025-05-24 18:02:25
CASE_00451,FIR/2026/437,2026-09-06 05:49:25,PHISHING,Kerala,Synthetic_District_5,26.153846,70.805057,40178.49,16,2.22,5,6,0.024,2026-10-02 05:49:25
CASE_00452,FIR/2026/584,2026-07-03 03:38:25,CARD_FRAUD,Tamil Nadu,Synthetic_District_22,32.143008,91.82738,50183.56,17,3.99,3,4,0.944,2026-07-28 03:38:25
CASE_00453,FIR/2026/557,2026-06-06 12:13:25,OTHER,Uttar Pradesh,Synthetic_District_8,10.480506,69.759921,20038.48,2,1.95,12,5,0.89,2026-06-29 12:13:25
CASE_00454,FIR/2024/408,2024-12-04 20:48:25,OTHER,Uttar Pradesh,Synthetic_District_41,20.523331,70.953,88941.76,2,2.84,20,2,0.295,2024-12-17 20:48:25
CASE_00455,FIR/2025/985,2025-11-14 20:24:25,OTHER,Uttar Pradesh,Synthetic_District_43,26.096237,81.148926,82810.49,15,4.0,20,4,0.88,2025-12-04 20:24:25
CASE_00456,FIR/2025/564,2025-01-11 03:26:25,IMPERSONATION,West Bengal,Synthetic_District_22,25.046587,71.132191,156802.9,1,3.02,3,5,0.068,2025-02-06 03:26:25
CASE_00457,FIR/2025/463,2025-04-16 10:53:25,IMPERSONATION,Andhra Pradesh,Synthetic_District_31,29.014068,80.894105,102270.7,8,0.77,10,2,0.044,2025-04-21 10:53:25
CASE_00458,FIR/2025/872,2025-08-15 11:12:25,INVESTMENT_SCAM,Telangana,Synthetic_District_20,24.926312,83.693167,961754.28,5,0.82,11,4,0.309,2025-08-26 11:12:25
CASE_00459,FIR/2025/794,2025-07-25 03:45:25,INVESTMENT_SCAM,Delhi,Synthetic_District_4,14.884233,91.75633,607117.92,18,4.31,3,4,0.422,2025-08-01 03:45:25
CASE_00460,FIR/2025/449,2025-04-23 13:43:25,PHISHING,Tamil Nadu,Synthetic_District_43,21.796027,88.063389,157267.5,15,3.04,13,2,0.331,2025-05-12 13:43:25
CASE_00461,FIR/2026/266,2026-05-02 03:24:25,CARD_FRAUD,Maharashtra,Synthetic_District_30,33.407059,94.405748,84320.36,16,1.18,3,5,0.004,2026-05-10 03:24:25
CASE_00462,FIR/2026/592,2026-09-09 00:14:25,INVESTMENT_SCAM,Telangana,Synthetic_District_48,18.901442,79.609064,252481.58,1,1.88,0,2,0.074,2026-09-10 00:14:25
CASE_00463,FIR/2026/746,2026-04-20 19:54:25,CARD_FRAUD,Uttar Pradesh,Synthetic_District_49,18.437368,96.283969,88641.22,7,1.07,19,0,0.174,2026-05-19 19:54:25
CASE_00464,FIR/2025/351,2025-06-25 15:56:25,CARD_FRAUD,Delhi,Synthetic_District_13,8.623269,92.443561,169659.3,4,0.2,15,2,0.677,2025-07-08 15:56:25
CASE_00465,FIR/2026/345,2026-07-31 20:06:25,PHISHING,Telangana,Synthetic_District_24,27.166353,95.293691,61709.4,20,4.42,20,4,0.878,2026-08-03 20:06:25
CASE_00466,FIR/2025/296,2025-01-28 21:41:25,PHISHING,West Bengal,Synthetic_District_25,28.136263,77.220597,159184.73,14,4.89,21,1,0.245,2025-01-30 21:41:25
CASE_00467,FIR/2026/908,2026-06-22 10:57:25,OTHER,Delhi,Synthetic_District_21,15.167978,86.254315,107558.2,9,4.38,10,0,0.852,2026-07-11 10:57:25
CASE_00468,FIR/2026/909,2026-02-11 23:31:25,UPI_FRAUD,Uttar Pradesh,Synthetic_District_5,12.855573,79.255359,39254.79,17,1.93,23,2,0.519,2026-02-17 23:31:25
CASE_00469,FIR/2025/832,2025-08-25 15:08:25,INVESTMENT_SCAM,Gujarat,Synthetic_District_31,15.781728,79.627436,709784.19,19,3.28,15,0,0.207,2025-09-23 15:08:25
CASE_00470,FIR/2025/413,2025-04-25 07:40:25,PHISHING,Andhra Pradesh,Synthetic_District_25,24.569741,95.129468,79784.1,12,1.35,7,4,0.085,2025-05-20 07:40:25
CASE_00471,FIR/2024/697,2024-12-25 02:13:25,INVESTMENT_SCAM,Karnataka,Synthetic_District_30,22.855601,77.754845,383996.2,15,2.39,2,2,0.409,2025-01-20 02:13:25
CASE_00472,FIR/2026/552,2026-02-21 03:02:25,NET_BANKING_FRAUD,Tamil Nadu,Synthetic_District_17,26.715291,78.413695,5918.92,3,1.54,3,5,0.502,2026-03-11 03:02:25
CASE_00473,FIR/2026/200,2026-07-20 19:35:25,CARD_FRAUD,Maharashtra,Synthetic_District_5,18.44687,83.834756,185394.58,11,1.06,19,0,0.329,2026-07-30 19:35:25
CASE_00474,FIR/2026/241,2026-08-30 00:57:25,IMPERSONATION,West Bengal,Synthetic_District_17,8.247482,76.68475,121202.77,12,3.94,0,6,0.404,2026-09-12 00:57:25
CASE_00475,FIR/2026/879,2026-05-16 12:45:25,NET_BANKING_FRAUD,Delhi,Synthetic_District_26,14.599776,88.976741,131164.12,7,2.42,12,5,0.516,2026-06-11 12:45:25
CASE_00476,FIR/2026/910,2026-04-18 07:31:25,OTHER,Maharashtra,Synthetic_District_21,32.528248,80.434996,92818.83,14,1.13,7,5,0.45,2026-05-06 07:31:25
CASE_00477,FIR/2024/412,2024-10-30 03:53:25,INVESTMENT_SCAM,Karnataka,Synthetic_District_32,31.50164,92.194668,880062.7,11,1.2,3,2,0.426,2024-11-24 03:53:25
CASE_00478,FIR/2025/123,2025-11-17 15:19:25,CARD_FRAUD,Uttar Pradesh,Synthetic_District_3,34.742182,72.457046,65889.82,11,2.88,15,0,0.799,2025-12-17 15:19:25
CASE_00479,FIR/2026/309,2026-06-14 11:40:25,NET_BANKING_FRAUD,Andhra Pradesh,Synthetic_District_5,23.500227,73.461822,196054.25,4,1.71,11,6,0.962,2026-07-05 11:40:25
CASE_00480,FIR/2025/281,2025-08-06 18:55:25,UPI_FRAUD,Karnataka,Synthetic_District_45,25.497553,68.778317,33776.79,7,0.44,18,2,0.963,2025-08-16 18:55:25
CASE_00481,FIR/2025/565,2025-04-28 00:03:25,IMPERSONATION,Karnataka,Synthetic_District_24,23.037419,72.982946,105354.74,14,2.02,0,0,0.99,2025-05-03 00:03:25
CASE_00482,FIR/2026/986,2026-04-02 06:15:25,IMPERSONATION,Tamil Nadu,Synthetic_District_9,33.243023,76.982958,14683.84,16,0.88,6,3,0.575,2026-04-12 06:15:25
CASE_00483,FIR/2026/382,2026-05-23 23:17:25,IMPERSONATION,Tamil Nadu,Synthetic_District_1,36.741468,80.926216,137282.35,13,3.06,23,5,0.247,2026-06-03 23:17:25
CASE_00484,FIR/2026/854,2026-05-05 08:14:25,NET_BANKING_FRAUD,Maharashtra,Synthetic_District_19,26.742675,94.64798,115650.42,12,3.53,8,1,0.712,2026-05-15 08:14:25
CASE_00485,FIR/2025/525,2025-11-04 12:37:25,OTHER,Tamil Nadu,Synthetic_District_12,34.098974,89.264075,170118.93,15,1.98,12,1,0.659,2025-11-27 12:37:25
CASE_00486,FIR/2026/345,2026-05-04 20:10:25,IMPERSONATION,Delhi,Synthetic_District_18,33.594119,83.594389,189191.78,3,3.52,20,0,0.722,2026-05-11 20:10:25
CASE_00487,FIR/2026/477,2026-02-17 06:33:25,INVESTMENT_SCAM,Maharashtra,Synthetic_District_49,11.051512,90.229633,165169.09,11,2.11,6,1,0.165,2026-02-24 06:33:25
CASE_00488,FIR/2026/811,2026-03-01 18:14:25,UPI_FRAUD,Gujarat,Synthetic_District_25,17.966074,79.580913,3752.46,7,2.04,18,6,0.011,2026-03-05 18:14:25
CASE_00489,FIR/2026/596,2026-09-25 21:05:25,IMPERSONATION,Gujarat,Synthetic_District_5,10.39391,87.053656,149986.53,15,0.79,21,4,0.82,2026-10-22 21:05:25
CASE_00490,FIR/2025/281,2025-03-13 22:38:25,UPI_FRAUD,Kerala,Synthetic_District_8,23.504961,79.334636,30388.73,3,3.39,22,3,0.011,2025-03-22 22:38:25
CASE_00491,FIR/2025/135,2025-03-06 07:07:25,PHISHING,West Bengal,Synthetic_District_14,20.819686,69.384925,44117.81,17,3.24,7,3,0.716,2025-04-04 07:07:25
CASE_00492,FIR/2025/712,2025-01-13 05:29:25,CARD_FRAUD,Karnataka,Synthetic_District_4,30.399881,90.246313,89353.35,8,1.94,5,0,0.239,2025-01-16 05:29:25
CASE_00493,FIR/2024/296,2024-10-16 05:46:25,UPI_FRAUD,Maharashtra,Synthetic_District_15,35.803612,70.801493,16922.12,6,3.65,5,2,0.044,2024-11-02 05:46:25
CASE_00494,FIR/2025/739,2025-01-18 03:05:25,INVESTMENT_SCAM,Tamil Nadu,Synthetic_District_35,19.456854,80.408529,645447.11,8,1.15,3,5,0.357,2025-01-24 03:05:25
CASE_00495,FIR/2024/317,2024-10-15 05:26:25,CARD_FRAUD,Gujarat,Synthetic_District_15,9.914472,91.637462,3384.29,20,1.91,5,1,0.067,2024-10-22 05:26:25
CASE_00496,FIR/2025/204,2025-11-24 02:34:25,INVESTMENT_SCAM,West Bengal,Synthetic_District_37,12.972314,95.812006,524597.22,20,1.69,2,0,0.631,2025-12-07 02:34:25
CASE_00497,FIR/2026/879,2026-08-25 14:53:25,CARD_FRAUD,Telangana,Synthetic_District_43,21.981781,77.718051,35890.88,20,4.57,14,1,0.449,2026-09-11 14:53:25
CASE_00498,FIR/2026/113,2026-07-17 15:59:25,INVESTMENT_SCAM,Tamil Nadu,Synthetic_District_2,25.874112,94.006603,608095.12,10,1.26,15,4,0.428,2026-07-25 15:59:25
CASE_00499,FIR/2026/403,2026-06-25 18:48:25,PHISHING,Tamil Nadu,Synthetic_District_10,18.89669,86.619128,75530.2,8,4.62,18,3,0.598,2026-07-10 18:48:25
CASE_00500,FIR/2025/878,2025-08-31 21:02:25,CARD_FRAUD,Karnataka,Synthetic_District_34,30.961613,80.031909,129076.81,10,3.78,21,6,0.229,2025-09-24 21:02:25
CASE_00501,FIR/2025/780,2025-09-04 03:00:25,PHISHING,Tamil Nadu,Synthetic_District_44,28.192063,74.450878,108323.04,13,2.66,3,3,0.184,2025-09-25 03:00:25
CASE_00502,FIR/2024/297,2024-10-05 19:40:25,NET_BANKING_FRAUD,Karnataka,Synthetic_District_41,36.768364,95.209961,14927.0,5,0.55,19,5,0.593,2024-11-01 19:40:25
CASE_00503,FIR/2025/578,2025-04-27 00:17:25,UPI_FRAUD,Kerala,Synthetic_District_11,28.928539,75.102824,21369.37,6,3.07,0,6,0.303,2025-05-16 00:17:25
CASE_00504,FIR/2026/592,2026-01-02 12:57:25,CARD_FRAUD,Maharashtra,Synthetic_District_24,19.54909,72.865215,172622.68,15,2.17,12,4,0.609,2026-01-16 12:57:25
CASE_00505,FIR/2025/974,2025-03-08 07:46:25,OTHER,Maharashtra,Synthetic_District_49,34.287254,76.706715,76902.44,18,0.85,7,5,0.727,2025-03-17 07:46:25
CASE_00506,FIR/2025/675,2025-10-24 07:04:25,NET_BANKING_FRAUD,Uttar Pradesh,Synthetic_District_31,10.08625,71.963034,57361.92,16,1.06,7,4,0.916,2025-10-25 07:04:25
CASE_00507,FIR/2024/514,2024-10-13 09:31:25,IMPERSONATION,Andhra Pradesh,Synthetic_District_26,36.144286,78.821202,75477.31,16,1.61,9,6,0.988,2024-10-16 09:31:25
CASE_00508,FIR/2025/679,2025-11-21 18:43:25,UPI_FRAUD,Delhi,Synthetic_District_13,30.125575,95.755809,19302.82,12,2.6,18,4,0.489,2025-12-14 18:43:25
CASE_00509,FIR/2025/534,2025-10-12 14:48:25,IMPERSONATION,Tamil Nadu,Synthetic_District_16,21.854041,94.722588,77681.3,12,3.19,14,6,0.676,2025-11-04 14:48:25
CASE_00510,FIR/2026/797,2026-08-12 12:54:25,CARD_FRAUD,Delhi,Synthetic_District_17,15.175029,84.771912,121481.69,6,0.16,12,2,0.771,2026-09-02 12:54:25
CASE_00511,FIR/2026/182,2026-09-28 05:10:25,IMPERSONATION,West Bengal,Synthetic_District_13,33.404179,72.808885,117645.93,14,1.34,5,0,0.302,2026-10-16 05:10:25
CASE_00512,FIR/2026/870,2026-08-05 05:22:25,CARD_FRAUD,Maharashtra,Synthetic_District_7,26.449227,90.524042,147052.75,12,4.09,5,2,0.269,2026-08-12 05:22:25
CASE_00513,FIR/2025/935,2025-11-11 15:04:25,UPI_FRAUD,Gujarat,Synthetic_District_1,10.809249,90.438565,49352.57,14,2.67,15,1,0.655,2025-12-05 15:04:25
CASE_00514,FIR/2025/237,2025-12-14 21:56:25,CARD_FRAUD,Tamil Nadu,Synthetic_District_32,13.277546,95.506016,38093.61,15,2.88,21,6,0.213,2025-12-21 21:56:25
CASE_00515,FIR/2024/365,2024-11-29 15:56:25,OTHER,Andhra Pradesh,Synthetic_District_29,26.178284,86.108222,152073.77,6,0.49,15,4,0.086,2024-12-03 15:56:25
CASE_00516,FIR/2025/589,2025-07-09 19:06:25,UPI_FRAUD,Gujarat,Synthetic_District_44,30.055474,68.275691,29323.76,9,3.78,19,2,0.007,2025-07-28 19:06:25
CASE_00517,FIR/2024/484,2024-11-10 19:58:25,INVESTMENT_SCAM,Uttar Pradesh,Synthetic_District_34,36.620008,90.079555,802197.21,16,2.42,19,6,0.337,2024-11-24 19:58:25
CASE_00518,FIR/2025/936,2025-09-09 04:28:25,CARD_FRAUD,Tamil Nadu,Synthetic_District_24,27.28727,78.974635,199889.58,2,4.88,4,1,0.873,2025-10-05 04:28:25
CASE_00519,FIR/2025/842,2025-01-09 17:14:25,OTHER,Delhi,Synthetic_District_2,25.455366,93.201153,139963.35,9,4.76,17,3,0.751,2025-01-17 17:14:25
CASE_00520,FIR/2025/586,2025-10-12 07:24:25,IMPERSONATION,West Bengal,Synthetic_District_27,27.146624,68.090744,132116.34,11,0.18,7,6,0.36,2025-10-14 07:24:25
CASE_00521,FIR/2025/509,2025-08-29 14:13:25,PHISHING,Uttar Pradesh,Synthetic_District_6,18.101685,95.233458,121745.84,16,4.94,14,4,0.857,2025-09-27 14:13:25
CASE_00522,FIR/2025/829,2025-01-10 16:09:25,CARD_FRAUD,Delhi,Synthetic_District_34,33.410786,90.760996,121827.59,17,0.26,16,4,0.498,2025-01-13 16:09:25
CASE_00523,FIR/2025/556,2025-08-04 14:20:25,OTHER,Maharashtra,Synthetic_District_31,27.216621,74.986147,93893.81,7,0.94,14,0,0.944,2025-08-27 14:20:25
CASE_00524,FIR/2024/434,2024-12-29 20:12:25,IMPERSONATION,Andhra Pradesh,Synthetic_District_50,16.130378,88.856075,6815.13,16,4.76,20,6,0.671,2025-01-20 20:12:25
CASE_00525,FIR/2025/914,2025-02-16 10:25:25,IMPERSONATION,Telangana,Synthetic_District_15,35.021619,90.223784,98899.8,20,0.42,10,6,0.343,2025-03-18 10:25:25
CASE_00526,FIR/2025/976,2025-10-25 13:26:25,OTHER,Andhra Pradesh,Synthetic_District_15,14.482974,71.355009,112818.09,3,0.65,13,5,0.34,2025-11-13 13:26:25
CASE_00527,FIR/2025/973,2025-04-10 15:52:25,INVESTMENT_SCAM,Telangana,Synthetic_District_25,24.730588,68.048676,399350.17,2,2.99,15,3,0.19,2025-04-23 15:52:25
CASE_00528,FIR/2025/915,2025-12-07 03:34:25,CARD_FRAUD,Delhi,Synthetic_District_34,27.248541,85.132504,159706.11,4,2.04,3,6,0.538,2025-12-22 03:34:25
CASE_00529,FIR/2025/611,2025-08-18 21:37:25,CARD_FRAUD,Gujarat,Synthetic_District_10,25.442497,72.23025,167606.11,2,3.03,21,0,0.309,2025-09-10 21:37:25
CASE_00530,FIR/2025/746,2025-02-03 01:39:25,IMPERSONATION,Tamil Nadu,Synthetic_District_32,16.453358,96.028375,115220.42,2,4.91,1,0,0.333,2025-03-02 01:39:25
CASE_00531,FIR/2025/853,2025-05-03 16:44:25,OTHER,Karnataka,Synthetic_District_50,13.191587,82.137635,45789.27,13,1.57,16,5,0.815,2025-06-02 16:44:25
CASE_00532,FIR/2025/794,2025-03-11 17:20:25,NET_BANKING_FRAUD,Gujarat,Synthetic_District_23,29.973711,79.34083,68144.62,17,3.66,17,1,0.282,2025-04-10 17:20:25
CASE_00533,FIR/2025/234,2025-04-17 15:39:25,INVESTMENT_SCAM,Telangana,Synthetic_District_49,30.947046,93.109808,424083.83,2,4.26,15,3,0.71,2025-05-02 15:39:25
CASE_00534,FIR/2026/594,2026-07-31 22:21:25,PHISHING,Kerala,Synthetic_District_10,14.083224,91.326395,88934.86,7,3.7,22,4,0.009,2026-08-24 22:21:25
CASE_00535,FIR/2026/251,2026-05-11 20:28:25,OTHER,Andhra Pradesh,Synthetic_District_28,27.703913,72.878465,197708.35,2,0.57,20,0,0.974,2026-05-17 20:28:25
CASE_00536,FIR/2024/544,2024-11-21 20:17:25,IMPERSONATION,Delhi,Synthetic_District_41,28.953962,75.105029,68358.68,4,1.28,20,3,0.489,2024-12-14 20:17:25
CASE_00537,FIR/2026/808,2026-06-01 22:26:25,IMPERSONATION,Maharashtra,Synthetic_District_50,21.44654,91.727659,75698.96,13,1.45,22,0,0.653,2026-06-13 22:26:25
CASE_00538,FIR/2024/756,2024-10-10 19:52:25,UPI_FRAUD,West Bengal,Synthetic_District_15,8.667776,84.616475,6190.37,19,2.45,19,3,0.694,2024-10-14 19:52:25
CASE_00539,FIR/2026/819,2026-05-29 22:09:25,NET_BANKING_FRAUD,Andhra Pradesh,Synthetic_District_20,24.57127,70.883796,199990.88,3,3.6,22,4,0.862,2026-06-16 22:09:25
CASE_00540,FIR/2025/669,2025-04-07 05:37:25,IMPERSONATION,West Bengal,Synthetic_District_34,22.168335,83.048132,4929.53,19,2.74,5,0,0.819,2025-04-28 05:37:25
CASE_00541,FIR/2025/713,2025-02-03 23:27:25,UPI_FRAUD,Delhi,Synthetic_District_1,24.086931,91.214876,9115.14,4,0.29,23,0,0.575,2025-02-24 23:27:25
CASE_00542,FIR/2025/135,2025-03-13 19:20:25,CARD_FRAUD,Maharashtra,Synthetic_District_8,22.678301,78.54323,170438.57,18,0.94,19,3,0.977,2025-04-04 19:20:25
CASE_00543,FIR/2024/631,2024-09-30 00:04:25,UPI_FRAUD,Kerala,Synthetic_District_43,23.48897,72.055796,47316.11,16,3.51,0,0,0.523,2024-10-12 00:04:25
CASE_00544,FIR/2026/778,2026-06-12 10:17:25,PHISHING,Karnataka,Synthetic_District_16,9.065285,72.108353,137898.13,7,4.79,10,4,0.602,2026-06-19 10:17:25
CASE_00545,FIR/2026/532,2026-05-28 04:02:25,PHISHING,Maharashtra,Synthetic_District_36,15.394054,79.071687,146091.78,6,2.06,4,3,0.083,2026-06-06 04:02:25
CASE_00546,FIR/2026/172,2026-08-23 06:29:25,PHISHING,Kerala,Synthetic_District_41,28.207285,73.586195,107644.96,12,2.86,6,6,0.648,2026-09-09 06:29:25
CASE_00547,FIR/2026/906,2026-06-10 22:11:25,OTHER,Andhra Pradesh,Synthetic_District_25,8.751386,85.50461,31544.79,3,1.42,22,2,0.531,2026-07-02 22:11:25
CASE_00548,FIR/2026/471,2026-04-14 05:49:25,CARD_FRAUD,Telangana,Synthetic_District_50,15.924337,93.196806,128395.32,8,1.44,5,1,0.098,2026-04-22 05:49:25
CASE_00549,FIR/2025/845,2025-10-21 20:35:25,UPI_FRAUD,Kerala,Synthetic_District_38,31.818954,82.198939,8869.0,17,1.81,20,1,0.572,2025-10-31 20:35:25
CASE_00550,FIR/2026/274,2026-04-17 01:23:25,UPI_FRAUD,Telangana,Synthetic_District_49,19.297337,78.010014,44838.86,18,2.8,1,4,0.882,2026-04-30 01:23:25
CASE_00551,FIR/2026/625,2026-01-31 10:53:25,CARD_FRAUD,Delhi,Synthetic_District_43,11.664682,78.985219,2890.0,9,0.36,10,5,0.725,2026-02-12 10:53:25
CASE_00552,FIR/2026/568,2026-09-24 00:28:25,INVESTMENT_SCAM,Delhi,Synthetic_District_29,36.601142,91.155598,447331.56,17,1.51,0,3,0.953,2026-10-11 00:28:25
CASE_00553,FIR/2025/412,2025-05-22 02:25:25,OTHER,Andhra Pradesh,Synthetic_District_50,17.06937,70.614077,18301.51,3,0.48,2,3,0.24,2025-05-25 02:25:25
CASE_00554,FIR/2025/667,2025-03-18 10:48:25,UPI_FRAUD,Gujarat,Synthetic_District_1,35.902824,80.295525,37196.13,17,4.67,10,1,0.136,2025-04-03 10:48:25
CASE_00555,FIR/2026/515,2026-03-11 14:28:25,INVESTMENT_SCAM,Karnataka,Synthetic_District_40,13.515336,92.110525,712987.86,1,3.6,14,2,0.703,2026-04-04 14:28:25
CASE_00556,FIR/2025/943,2025-09-18 00:32:25,IMPERSONATION,West Bengal,Synthetic_District_44,25.666615,85.613833,190222.81,6,3.41,0,3,0.882,2025-10-05 00:32:25
CASE_00557,FIR/2025/626,2025-05-17 21:49:25,CARD_FRAUD,Telangana,Synthetic_District_4,20.258946,78.993748,168042.38,12,4.85,21,5,0.338,2025-06-08 21:49:25
CASE_00558,FIR/2025/397,2025-06-12 10:39:25,OTHER,Kerala,Synthetic_District_31,16.512806,74.178912,171703.43,19,2.03,10,3,0.923,2025-07-12 10:39:25
CASE_00559,FIR/2026/732,2026-07-20 09:37:25,UPI_FRAUD,Gujarat,Synthetic_District_4,18.316578,85.850377,46777.18,11,1.56,9,0,0.107,2026-08-01 09:37:25
CASE_00560,FIR/2025/603,2025-04-08 05:07:25,UPI_FRAUD,Tamil Nadu,Synthetic_District_6,23.3438,94.056789,5156.76,14,0.71,5,1,0.487,2025-04-13 05:07:25
CASE_00561,FIR/2026/406,2026-08-03 00:59:25,NET_BANKING_FRAUD,Telangana,Synthetic_District_28,33.873608,83.556394,79676.41,9,0.63,0,0,0.439,2026-08-30 00:59:25
CASE_00562,FIR/2025/105,2025-12-22 21:53:25,CARD_FRAUD,Telangana,Synthetic_District_46,13.755474,73.497445,149671.13,2,0.76,21,0,0.421,2026-01-02 21:53:25
CASE_00563,FIR/2024/781,2024-10-31 22:27:25,PHISHING,Kerala,Synthetic_District_8,20.211764,83.953587,189726.79,5,1.69,22,3,0.764,2024-11-29 22:27:25
CASE_00564,FIR/2025/498,2025-11-13 09:31:25,IMPERSONATION,Delhi,Synthetic_District_8,35.772679,90.988676,168769.52,5,0.86,9,3,0.5,2025-12-08 09:31:25
CASE_00565,FIR/2026/539,2026-08-30 23:48:25,IMPERSONATION,Uttar Pradesh,Synthetic_District_48,8.232838,81.925597,166137.32,10,2.48,23,6,0.761,2026-09-07 23:48:25
CASE_00566,FIR/2026/387,2026-06-23 21:31:25,INVESTMENT_SCAM,Maharashtra,Synthetic_District_17,36.833455,75.173277,227517.22,14,1.07,21,1,0.706,2026-07-19 21:31:25
CASE_00567,FIR/2025/293,2025-01-13 15:31:25,INVESTMENT_SCAM,Uttar Pradesh,Synthetic_District_41,26.399839,74.652142,630545.42,5,2.07,15,0,0.274,2025-01-20 15:31:25
CASE_00568,FIR/2025/985,2025-02-26 05:46:25,INVESTMENT_SCAM,Karnataka,Synthetic_District_25,19.811619,76.886932,239661.32,8,1.19,5,2,0.426,2025-02-28 05:46:25
CASE_00569,FIR/2026/375,2026-03-06 06:26:25,UPI_FRAUD,Telangana,Synthetic_District_18,35.346964,88.635982,15284.07,8,1.67,6,4,0.048,2026-03-08 06:26:25
CASE_00570,FIR/2024/392,2024-09-29 18:27:25,IMPERSONATION,Gujarat,Synthetic_District_18,34.345977,70.922089,65006.28,6,1.34,18,6,0.491,2024-10-10 18:27:25
CASE_00571,FIR/2025/665,2025-08-06 19:51:25,IMPERSONATION,Delhi,Synthetic_District_22,18.456493,91.491022,3718.66,19,2.69,19,2,0.372,2025-08-27 19:51:25
CASE_00572,FIR/2025/208,2025-07-08 23:22:25,NET_BANKING_FRAUD,Delhi,Synthetic_District_41,29.535036,71.490276,18359.0,19,4.84,23,1,0.884,2025-08-04 23:22:25
CASE_00573,FIR/2025/176,2025-04-12 23:30:25,NET_BANKING_FRAUD,West Bengal,Synthetic_District_40,17.944041,89.035169,185174.63,7,2.71,23,5,0.154,2025-04-17 23:30:25
CASE_00574,FIR/2025/998,2025-04-14 06:20:25,IMPERSONATION,West Bengal,Synthetic_District_23,33.952478,81.005984,51252.58,4,4.56,6,0,0.068,2025-04-28 06:20:25
CASE_00575,FIR/2026/380,2026-03-20 09:35:25,UPI_FRAUD,Delhi,Synthetic_District_19,9.317912,84.419068,8430.06,7,3.73,9,4,0.397,2026-04-11 09:35:25
CASE_00576,FIR/2026/621,2026-03-29 08:49:25,PHISHING,Andhra Pradesh,Synthetic_District_36,30.601793,79.62462,88111.24,9,1.11,8,6,0.004,2026-04-17 08:49:25
CASE_00577,FIR/2025/909,2025-05-11 11:29:25,UPI_FRAUD,West Bengal,Synthetic_District_30,22.610715,88.896796,43969.84,9,1.59,11,6,0.22,2025-06-03 11:29:25
CASE_00578,FIR/2025/646,2025-07-01 09:52:25,PHISHING,Tamil Nadu,Synthetic_District_19,9.13363,72.296045,45561.96,9,4.64,9,1,0.27,2025-07-27 09:52:25
CASE_00579,FIR/2024/218,2024-11-21 13:00:25,OTHER,Karnataka,Synthetic_District_42,18.076395,85.549627,42784.5,12,1.69,13,3,0.946,2024-12-20 13:00:25
CASE_00580,FIR/2026/726,2026-04-15 01:31:25,PHISHING,Kerala,Synthetic_District_21,36.572577,86.152704,82260.23,1,4.14,1,2,0.219,2026-04-24 01:31:25
CASE_00581,FIR/2025/988,2025-03-29 00:46:25,INVESTMENT_SCAM,Uttar Pradesh,Synthetic_District_7,28.955464,87.955346,674451.71,9,4.36,0,5,0.634,2025-04-16 00:46:25
CASE_00582,FIR/2025/695,2025-04-29 06:59:25,CARD_FRAUD,Andhra Pradesh,Synthetic_District_10,20.935621,89.164545,54489.91,14,1.91,6,1,0.902,2025-05-02 06:59:25
CASE_00583,FIR/2026/280,2026-02-18 22:14:25,PHISHING,Tamil Nadu,Synthetic_District_37,22.225033,89.15492,163304.0,10,0.2,22,2,0.163,2026-02-24 22:14:25
CASE_00584,FIR/2025/173,2025-11-07 14:23:25,PHISHING,Andhra Pradesh,Synthetic_District_16,21.195701,86.708444,14821.37,13,0.59,14,4,0.527,2025-12-01 14:23:25
CASE_00585,FIR/2024/212,2024-10-12 11:51:25,NET_BANKING_FRAUD,Karnataka,Synthetic_District_49,32.084997,95.105654,77414.12,5,1.32,11,5,0.084,2024-10-17 11:51:25
CASE_00586,FIR/2026/910,2026-07-04 11:45:25,OTHER,Maharashtra,Synthetic_District_35,29.347814,77.813308,193305.79,3,1.09,11,5,0.48,2026-07-23 11:45:25
CASE_00587,FIR/2025/349,2025-12-27 22:04:25,CARD_FRAUD,Karnataka,Synthetic_District_35,28.069195,86.19709,96302.77,4,0.2,22,5,0.045,2026-01-14 22:04:25
CASE_00588,FIR/2025/101,2025-07-29 20:17:25,OTHER,Tamil Nadu,Synthetic_District_2,14.573579,79.176109,83641.65,12,3.31,20,1,0.226,2025-08-27 20:17:25
CASE_00589,FIR/2026/215,2026-08-31 05:28:25,IMPERSONATION,Gujarat,Synthetic_District_11,36.732274,74.511151,164734.19,10,1.85,5,0,0.616,2026-09-04 05:28:25
CASE_00590,FIR/2025/282,2025-10-03 19:42:25,UPI_FRAUD,Andhra Pradesh,Synthetic_District_34,17.710478,73.259599,30264.87,14,0.84,19,4,0.667,2025-10-13 19:42:25
CASE_00591,FIR/2026/611,2026-07-01 02:07:25,UPI_FRAUD,Telangana,Synthetic_District_17,31.510863,88.627894,13627.55,3,3.97,2,2,0.862,2026-07-06 02:07:25
CASE_00592,FIR/2026/838,2026-08-01 21:05:25,PHISHING,Gujarat,Synthetic_District_5,11.281757,80.396142,78729.32,9,0.81,21,5,0.323,2026-08-06 21:05:25
CASE_00593,FIR/2025/592,2025-04-04 05:07:25,CARD_FRAUD,Andhra Pradesh,Synthetic_District_39,31.011546,77.670489,99347.09,8,1.98,5,4,0.549,2025-04-22 05:07:25
CASE_00594,FIR/2026/493,2026-03-30 08:19:25,INVESTMENT_SCAM,Maharashtra,Synthetic_District_38,28.732711,83.281432,830333.99,8,3.55,8,0,0.235,2026-03-31 08:19:25
CASE_00595,FIR/2025/236,2025-04-25 17:08:25,INVESTMENT_SCAM,Maharashtra,Synthetic_District_4,34.429496,78.464898,500230.03,5,1.54,17,4,0.144,2025-05-23 17:08:25
CASE_00596,FIR/2026/157,2026-04-17 06:00:25,PHISHING,Delhi,Synthetic_District_8,35.899508,88.414923,165736.54,13,3.69,6,4,0.696,2026-05-01 06:00:25
CASE_00597,FIR/2025/175,2025-10-14 18:29:25,UPI_FRAUD,Gujarat,Synthetic_District_39,33.243832,68.875386,33171.09,12,0.79,18,1,0.245,2025-10-15 18:29:25
CASE_00598,FIR/2026/861,2026-05-05 05:54:25,OTHER,Delhi,Synthetic_District_48,23.296051,95.514207,37302.48,16,2.12,5,1,0.337,2026-05-31 05:54:25
CASE_00599,FIR/2026/161,2026-07-22 14:45:25,CARD_FRAUD,Karnataka,Synthetic_District_39,29.782855,82.595567,23142.07,1,2.04,14,2,0.424,2026-08-20 14:45:25
CASE_00600,FIR/2026/685,2026-01-08 10:30:25,OTHER,West Bengal,Synthetic_District_20,28.571232,80.286438,52352.82,6,1.43,10,3,0.092,2026-01-21 10:30:25
CASE_00601,FIR/2025/324,2025-02-05 15:58:25,NET_BANKING_FRAUD,Andhra Pradesh,Synthetic_District_12,31.852644,96.303634,124189.71,20,4.22,15,2,0.817,2025-02-20 15:58:25
CASE_00602,FIR/2026/489,2026-01-31 03:26:25,IMPERSONATION,Delhi,Synthetic_District_4,31.296839,86.752769,81614.88,7,1.42,3,5,0.104,2026-02-12 03:26:25
CASE_00603,FIR/2026/654,2026-06-09 02:46:25,PHISHING,Maharashtra,Synthetic_District_5,14.145388,68.318333,57159.18,10,1.02,2,1,0.202,2026-07-09 02:46:25
CASE_00604,FIR/2024/678,2024-11-02 00:02:25,UPI_FRAUD,Karnataka,Synthetic_District_37,36.608325,82.030403,48835.49,2,1.64,0,5,0.944,2024-11-03 00:02:25
CASE_00605,FIR/2025/869,2025-09-30 02:10:25,INVESTMENT_SCAM,Andhra Pradesh,Synthetic_District_47,18.319281,71.75599,235139.52,4,1.72,2,1,0.897,2025-10-17 02:10:25
CASE_00606,FIR/2025/701,2025-01-11 09:36:25,OTHER,Andhra Pradesh,Synthetic_District_31,25.004388,92.708786,30887.14,10,0.89,9,5,0.682,2025-01-14 09:36:25
CASE_00607,FIR/2026/926,2026-07-01 19:30:25,PHISHING,Delhi,Synthetic_District_50,28.838082,96.809082,176996.01,17,2.63,19,2,0.729,2026-07-22 19:30:25
CASE_00608,FIR/2026/397,2026-03-19 03:13:25,OTHER,Telangana,Synthetic_District_40,32.822624,80.496142,27108.32,13,1.27,3,3,0.997,2026-04-08 03:13:25
CASE_00609,FIR/2024/199,2024-12-14 21:21:25,IMPERSONATION,Karnataka,Synthetic_District_10,30.223202,76.976727,198886.5,3,2.54,21,5,0.455,2024-12-20 21:21:25
CASE_00610,FIR/2025/461,2025-07-28 21:49:25,CARD_FRAUD,Maharashtra,Synthetic_District_5,13.196401,90.386275,115725.81,9,4.93,21,0,0.978,2025-08-22 21:49:25
CASE_00611,FIR/2025/682,2025-12-26 13:44:25,PHISHING,Gujarat,Synthetic_District_3,18.540691,76.312127,188026.06,14,4.3,13,4,0.917,2025-12-31 13:44:25
CASE_00612,FIR/2025/421,2025-12-25 04:17:25,OTHER,Telangana,Synthetic_District_6,27.783826,82.67233,125301.75,9,4.4,4,3,0.991,2025-12-27 04:17:25
CASE_00613,FIR/2026/816,2026-06-27 12:48:25,IMPERSONATION,West Bengal,Synthetic_District_1,12.482305,71.053642,158327.54,13,0.88,12,5,0.399,2026-06-30 12:48:25
CASE_00614,FIR/2025/457,2025-05-16 05:40:25,NET_BANKING_FRAUD,Gujarat,Synthetic_District_30,26.63205,94.103669,134160.96,15,0.63,5,4,0.18,2025-05-20 05:40:25
CASE_00615,FIR/2025/424,2025-11-10 05:57:25,NET_BANKING_FRAUD,Telangana,Synthetic_District_39,22.102555,88.366434,66415.41,16,0.66,5,0,0.455,2025-11-28 05:57:25
CASE_00616,FIR/2025/681,2025-03-08 07:54:25,IMPERSONATION,Karnataka,Synthetic_District_39,30.45196,69.809607,43480.56,12,3.97,7,5,0.979,2025-03-15 07:54:25
CASE_00617,FIR/2024/800,2024-11-23 23:40:25,UPI_FRAUD,Andhra Pradesh,Synthetic_District_18,15.310067,73.107063,47636.99,5,0.44,23,5,0.405,2024-12-03 23:40:25
CASE_00618,FIR/2026/785,2026-09-29 07:40:25,NET_BANKING_FRAUD,Kerala,Synthetic_District_12,32.085924,70.680797,105430.81,14,1.78,7,1,0.753,2026-10-05 07:40:25
CASE_00619,FIR/2025/805,2025-04-21 04:11:25,NET_BANKING_FRAUD,Delhi,Synthetic_District_45,20.666736,94.465337,95624.38,19,2.01,4,0,0.01,2025-05-17 04:11:25
CASE_00620,FIR/2026/731,2026-06-02 22:49:25,IMPERSONATION,Delhi,Synthetic_District_21,27.257825,91.881611,133924.54,11,0.17,22,1,0.897,2026-07-02 22:49:25
CASE_00621,FIR/2025/790,2025-02-28 08:40:25,CARD_FRAUD,Andhra Pradesh,Synthetic_District_17,23.100059,68.10663,23607.77,15,4.72,8,4,0.857,2025-03-21 08:40:25
CASE_00622,FIR/2026/863,2026-01-03 13:22:25,UPI_FRAUD,Tamil Nadu,Synthetic_District_27,28.196937,90.457147,1920.65,20,1.95,13,5,0.348,2026-01-10 13:22:25
CASE_00623,FIR/2026/116,2026-08-26 10:45:25,CARD_FRAUD,Kerala,Synthetic_District_20,22.560471,93.164986,162942.09,16,3.28,10,2,0.456,2026-09-09 10:45:25
CASE_00624,FIR/2025/883,2025-09-25 04:38:25,INVESTMENT_SCAM,Telangana,Synthetic_District_8,34.864117,81.305883,454556.74,12,0.97,4,3,0.595,2025-10-13 04:38:25
CASE_00625,FIR/2025/796,2025-12-20 05:03:25,OTHER,Andhra Pradesh,Synthetic_District_41,16.214203,85.990918,132261.52,4,4.98,5,5,0.806,2025-12-24 05:03:25
CASE_00626,FIR/2024/206,2024-12-30 12:46:25,INVESTMENT_SCAM,Gujarat,Synthetic_District_48,29.800076,94.889638,935871.91,4,3.2,12,0,0.503,2025-01-25 12:46:25
CASE_00627,FIR/2024/328,2024-11-02 14:03:25,OTHER,Gujarat,Synthetic_District_36,19.051315,73.671247,84707.53,16,4.76,14,5,0.351,2024-11-28 14:03:25
CASE_00628,FIR/2026/903,2026-01-18 06:43:25,OTHER,Andhra Pradesh,Synthetic_District_1,35.248887,90.683686,129327.02,17,1.49,6,6,0.88,2026-01-27 06:43:25
CASE_00629,FIR/2025/524,2025-08-10 06:28:25,PHISHING,Karnataka,Synthetic_District_1,8.761158,90.924794,1827.35,17,4.12,6,6,0.6,2025-08-21 06:28:25
CASE_00630,FIR/2025/500,2025-03-23 11:12:25,PHISHING,Tamil Nadu,Synthetic_District_40,26.688596,92.027947,111592.18,19,2.2,11,6,0.939,2025-04-05 11:12:25
CASE_00631,FIR/2025/547,2025-03-26 05:42:25,CARD_FRAUD,Tamil Nadu,Synthetic_District_7,28.590721,71.663578,103938.14,4,3.19,5,2,0.784,2025-04-22 05:42:25
CASE_00632,FIR/2026/430,2026-07-04 01:38:25,INVESTMENT_SCAM,Tamil Nadu,Synthetic_District_6,10.704697,80.68521,201100.51,19,0.85,1,5,0.618,2026-07-22 01:38:25
CASE_00633,FIR/2024/233,2024-12-19 11:09:25,UPI_FRAUD,Gujarat,Synthetic_District_41,26.313552,78.385519,37142.75,8,3.3,11,3,0.222,2024-12-26 11:09:25
CASE_00634,FIR/2026/487,2026-04-01 00:31:25,OTHER,Kerala,Synthetic_District_43,9.500717,70.405938,161612.38,5,3.17,0,2,0.638,2026-04-20 00:31:25
CASE_00635,FIR/2025/245,2025-01-12 20:14:25,INVESTMENT_SCAM,Kerala,Synthetic_District_17,33.943539,70.690537,166550.11,16,4.24,20,6,0.913,2025-01-19 20:14:25
CASE_00636,FIR/2025/175,2025-11-03 20:16:25,OTHER,Gujarat,Synthetic_District_41,10.213068,87.932756,5369.44,13,4.46,20,0,0.634,2025-11-18 20:16:25
CASE_00637,FIR/2025/775,2025-03-12 22:04:25,UPI_FRAUD,Uttar Pradesh,Synthetic_District_41,25.592991,68.912064,45191.54,11,4.97,22,2,0.484,2025-04-01 22:04:25
CASE_00638,FIR/2026/360,2026-06-06 09:45:25,PHISHING,Maharashtra,Synthetic_District_13,25.577212,83.542671,104827.96,17,2.61,9,5,0.152,2026-07-04 09:45:25
CASE_00639,FIR/2025/241,2025-10-07 20:42:25,PHISHING,Tamil Nadu,Synthetic_District_6,29.104573,95.255595,6870.03,9,1.44,20,1,0.199,2025-10-10 20:42:25
CASE_00640,FIR/2025/863,2025-09-21 15:20:25,IMPERSONATION,Gujarat,Synthetic_District_28,22.86704,79.598322,59569.85,7,1.33,15,6,0.198,2025-10-19 15:20:25
CASE_00641,FIR/2025/701,2025-07-14 04:51:25,INVESTMENT_SCAM,Kerala,Synthetic_District_11,31.028886,95.6591,803495.57,16,2.22,4,0,0.446,2025-08-03 04:51:25
CASE_00642,FIR/2025/539,2025-07-05 03:24:25,UPI_FRAUD,Tamil Nadu,Synthetic_District_37,18.23455,94.038946,30404.05,3,2.3,3,5,0.889,2025-07-22 03:24:25
CASE_00643,FIR/2025/998,2025-06-16 11:11:25,CARD_FRAUD,West Bengal,Synthetic_District_23,19.550893,71.324849,121172.54,11,2.2,11,0,0.186,2025-06-24 11:11:25
CASE_00644,FIR/2024/898,2024-12-12 23:27:25,CARD_FRAUD,Telangana,Synthetic_District_8,8.279357,87.96048,75020.89,11,1.15,23,3,0.567,2024-12-23 23:27:25
CASE_00645,FIR/2025/317,2025-05-26 09:49:25,NET_BANKING_FRAUD,West Bengal,Synthetic_District_14,10.984686,76.063406,57439.24,20,4.74,9,0,0.807,2025-06-17 09:49:25
CASE_00646,FIR/2024/874,2024-12-15 11:42:25,IMPERSONATION,Andhra Pradesh,Synthetic_District_21,31.58844,73.746362,84928.28,2,4.03,11,6,0.499,2024-12-24 11:42:25
CASE_00647,FIR/2025/434,2025-12-04 19:52:25,NET_BANKING_FRAUD,Uttar Pradesh,Synthetic_District_25,14.856236,68.616792,35056.81,1,3.25,19,3,0.856,2025-12-05 19:52:25
CASE_00648,FIR/2026/137,2026-01-15 01:53:25,OTHER,West Bengal,Synthetic_District_34,9.134487,86.698494,193403.86,3,2.4,1,3,0.83,2026-01-29 01:53:25
CASE_00649,FIR/2025/181,2025-08-04 01:05:25,OTHER,West Bengal,Synthetic_District_50,17.082065,85.757299,69819.07,13,1.56,1,0,0.984,2025-08-20 01:05:25
CASE_00650,FIR/2026/205,2026-07-17 20:38:25,CARD_FRAUD,Karnataka,Synthetic_District_15,9.387193,68.301485,187603.05,4,4.97,20,4,0.861,2026-08-10 20:38:25
CASE_00651,FIR/2025/931,2025-12-19 23:55:25,UPI_FRAUD,Telangana,Synthetic_District_35,36.697386,95.0892,9638.87,2,1.37,23,4,0.785,2025-12-23 23:55:25
CASE_00652,FIR/2024/727,2024-11-18 01:49:25,CARD_FRAUD,Andhra Pradesh,Synthetic_District_18,28.26128,94.820894,66536.47,19,2.36,1,0,0.126,2024-12-16 01:49:25
CASE_00653,FIR/2025/523,2025-02-28 11:41:25,OTHER,Gujarat,Synthetic_District_43,11.548826,83.300079,193201.42,19,2.44,11,4,0.49,2025-03-09 11:41:25
CASE_00654,FIR/2025/884,2025-08-25 16:15:25,PHISHING,Kerala,Synthetic_District_46,10.401034,84.196942,19268.08,8,3.33,16,0,0.735,2025-09-01 16:15:25
CASE_00655,FIR/2026/113,2026-09-10 18:49:25,NET_BANKING_FRAUD,Tamil Nadu,Synthetic_District_30,31.736832,73.449605,12993.12,4,1.77,18,3,0.814,2026-10-05 18:49:25
CASE_00656,FIR/2026/419,2026-03-24 09:39:25,CARD_FRAUD,Gujarat,Synthetic_District_42,12.465969,82.630831,152337.1,5,1.17,9,1,0.364,2026-04-08 09:39:25
CASE_00657,FIR/2026/170,2026-06-27 08:57:25,OTHER,Kerala,Synthetic_District_28,12.761693,76.907257,80640.78,19,3.28,8,5,0.147,2026-07-26 08:57:25
CASE_00658,FIR/2025/571,2025-01-17 15:52:25,PHISHING,Delhi,Synthetic_District_18,8.829001,87.19468,4301.0,15,1.82,15,4,0.118,2025-02-04 15:52:25
CASE_00659,FIR/2024/614,2024-12-25 04:12:25,PHISHING,Andhra Pradesh,Synthetic_District_33,17.678446,80.798877,30973.39,12,0.58,4,2,0.649,2025-01-18 04:12:25
CASE_00660,FIR/2025/708,2025-12-05 23:03:25,PHISHING,Kerala,Synthetic_District_34,25.615996,83.039935,81135.73,4,3.44,23,4,0.646,2025-12-09 23:03:25
CASE_00661,FIR/2025/344,2025-05-11 19:48:25,UPI_FRAUD,Maharashtra,Synthetic_District_35,10.929928,74.567485,28804.0,20,3.53,19,6,0.405,2025-05-24 19:48:25
CASE_00662,FIR/2025/374,2025-01-11 00:31:25,OTHER,Gujarat,Synthetic_District_14,12.959844,73.903689,176026.01,10,3.56,0,5,0.288,2025-01-12 00:31:25
CASE_00663,FIR/2025/856,2025-01-03 22:17:25,IMPERSONATION,Kerala,Synthetic_District_45,14.919965,77.138262,124801.55,3,0.92,22,4,0.332,2025-01-18 22:17:25
CASE_00664,FIR/2025/121,2025-02-21 17:27:25,NET_BANKING_FRAUD,Delhi,Synthetic_District_17,33.556468,72.951028,86156.59,1,3.01,17,4,0.97,2025-03-12 17:27:25
CASE_00665,FIR/2024/146,2024-10-01 08:40:25,PHISHING,Karnataka,Synthetic_District_37,27.721342,76.429099,95041.08,8,2.67,8,1,0.167,2024-10-06 08:40:25
CASE_00666,FIR/2025/563,2025-01-03 20:04:25,OTHER,Gujarat,Synthetic_District_48,18.17265,83.825737,147501.11,16,1.34,20,4,0.459,2025-01-30 20:04:25
CASE_00667,FIR/2025/893,2025-09-26 02:30:25,CARD_FRAUD,Uttar Pradesh,Synthetic_District_31,11.270071,87.887741,178383.11,1,0.82,2,4,0.41,2025-10-04 02:30:25
CASE_00668,FIR/2026/691,2026-08-05 21:07:25,NET_BANKING_FRAUD,Andhra Pradesh,Synthetic_District_24,13.982918,70.588946,7150.03,13,3.23,21,2,0.965,2026-09-03 21:07:25
CASE_00669,FIR/2026/997,2026-07-03 14:19:25,NET_BANKING_FRAUD,West Bengal,Synthetic_District_12,15.693971,87.692925,197479.0,11,2.02,14,4,0.417,2026-07-12 14:19:25
CASE_00670,FIR/2025/451,2025-08-11 22:47:25,INVESTMENT_SCAM,Uttar Pradesh,Synthetic_District_8,20.570329,81.195803,544073.85,12,1.51,22,0,0.969,2025-08-27 22:47:25
CASE_00671,FIR/2026/396,2026-08-31 21:14:25,IMPERSONATION,Uttar Pradesh,Synthetic_District_36,27.265289,76.805722,30895.32,10,0.42,21,0,0.295,2026-09-15 21:14:25
CASE_00672,FIR/2024/154,2024-11-09 23:03:25,OTHER,Gujarat,Synthetic_District_20,8.147617,78.21541,119021.25,1,0.34,23,5,0.138,2024-12-08 23:03:25
CASE_00673,FIR/2025/188,2025-07-17 09:27:25,OTHER,Kerala,Synthetic_District_10,36.881513,73.705095,112589.07,19,4.6,9,3,0.291,2025-07-19 09:27:25
CASE_00674,FIR/2026/495,2026-01-27 04:00:25,OTHER,Andhra Pradesh,Synthetic_District_26,36.040298,70.846022,136021.56,9,4.61,4,1,0.597,2026-02-02 04:00:25
CASE_00675,FIR/2026/242,2026-04-30 06:28:25,CARD_FRAUD,Tamil Nadu,Synthetic_District_17,11.935032,84.074229,161071.67,10,1.59,6,3,0.297,2026-05-30 06:28:25
CASE_00676,FIR/2026/996,2026-07-05 07:19:25,PHISHING,Andhra Pradesh,Synthetic_District_7,12.019686,80.815139,75817.22,11,2.57,7,6,0.685,2026-07-17 07:19:25
CASE_00677,FIR/2026/520,2026-01-22 04:12:25,NET_BANKING_FRAUD,Gujarat,Synthetic_District_2,34.46419,68.766241,84680.63,14,0.53,4,3,0.141,2026-02-21 04:12:25
CASE_00678,FIR/2025/735,2025-08-05 00:22:25,INVESTMENT_SCAM,West Bengal,Synthetic_District_37,33.456352,69.552545,404455.59,13,0.72,0,1,0.67,2025-08-20 00:22:25
CASE_00679,FIR/2026/376,2026-03-14 07:38:25,UPI_FRAUD,Maharashtra,Synthetic_District_22,25.235851,91.836264,4324.49,19,2.46,7,5,0.331,2026-03-16 07:38:25
CASE_00680,FIR/2025/834,2025-02-01 16:22:25,IMPERSONATION,Karnataka,Synthetic_District_45,13.946869,72.180405,102653.35,16,0.77,16,5,0.895,2025-02-22 16:22:25
CASE_00681,FIR/2025/106,2025-03-07 02:25:25,CARD_FRAUD,Gujarat,Synthetic_District_40,27.945466,71.326557,144109.27,1,0.85,2,4,0.88,2025-03-24 02:25:25
CASE_00682,FIR/2025/952,2025-01-06 23:58:25,UPI_FRAUD,West Bengal,Synthetic_District_29,19.330703,94.855289,23739.75,10,2.08,23,0,0.983,2025-02-02 23:58:25
CASE_00683,FIR/2025/549,2025-05-28 10:01:25,OTHER,Uttar Pradesh,Synthetic_District_8,20.538257,86.449718,122939.25,6,0.79,10,2,0.745,2025-06-05 10:01:25
CASE_00684,FIR/2025/587,2025-03-23 09:32:25,IMPERSONATION,Gujarat,Synthetic_District_19,16.394022,70.900571,109789.52,19,2.52,9,6,0.668,2025-04-05 09:32:25
CASE_00685,FIR/2025/933,2025-10-30 15:36:25,UPI_FRAUD,Andhra Pradesh,Synthetic_District_10,8.811149,81.255386,23251.79,19,2.01,15,3,0.581,2025-11-01 15:36:25
CASE_00686,FIR/2026/143,2026-07-22 13:42:25,IMPERSONATION,Telangana,Synthetic_District_9,21.569306,88.968893,124355.42,9,0.14,13,2,0.158,2026-08-08 13:42:25
CASE_00687,FIR/2026/625,2026-02-26 23:07:25,IMPERSONATION,Maharashtra,Synthetic_District_12,27.021658,78.204143,105486.07,19,1.76,23,3,0.715,2026-03-24 23:07:25
CASE_00688,FIR/2025/503,2025-02-20 01:35:25,OTHER,Maharashtra,Synthetic_District_42,22.028595,95.914095,132030.35,20,3.33,1,3,0.576,2025-03-22 01:35:25
CASE_00689,FIR/2026/431,2026-03-03 14:18:25,CARD_FRAUD,Uttar Pradesh,Synthetic_District_38,18.094761,85.906776,26754.97,13,0.43,14,1,0.03,2026-03-27 14:18:25
CASE_00690,FIR/2025/795,2025-03-10 23:51:25,IMPERSONATION,Gujarat,Synthetic_District_21,30.037369,96.458523,22137.87,8,0.62,23,0,0.881,2025-04-03 23:51:25
CASE_00691,FIR/2025/356,2025-10-28 06:44:25,UPI_FRAUD,Maharashtra,Synthetic_District_3,32.557254,70.113569,3190.14,12,3.07,6,1,0.841,2025-11-27 06:44:25
CASE_00692,FIR/2025/236,2025-03-27 02:51:25,IMPERSONATION,Uttar Pradesh,Synthetic_District_36,13.792298,75.322353,90452.42,15,3.43,2,3,0.225,2025-04-20 02:51:25
CASE_00693,FIR/2025/296,2025-03-14 06:37:25,INVESTMENT_SCAM,Maharashtra,Synthetic_District_38,8.703049,95.835138,818238.61,4,1.1,6,4,0.81,2025-04-12 06:37:25
CASE_00694,FIR/2024/985,2024-10-05 04:34:25,NET_BANKING_FRAUD,Maharashtra,Synthetic_District_22,13.373826,89.169336,114090.71,17,2.53,4,5,0.832,2024-10-24 04:34:25
CASE_00695,FIR/2026/672,2026-01-28 09:07:25,CARD_FRAUD,Delhi,Synthetic_District_5,20.727464,86.13865,124077.29,3,2.89,9,2,0.127,2026-02-14 09:07:25
CASE_00696,FIR/2025/715,2025-07-31 19:52:25,NET_BANKING_FRAUD,West Bengal,Synthetic_District_22,8.653732,91.818506,46884.13,10,4.62,19,3,0.251,2025-08-23 19:52:25
CASE_00697,FIR/2025/394,2025-09-30 19:40:25,OTHER,Maharashtra,Synthetic_District_35,24.68532,92.742661,32414.74,20,2.55,19,1,0.399,2025-10-02 19:40:25
CASE_00698,FIR/2026/369,2026-04-12 15:42:25,UPI_FRAUD,Karnataka,Synthetic_District_3,17.803312,75.565552,29180.35,11,4.45,15,6,0.059,2026-04-19 15:42:25
CASE_00699,FIR/2026/999,2026-04-13 16:06:25,OTHER,Karnataka,Synthetic_District_16,22.313098,91.3642,133003.89,19,4.53,16,0,0.703,2026-05-08 16:06:25
CASE_00700,FIR/2024/727,2024-11-05 03:49:25,NET_BANKING_FRAUD,Maharashtra,Synthetic_District_36,21.884373,71.754473,120031.38,2,0.61,3,1,0.497,2024-11-13 03:49:25
CASE_00701,FIR/2026/970,2026-07-27 04:12:25,NET_BANKING_FRAUD,Tamil Nadu,Synthetic_District_2,35.006149,68.764261,61380.25,7,2.72,4,0,0.86,2026-08-18 04:12:25
CASE_00702,FIR/2026/496,2026-08-31 15:46:25,INVESTMENT_SCAM,Andhra Pradesh,Synthetic_District_45,11.631884,88.338796,508064.67,18,0.78,15,0,0.438,2026-09-29 15:46:25
CASE_00703,FIR/2026/159,2026-06-22 04:07:25,PHISHING,Tamil Nadu,Synthetic_District_15,10.667734,68.29144,69282.0,14,3.76,4,0,0.888,2026-07-18 04:07:25
CASE_00704,FIR/2026/837,2026-04-02 10:47:25,OTHER,Tamil Nadu,Synthetic_District_4,10.221739,71.674761,3964.81,6,1.48,10,3,0.314,2026-04-22 10:47:25
CASE_00705,FIR/2026/590,2026-08-01 00:03:25,PHISHING,Maharashtra,Synthetic_District_43,10.227311,75.255767,121618.65,18,1.11,0,5,0.705,2026-08-28 00:03:25
CASE_00706,FIR/2025/475,2025-09-30 00:13:25,IMPERSONATION,West Bengal,Synthetic_District_19,33.200157,75.081968,61241.06,9,1.66,0,1,0.541,2025-10-04 00:13:25
CASE_00707,FIR/2024/736,2024-11-24 04:42:25,NET_BANKING_FRAUD,Gujarat,Synthetic_District_18,10.274936,94.449427,141394.83,17,1.23,4,6,0.742,2024-12-01 04:42:25
CASE_00708,FIR/2025/136,2025-02-02 04:31:25,OTHER,Tamil Nadu,Synthetic_District_45,20.768045,90.161567,157800.07,4,0.2,4,6,0.836,2025-02-11 04:31:25
CASE_00709,FIR/2025/186,2025-07-11 11:09:25,CARD_FRAUD,Karnataka,Synthetic_District_18,32.782653,79.134152,165608.59,1,4.33,11,4,0.385,2025-07-13 11:09:25
CASE_00710,FIR/2025/645,2025-05-16 23:09:25,PHISHING,Karnataka,Synthetic_District_43,16.849294,83.704926,132325.21,12,4.69,23,4,0.91,2025-06-10 23:09:25
CASE_00711,FIR/2025/875,2025-09-09 01:36:25,OTHER,Karnataka,Synthetic_District_22,29.047802,86.024385,118600.77,14,3.93,1,1,0.929,2025-10-04 01:36:25
CASE_00712,FIR/2024/794,2024-11-26 20:20:25,NET_BANKING_FRAUD,Kerala,Synthetic_District_35,21.441574,84.605474,190542.25,19,3.87,20,1,0.26,2024-12-09 20:20:25
CASE_00713,FIR/2026/115,2026-01-21 16:44:25,PHISHING,Kerala,Synthetic_District_44,35.57805,70.480569,27242.67,8,3.88,16,2,0.296,2026-02-09 16:44:25
CASE_00714,FIR/2025/775,2025-11-07 18:24:25,CARD_FRAUD,Kerala,Synthetic_District_42,31.497525,85.631976,72977.28,4,1.6,18,4,0.661,2025-12-04 18:24:25
CASE_00715,FIR/2025/109,2025-06-26 22:13:25,NET_BANKING_FRAUD,Gujarat,Synthetic_District_3,36.010679,81.926029,4436.07,18,1.17,22,3,0.059,2025-06-29 22:13:25
CASE_00716,FIR/2025/551,2025-07-10 12:20:25,CARD_FRAUD,Delhi,Synthetic_District_17,30.213328,76.008186,190705.36,16,0.72,12,3,0.63,2025-07-15 12:20:25
CASE_00717,FIR/2026/139,2026-06-24 12:48:25,PHISHING,Delhi,Synthetic_District_44,22.694856,80.768958,23774.87,11,0.31,12,2,0.717,2026-06-26 12:48:25
CASE_00718,FIR/2025/969,2025-06-22 00:46:25,IMPERSONATION,Telangana,Synthetic_District_35,28.83126,85.416786,169141.25,12,0.63,0,6,0.507,2025-06-26 00:46:25
CASE_00719,FIR/2026/480,2026-03-06 19:00:25,PHISHING,Andhra Pradesh,Synthetic_District_5,26.614724,93.399741,65832.02,5,0.22,19,4,0.607,2026-03-18 19:00:25
CASE_00720,FIR/2025/401,2025-09-08 06:42:25,IMPERSONATION,Uttar Pradesh,Synthetic_District_2,12.649072,69.293707,75568.41,5,4.57,6,0,0.026,2025-09-28 06:42:25
CASE_00721,FIR/2025/620,2025-05-04 03:17:25,IMPERSONATION,Uttar Pradesh,Synthetic_District_46,17.97753,74.231193,156393.88,19,0.26,3,6,0.726,2025-05-17 03:17:25
CASE_00722,FIR/2026/688,2026-07-25 18:49:25,PHISHING,West Bengal,Synthetic_District_47,20.124323,89.258324,113515.07,17,4.01,18,5,0.607,2026-08-16 18:49:25
CASE_00723,FIR/2026/956,2026-03-21 09:13:25,CARD_FRAUD,Uttar Pradesh,Synthetic_District_19,34.421016,77.531851,54567.36,12,1.23,9,5,0.315,2026-03-25 09:13:25
CASE_00724,FIR/2026/519,2026-09-09 00:13:25,IMPERSONATION,Telangana,Synthetic_District_6,18.207554,82.66366,191564.1,12,3.3,0,2,0.605,2026-09-24 00:13:25
CASE_00725,FIR/2025/228,2025-12-02 00:21:25,OTHER,West Bengal,Synthetic_District_16,30.517,79.820906,165530.0,19,3.36,0,1,0.606,2025-12-28 00:21:25
CASE_00726,FIR/2025/531,2025-07-20 03:05:25,UPI_FRAUD,West Bengal,Synthetic_District_10,24.704341,86.346263,4167.15,7,4.51,3,6,0.876,2025-07-21 03:05:25
CASE_00727,FIR/2025/828,2025-03-18 20:11:25,CARD_FRAUD,Gujarat,Synthetic_District_48,10.928866,93.214305,153336.4,14,0.22,20,1,0.167,2025-03-21 20:11:25
CASE_00728,FIR/2025/532,2025-02-12 09:40:25,INVESTMENT_SCAM,Telangana,Synthetic_District_9,19.667208,84.151283,922691.85,10,0.68,9,2,0.897,2025-03-13 09:40:25
CASE_00729,FIR/2025/839,2025-09-09 11:23:25,INVESTMENT_SCAM,Karnataka,Synthetic_District_5,29.423704,78.293771,152383.2,15,4.56,11,1,0.631,2025-10-03 11:23:25
CASE_00730,FIR/2025/851,2025-12-20 02:33:25,NET_BANKING_FRAUD,Delhi,Synthetic_District_47,30.212716,94.573914,140322.62,17,0.51,2,5,0.896,2026-01-08 02:33:25
CASE_00731,FIR/2026/428,2026-05-30 04:28:25,IMPERSONATION,Gujarat,Synthetic_District_12,22.751349,85.054345,91251.9,4,1.24,4,5,0.493,2026-06-01 04:28:25
CASE_00732,FIR/2026/964,2026-04-30 09:42:25,INVESTMENT_SCAM,Andhra Pradesh,Synthetic_District_19,17.361202,77.238771,600836.8,6,4.77,9,3,0.042,2026-05-24 09:42:25
CASE_00733,FIR/2025/730,2025-05-03 06:18:25,CARD_FRAUD,Telangana,Synthetic_District_7,18.073023,72.802184,115452.43,10,1.44,6,5,0.439,2025-06-01 06:18:25
CASE_00734,FIR/2025/871,2025-03-22 02:43:25,CARD_FRAUD,Maharashtra,Synthetic_District_15,27.326575,72.089091,197772.31,7,2.81,2,5,0.509,2025-03-28 02:43:25
CASE_00735,FIR/2024/652,2024-10-28 12:42:25,UPI_FRAUD,West Bengal,Synthetic_District_13,8.193288,92.14263,47996.85,1,1.91,12,0,0.282,2024-11-16 12:42:25
CASE_00736,FIR/2025/564,2025-12-10 16:13:25,INVESTMENT_SCAM,Kerala,Synthetic_District_8,28.771276,94.656326,169869.77,4,2.28,16,2,0.432,2025-12-19 16:13:25
CASE_00737,FIR/2024/462,2024-12-26 21:02:25,IMPERSONATION,Maharashtra,Synthetic_District_48,31.006287,89.093486,134074.4,11,0.87,21,3,0.335,2025-01-10 21:02:25
CASE_00738,FIR/2026/823,2026-07-07 16:17:25,IMPERSONATION,Telangana,Synthetic_District_3,20.567951,95.038672,155632.07,17,1.66,16,1,0.841,2026-07-29 16:17:25
CASE_00739,FIR/2026/240,2026-07-02 18:25:25,IMPERSONATION,Uttar Pradesh,Synthetic_District_25,33.29133,74.386077,2586.15,7,1.4,18,3,0.151,2026-07-29 18:25:25
CASE_00740,FIR/2025/750,2025-04-09 16:16:25,CARD_FRAUD,Maharashtra,Synthetic_District_34,32.857547,89.733933,27226.59,1,2.23,16,2,0.491,2025-04-29 16:16:25
CASE_00741,FIR/2025/369,2025-05-01 14:56:25,UPI_FRAUD,Uttar Pradesh,Synthetic_District_25,26.299765,74.806758,20966.15,12,2.47,14,3,0.657,2025-05-07 14:56:25
CASE_00742,FIR/2025/601,2025-08-03 00:41:25,CARD_FRAUD,Andhra Pradesh,Synthetic_District_39,18.356708,81.947813,133927.18,4,1.17,0,6,0.963,2025-09-01 00:41:25
CASE_00743,FIR/2025/535,2025-07-21 06:13:25,CARD_FRAUD,Maharashtra,Synthetic_District_12,21.477342,77.248273,50231.86,4,1.8,6,0,0.398,2025-07-26 06:13:25
CASE_00744,FIR/2026/129,2026-02-07 08:23:25,NET_BANKING_FRAUD,Kerala,Synthetic_District_18,22.717135,93.804508,137757.16,14,0.4,8,5,0.772,2026-02-16 08:23:25
CASE_00745,FIR/2026/535,2026-08-22 03:11:25,NET_BANKING_FRAUD,Andhra Pradesh,Synthetic_District_17,34.458693,75.7812,161997.08,8,1.77,3,5,0.819,2026-09-01 03:11:25
CASE_00746,FIR/2026/648,2026-01-01 05:59:25,INVESTMENT_SCAM,Tamil Nadu,Synthetic_District_50,26.133309,95.488456,881840.88,20,3.09,5,3,0.129,2026-01-19 05:59:25
CASE_00747,FIR/2024/899,2024-10-20 15:46:25,OTHER,Telangana,Synthetic_District_23,30.238419,84.033932,76458.44,2,2.64,15,6,0.362,2024-10-27 15:46:25
CASE_00748,FIR/2025/397,2025-03-09 10:10:25,OTHER,Delhi,Synthetic_District_24,17.613561,74.252838,143846.28,8,4.71,10,6,0.036,2025-03-10 10:10:25
CASE_00749,FIR/2026/143,2026-03-22 20:17:25,NET_BANKING_FRAUD,Delhi,Synthetic_District_19,16.742527,74.670152,158477.35,8,0.27,20,6,0.75,2026-04-18 20:17:25
CASE_00750,FIR/2025/997,2025-10-21 13:10:25,PHISHING,Kerala,Synthetic_District_6,10.219285,82.63078,163840.88,14,0.2,13,1,0.743,2025-11-08 13:10:25
CASE_00751,FIR/2026/500,2026-06-10 20:51:25,IMPERSONATION,Tamil Nadu,Synthetic_District_39,32.919789,90.758381,118050.96,14,2.61,20,2,0.023,2026-06-19 20:51:25
CASE_00752,FIR/2026/690,2026-01-11 22:51:25,CARD_FRAUD,Gujarat,Synthetic_District_25,16.445921,70.698809,193883.22,14,2.85,22,6,0.483,2026-02-10 22:51:25
CASE_00753,FIR/2026/608,2026-09-19 10:17:25,PHISHING,Andhra Pradesh,Synthetic_District_24,30.118311,88.722783,77099.26,15,1.2,10,5,0.975,2026-10-02 10:17:25
CASE_00754,FIR/2025/758,2025-05-25 07:08:25,NET_BANKING_FRAUD,Kerala,Synthetic_District_22,12.169367,86.267501,113067.5,3,0.57,7,6,0.169,2025-06-22 07:08:25
CASE_00755,FIR/2026/731,2026-02-13 11:00:25,UPI_FRAUD,Gujarat,Synthetic_District_34,28.96794,84.432537,7152.4,8,0.39,11,4,0.493,2026-02-27 11:00:25
CASE_00756,FIR/2025/429,2025-08-14 16:06:25,OTHER,Uttar Pradesh,Synthetic_District_39,19.789494,68.161581,30971.78,7,3.8,16,3,0.795,2025-09-01 16:06:25
CASE_00757,FIR/2026/825,2026-02-23 03:26:25,PHISHING,Gujarat,Synthetic_District_33,24.08941,89.450865,65045.75,3,4.61,3,0,0.426,2026-02-26 03:26:25
CASE_00758,FIR/2025/866,2025-10-18 21:33:25,UPI_FRAUD,Maharashtra,Synthetic_District_11,13.723661,93.222726,8188.45,4,0.29,21,5,0.424,2025-10-24 21:33:25
CASE_00759,FIR/2026/660,2026-07-03 09:16:25,PHISHING,Andhra Pradesh,Synthetic_District_26,8.268497,71.409915,150049.69,10,3.63,9,4,0.88,2026-07-12 09:16:25
CASE_00760,FIR/2026/269,2026-03-19 03:24:25,CARD_FRAUD,Delhi,Synthetic_District_19,23.174286,73.929393,113198.27,20,4.76,3,3,0.371,2026-04-08 03:24:25
CASE_00761,FIR/2025/864,2025-06-14 08:14:25,PHISHING,Delhi,Synthetic_District_11,23.206975,92.052832,187304.3,1,1.66,8,5,0.179,2025-06-30 08:14:25
CASE_00762,FIR/2024/810,2024-12-06 17:04:25,IMPERSONATION,Maharashtra,Synthetic_District_35,21.299214,70.746722,38347.21,20,2.4,17,4,0.156,2024-12-18 17:04:25
CASE_00763,FIR/2026/114,2026-07-13 10:41:25,PHISHING,Tamil Nadu,Synthetic_District_18,16.24144,94.433811,69646.53,14,2.96,10,0,0.306,2026-08-02 10:41:25
CASE_00764,FIR/2025/307,2025-11-16 01:20:25,INVESTMENT_SCAM,Maharashtra,Synthetic_District_38,12.420232,89.189084,659519.39,9,0.97,1,6,0.564,2025-11-21 01:20:25
CASE_00765,FIR/2026/689,2026-03-18 11:26:25,OTHER,Uttar Pradesh,Synthetic_District_39,16.039888,91.411688,77206.36,20,3.38,11,2,0.473,2026-03-24 11:26:25
CASE_00766,FIR/2024/729,2024-10-01 23:58:25,UPI_FRAUD,Delhi,Synthetic_District_10,12.779733,93.363809,46484.4,11,0.48,23,1,0.97,2024-10-06 23:58:25
CASE_00767,FIR/2026/409,2026-03-07 07:12:25,IMPERSONATION,West Bengal,Synthetic_District_49,11.401598,84.244209,94866.13,13,3.89,7,5,0.706,2026-03-19 07:12:25
CASE_00768,FIR/2025/719,2025-08-15 09:05:25,INVESTMENT_SCAM,Tamil Nadu,Synthetic_District_11,35.419208,92.174543,124289.68,5,4.22,9,4,0.56,2025-08-31 09:05:25
CASE_00769,FIR/2026/545,2026-09-11 01:28:25,UPI_FRAUD,Telangana,Synthetic_District_12,8.733571,78.604928,27939.46,15,3.88,1,4,0.346,2026-09-25 01:28:25
CASE_00770,FIR/2025/283,2025-05-06 12:20:25,PHISHING,Karnataka,Synthetic_District_13,20.820336,83.254075,77109.03,1,2.97,12,1,0.328,2025-06-05 12:20:25
CASE_00771,FIR/2025/134,2025-10-12 01:17:25,UPI_FRAUD,Kerala,Synthetic_District_42,21.883311,69.273604,30378.04,9,1.44,1,6,0.057,2025-10-31 01:17:25
CASE_00772,FIR/2024/747,2024-10-31 15:44:25,NET_BANKING_FRAUD,Gujarat,Synthetic_District_32,13.039358,89.748144,199449.08,18,4.06,15,3,0.038,2024-11-01 15:44:25
CASE_00773,FIR/2026/991,2026-06-19 14:54:25,IMPERSONATION,Delhi,Synthetic_District_6,20.167605,92.528291,147503.04,2,2.27,14,4,0.711,2026-06-30 14:54:25
CASE_00774,FIR/2025/728,2025-01-07 10:02:25,OTHER,Karnataka,Synthetic_District_22,32.280932,92.598671,39642.29,11,4.5,10,1,0.169,2025-01-26 10:02:25
CASE_00775,FIR/2025/957,2025-10-10 08:45:25,IMPERSONATION,Karnataka,Synthetic_District_5,13.595258,90.077499,81231.44,5,3.67,8,4,0.084,2025-10-25 08:45:25
CASE_00776,FIR/2024/519,2024-11-14 01:23:25,PHISHING,Delhi,Synthetic_District_41,29.658024,92.297931,138054.62,1,1.62,1,3,0.561,2024-11-18 01:23:25
CASE_00777,FIR/2025/679,2025-09-14 07:21:25,OTHER,Gujarat,Synthetic_District_6,11.371589,70.62629,139562.14,3,1.01,7,6,0.591,2025-09-15 07:21:25
CASE_00778,FIR/2025/183,2025-03-21 16:58:25,IMPERSONATION,Tamil Nadu,Synthetic_District_20,32.281941,86.627204,75531.38,7,3.76,16,4,0.738,2025-03-31 16:58:25
CASE_00779,FIR/2024/243,2024-11-23 05:30:25,CARD_FRAUD,Uttar Pradesh,Synthetic_District_21,20.0055,92.222983,36422.8,9,4.43,5,5,0.177,2024-12-03 05:30:25
CASE_00780,FIR/2025/463,2025-06-22 15:13:25,CARD_FRAUD,Uttar Pradesh,Synthetic_District_24,18.116917,86.612951,19390.0,15,4.16,15,6,0.687,2025-06-28 15:13:25
CASE_00781,FIR/2024/315,2024-11-06 11:09:25,PHISHING,Andhra Pradesh,Synthetic_District_23,26.734232,87.778515,108051.81,10,1.12,11,2,0.7,2024-11-23 11:09:25
CASE_00782,FIR/2026/891,2026-04-17 16:35:25,CARD_FRAUD,Tamil Nadu,Synthetic_District_17,14.329393,75.564532,19060.74,4,2.63,16,4,0.631,2026-05-03 16:35:25
CASE_00783,FIR/2025/486,2025-02-20 07:22:25,CARD_FRAUD,Uttar Pradesh,Synthetic_District_3,17.348789,71.033776,75084.27,12,4.36,7,3,0.008,2025-03-06 07:22:25
CASE_00784,FIR/2026/291,2026-01-29 03:06:25,IMPERSONATION,Telangana,Synthetic_District_20,12.719624,83.856565,180692.99,1,2.25,3,3,0.617,2026-02-17 03:06:25
CASE_00785,FIR/2026/954,2026-05-12 15:12:25,IMPERSONATION,Tamil Nadu,Synthetic_District_17,28.977801,85.427316,80467.36,16,3.42,15,1,0.3,2026-06-11 15:12:25
CASE_00786,FIR/2025/375,2025-05-27 08:51:25,NET_BANKING_FRAUD,Uttar Pradesh,Synthetic_District_26,25.199205,72.756753,85752.95,6,4.62,8,1,0.887,2025-06-19 08:51:25
CASE_00787,FIR/2026/779,2026-03-19 23:21:25,OTHER,Telangana,Synthetic_District_4,36.139429,76.968933,28770.29,5,4.03,23,3,0.459,2026-03-25 23:21:25
CASE_00788,FIR/2026/276,2026-01-13 17:27:25,PHISHING,Kerala,Synthetic_District_20,10.330883,74.849324,40880.9,7,2.24,17,1,0.724,2026-01-18 17:27:25
CASE_00789,FIR/2026/588,2026-09-01 10:39:25,OTHER,Delhi,Synthetic_District_23,10.897491,83.945043,75477.3,13,3.52,10,1,0.913,2026-09-23 10:39:25
CASE_00790,FIR/2025/198,2025-10-20 07:30:25,PHISHING,Andhra Pradesh,Synthetic_District_9,17.232344,95.12261,152848.18,13,3.89,7,0,0.898,2025-11-16 07:30:25
CASE_00791,FIR/2026/646,2026-08-21 16:40:25,NET_BANKING_FRAUD,Maharashtra,Synthetic_District_23,22.160971,89.472444,119790.84,19,0.23,16,4,0.886,2026-08-27 16:40:25
CASE_00792,FIR/2025/101,2025-05-28 04:08:25,CARD_FRAUD,Uttar Pradesh,Synthetic_District_39,29.798849,94.522994,100789.73,8,0.78,4,2,0.188,2025-06-04 04:08:25
CASE_00793,FIR/2025/284,2025-08-05 05:50:25,CARD_FRAUD,Andhra Pradesh,Synthetic_District_10,16.26396,79.21765,77429.24,16,0.27,5,1,0.959,2025-08-19 05:50:25
CASE_00794,FIR/2025/208,2025-03-31 22:10:25,IMPERSONATION,Gujarat,Synthetic_District_6,18.042319,89.247449,103952.37,13,4.04,22,0,0.012,2025-04-11 22:10:25
CASE_00795,FIR/2025/111,2025-02-08 11:17:25,NET_BANKING_FRAUD,Gujarat,Synthetic_District_42,35.837711,79.649398,137573.43,2,1.58,11,5,0.259,2025-03-01 11:17:25
CASE_00796,FIR/2025/614,2025-01-26 12:36:25,OTHER,Telangana,Synthetic_District_50,21.732871,77.716842,181733.96,18,4.86,12,6,0.112,2025-02-01 12:36:25
CASE_00797,FIR/2025/181,2025-12-08 10:33:25,NET_BANKING_FRAUD,Delhi,Synthetic_District_1,17.776355,95.091135,174192.55,19,1.36,10,0,0.515,2025-12-28 10:33:25
CASE_00798,FIR/2026/224,2026-01-08 05:48:25,NET_BANKING_FRAUD,Gujarat,Synthetic_District_30,18.64602,93.785812,57061.08,12,1.34,5,3,0.337,2026-01-18 05:48:25
CASE_00799,FIR/2024/527,2024-10-24 10:02:25,PHISHING,Karnataka,Synthetic_District_29,17.414344,86.443498,59354.7,20,0.65,10,3,0.732,2024-11-11 10:02:25
CASE_00800,FIR/2025/229,2025-11-08 23:56:25,UPI_FRAUD,Delhi,Synthetic_District_41,22.310059,93.888784,26795.76,12,4.86,23,5,0.689,2025-11-16 23:56:25
CASE_00801,FIR/2026/481,2026-03-20 11:14:25,UPI_FRAUD,Karnataka,Synthetic_District_10,25.671251,88.990496,3919.15,4,1.97,11,4,0.98,2026-03-23 11:14:25
CASE_00802,FIR/2025/122,2025-09-10 13:32:25,CARD_FRAUD,Delhi,Synthetic_District_48,15.448882,86.933968,85083.45,3,4.2,13,2,0.433,2025-09-14 13:32:25
CASE_00803,FIR/2025/652,2025-04-14 11:01:25,CARD_FRAUD,Tamil Nadu,Synthetic_District_45,31.169669,78.852855,123500.71,16,1.15,11,0,0.935,2025-04-23 11:01:25
CASE_00804,FIR/2026/719,2026-09-04 22:02:25,INVESTMENT_SCAM,Andhra Pradesh,Synthetic_District_12,27.668039,75.907703,687867.66,14,1.11,22,4,0.782,2026-09-26 22:02:25
CASE_00805,FIR/2025/750,2025-02-09 01:02:25,NET_BANKING_FRAUD,Telangana,Synthetic_District_7,14.418387,68.524115,120216.81,11,1.18,1,6,0.611,2025-03-05 01:02:25
CASE_00806,FIR/2026/750,2026-09-29 12:37:25,NET_BANKING_FRAUD,Uttar Pradesh,Synthetic_District_22,23.70228,81.792484,117994.92,18,0.16,12,1,0.341,2026-10-11 12:37:25
CASE_00807,FIR/2025/315,2025-12-28 21:14:25,OTHER,West Bengal,Synthetic_District_45,12.930389,79.311776,148771.66,13,0.26,21,6,0.852,2025-12-31 21:14:25
CASE_00808,FIR/2026/865,2026-07-08 08:20:25,CARD_FRAUD,West Bengal,Synthetic_District_24,16.816949,89.774868,17535.31,15,3.41,8,2,0.03,2026-07-28 08:20:25
CASE_00809,FIR/2026/525,2026-05-20 22:24:25,CARD_FRAUD,Karnataka,Synthetic_District_49,36.227355,84.136745,113413.59,16,4.95,22,2,0.375,2026-06-07 22:24:25
CASE_00810,FIR/2025/505,2025-02-11 05:23:25,OTHER,Tamil Nadu,Synthetic_District_14,36.771796,84.551605,25575.31,6,4.34,5,1,0.767,2025-03-07 05:23:25
CASE_00811,FIR/2025/528,2025-11-14 10:11:25,CARD_FRAUD,Uttar Pradesh,Synthetic_District_18,17.262701,78.532066,150504.9,4,3.35,10,4,0.687,2025-12-05 10:11:25
CASE_00812,FIR/2026/330,2026-07-13 03:17:25,INVESTMENT_SCAM,Andhra Pradesh,Synthetic_District_32,29.948017,76.302219,555882.98,15,0.87,3,0,0.873,2026-07-26 03:17:25
CASE_00813,FIR/2025/575,2025-07-21 17:19:25,OTHER,Delhi,Synthetic_District_44,34.311146,79.117249,67476.91,14,4.87,17,0,0.41,2025-08-11 17:19:25
CASE_00814,FIR/2024/615,2024-10-29 11:59:25,PHISHING,Maharashtra,Synthetic_District_39,24.546956,79.854483,122331.51,1,1.69,11,1,0.25,2024-11-17 11:59:25
CASE_00815,FIR/2026/123,2026-07-02 08:28:25,UPI_FRAUD,Uttar Pradesh,Synthetic_District_42,19.290842,82.828728,47597.12,7,4.27,8,3,0.161,2026-07-14 08:28:25
CASE_00816,FIR/2025/430,2025-06-01 22:15:25,IMPERSONATION,Delhi,Synthetic_District_19,9.879572,68.895803,184355.75,19,2.36,22,6,0.245,2025-06-21 22:15:25
CASE_00817,FIR/2025/612,2025-12-28 00:35:25,PHISHING,Maharashtra,Synthetic_District_39,32.298388,93.290478,194588.25,6,1.3,0,6,0.722,2025-12-31 00:35:25
CASE_00818,FIR/2024/987,2024-10-07 15:47:25,IMPERSONATION,West Bengal,Synthetic_District_31,33.0029,70.040603,135697.6,14,4.79,15,0,0.883,2024-10-25 15:47:25
CASE_00819,FIR/2025/646,2025-01-31 15:34:25,INVESTMENT_SCAM,Karnataka,Synthetic_District_29,21.943419,89.054921,664734.87,10,4.08,15,4,0.828,2025-02-24 15:34:25
CASE_00820,FIR/2024/744,2024-11-09 04:10:25,IMPERSONATION,Gujarat,Synthetic_District_28,30.835282,71.005067,185550.59,9,3.81,4,5,0.58,2024-12-05 04:10:25
CASE_00821,FIR/2025/447,2025-01-22 15:55:25,CARD_FRAUD,Delhi,Synthetic_District_16,31.07104,74.092465,83165.72,4,1.72,15,2,0.694,2025-02-06 15:55:25
CASE_00822,FIR/2026/450,2026-09-26 08:33:25,PHISHING,Kerala,Synthetic_District_45,20.89549,90.833845,151639.13,9,2.88,8,5,0.594,2026-10-21 08:33:25
CASE_00823,FIR/2025/479,2025-02-19 21:18:25,CARD_FRAUD,Uttar Pradesh,Synthetic_District_24,28.700291,76.893219,6162.16,6,2.88,21,2,0.305,2025-03-14 21:18:25
CASE_00824,FIR/2025/811,2025-12-24 14:03:25,PHISHING,Delhi,Synthetic_District_10,25.616033,92.915281,149002.9,9,3.22,14,2,0.028,2025-12-31 14:03:25
CASE_00825,FIR/2026/472,2026-05-20 01:54:25,INVESTMENT_SCAM,West Bengal,Synthetic_District_48,33.236744,82.987721,61463.38,16,3.13,1,2,0.17,2026-06-01 01:54:25
CASE_00826,FIR/2026/635,2026-07-20 21:22:25,OTHER,Telangana,Synthetic_District_25,33.096852,82.072128,100717.96,6,4.37,21,0,0.482,2026-08-05 21:22:25
CASE_00827,FIR/2025/416,2025-10-22 17:27:25,UPI_FRAUD,Tamil Nadu,Synthetic_District_15,12.352567,85.650596,17184.11,4,3.28,17,2,0.357,2025-11-06 17:27:25
CASE_00828,FIR/2026/966,2026-05-06 13:43:25,UPI_FRAUD,West Bengal,Synthetic_District_15,29.499958,78.54325,42014.86,2,2.05,13,2,0.099,2026-05-17 13:43:25
CASE_00829,FIR/2026/966,2026-03-02 19:02:25,INVESTMENT_SCAM,West Bengal,Synthetic_District_6,36.142679,69.623269,963573.37,19,2.66,19,0,0.245,2026-03-28 19:02:25
CASE_00830,FIR/2025/333,2025-04-05 15:44:25,IMPERSONATION,Gujarat,Synthetic_District_12,9.166751,85.664994,171647.0,18,1.46,15,5,0.743,2025-04-29 15:44:25
CASE_00831,FIR/2024/333,2024-12-03 21:18:25,CARD_FRAUD,Tamil Nadu,Synthetic_District_38,30.088734,81.841187,13112.16,4,2.73,21,1,0.781,2024-12-14 21:18:25
CASE_00832,FIR/2026/185,2026-07-10 18:57:25,NET_BANKING_FRAUD,Gujarat,Synthetic_District_13,10.896401,85.0919,24164.87,20,2.49,18,4,0.569,2026-07-29 18:57:25
CASE_00833,FIR/2025/299,2025-12-13 20:31:25,NET_BANKING_FRAUD,Uttar Pradesh,Synthetic_District_41,25.817985,81.231379,155701.78,1,1.33,20,5,0.407,2025-12-22 20:31:25
CASE_00834,FIR/2026/626,2026-02-16 12:56:25,CARD_FRAUD,Kerala,Synthetic_District_42,16.689481,93.150568,101951.3,8,1.77,12,0,0.678,2026-03-05 12:56:25
CASE_00835,FIR/2025/286,2025-08-12 13:13:25,UPI_FRAUD,Gujarat,Synthetic_District_1,17.257019,96.256277,48863.73,16,2.53,13,1,0.179,2025-09-06 13:13:25
CASE_00836,FIR/2025/553,2025-12-16 14:04:25,UPI_FRAUD,Telangana,Synthetic_District_41,27.921809,91.854173,46272.24,7,3.92,14,1,0.763,2025-12-23 14:04:25
CASE_00837,FIR/2025/583,2025-08-10 09:04:25,CARD_FRAUD,Maharashtra,Synthetic_District_44,16.701781,85.676274,153517.68,19,3.39,9,6,0.324,2025-08-17 09:04:25
CASE_00838,FIR/2025/260,2025-11-08 22:39:25,PHISHING,Telangana,Synthetic_District_34,36.453478,86.951228,122414.52,14,3.92,22,5,0.269,2025-12-08 22:39:25
CASE_00839,FIR/2025/479,2025-06-26 08:44:25,OTHER,Delhi,Synthetic_District_20,17.677943,78.264074,167053.37,11,2.3,8,3,0.425,2025-07-09 08:44:25
CASE_00840,FIR/2025/518,2025-11-30 17:33:25,NET_BANKING_FRAUD,Telangana,Synthetic_District_42,31.355752,96.274587,12006.18,9,0.2,17,6,0.704,2025-12-07 17:33:25
CASE_00841,FIR/2026/124,2026-08-08 15:01:25,CARD_FRAUD,Telangana,Synthetic_District_28,30.936679,77.444869,166677.8,18,3.72,15,5,0.797,2026-08-28 15:01:25
CASE_00842,FIR/2026/348,2026-02-27 07:39:25,CARD_FRAUD,Delhi,Synthetic_District_21,28.962625,95.303331,22260.08,19,2.4,7,4,0.971,2026-03-01 07:39:25
CASE_00843,FIR/2026/386,2026-08-06 05:29:25,IMPERSONATION,Uttar Pradesh,Synthetic_District_38,18.87555,70.941758,97921.23,11,1.45,5,3,0.369,2026-09-05 05:29:25
CASE_00844,FIR/2025/175,2025-07-17 20:15:25,PHISHING,Telangana,Synthetic_District_50,29.241022,91.90501,176289.1,5,2.99,20,3,0.574,2025-08-04 20:15:25
CASE_00845,FIR/2024/881,2024-12-29 07:00:25,CARD_FRAUD,Kerala,Synthetic_District_36,23.399797,76.451162,114973.9,1,0.79,7,6,0.77,2025-01-26 07:00:25
CASE_00846,FIR/2026/469,2026-09-16 15:32:25,CARD_FRAUD,Gujarat,Synthetic_District_48,33.652971,73.340061,191482.83,15,1.22,15,2,0.362,2026-09-23 15:32:25
CASE_00847,FIR/2026/123,2026-08-24 15:01:25,CARD_FRAUD,Delhi,Synthetic_District_8,26.624967,80.392597,121119.76,16,4.01,15,0,0.832,2026-08-26 15:01:25
CASE_00848,FIR/2026/132,2026-03-08 03:46:25,INVESTMENT_SCAM,West Bengal,Synthetic_District_21,30.913988,82.268275,465346.57,19,1.74,3,6,0.067,2026-03-11 03:46:25
CASE_00849,FIR/2026/262,2026-04-30 19:20:25,OTHER,West Bengal,Synthetic_District_6,24.643832,81.584957,23354.65,7,3.78,19,3,0.767,2026-05-14 19:20:25
CASE_00850,FIR/2025/438,2025-07-10 07:13:25,IMPERSONATION,Maharashtra,Synthetic_District_12,26.787356,77.854482,31288.86,17,3.93,7,3,0.739,2025-07-24 07:13:25
CASE_00851,FIR/2024/948,2024-10-21 05:21:25,CARD_FRAUD,Andhra Pradesh,Synthetic_District_2,8.247599,77.349145,2264.44,5,1.37,5,0,0.223,2024-11-12 05:21:25
CASE_00852,FIR/2025/888,2025-08-30 10:14:25,IMPERSONATION,Uttar Pradesh,Synthetic_District_23,33.904063,88.732229,133414.97,19,0.85,10,5,0.773,2025-09-06 10:14:25
CASE_00853,FIR/2025/964,2025-08-10 21:51:25,UPI_FRAUD,Karnataka,Synthetic_District_50,11.692383,78.107068,26717.76,3,1.7,21,6,0.315,2025-08-18 21:51:25
CASE_00854,FIR/2026/377,2026-08-03 22:57:25,CARD_FRAUD,Tamil Nadu,Synthetic_District_14,30.398015,68.791597,33494.49,15,0.7,22,0,0.948,2026-08-04 22:57:25
CASE_00855,FIR/2025/150,2025-12-28 16:39:25,IMPERSONATION,Gujarat,Synthetic_District_29,19.576168,73.963336,42508.29,13,2.99,16,6,0.125,2026-01-03 16:39:25
CASE_00856,FIR/2026/874,2026-03-02 11:31:25,INVESTMENT_SCAM,Tamil Nadu,Synthetic_District_8,35.280177,89.478618,165618.56,12,3.77,11,0,0.317,2026-03-09 11:31:25
CASE_00857,FIR/2025/361,2025-05-02 19:36:25,INVESTMENT_SCAM,West Bengal,Synthetic_District_8,35.402008,68.468218,391865.56,13,4.04,19,4,0.4,2025-05-30 19:36:25
CASE_00858,FIR/2025/544,2025-01-10 04:08:25,CARD_FRAUD,Kerala,Synthetic_District_15,36.99149,70.449093,167470.39,13,4.39,4,4,0.016,2025-01-19 04:08:25
CASE_00859,FIR/2026/281,2026-07-24 02:47:25,PHISHING,Uttar Pradesh,Synthetic_District_1,11.710501,72.516991,169635.55,16,3.84,2,4,0.061,2026-08-19 02:47:25
CASE_00860,FIR/2025/524,2025-05-02 16:27:25,CARD_FRAUD,Delhi,Synthetic_District_27,13.00018,95.152456,74969.1,5,3.74,16,4,0.81,2025-05-08 16:27:25
CASE_00861,FIR/2025/308,2025-10-07 20:35:25,PHISHING,Kerala,Synthetic_District_26,26.134062,94.360445,6966.05,9,3.15,20,1,0.028,2025-10-08 20:35:25
CASE_00862,FIR/2025/992,2025-09-03 17:41:25,NET_BANKING_FRAUD,Delhi,Synthetic_District_27,9.348484,78.934066,7810.33,20,3.64,17,2,0.17,2025-09-07 17:41:25
CASE_00863,FIR/2024/167,2024-10-15 04:42:25,PHISHING,Maharashtra,Synthetic_District_31,21.468566,80.037228,19332.66,18,2.26,4,1,0.857,2024-11-10 04:42:25
CASE_00864,FIR/2026/363,2026-07-13 17:04:25,NET_BANKING_FRAUD,Delhi,Synthetic_District_21,27.034854,78.601899,94427.91,20,3.38,17,0,0.096,2026-07-29 17:04:25
CASE_00865,FIR/2026/924,2026-05-06 22:53:25,PHISHING,Delhi,Synthetic_District_15,27.117088,89.552372,103432.07,13,1.48,22,2,0.615,2026-05-14 22:53:25
CASE_00866,FIR/2025/436,2025-05-19 00:56:25,IMPERSONATION,Gujarat,Synthetic_District_43,25.132755,82.990226,132214.5,9,3.82,0,0,0.132,2025-06-02 00:56:25
CASE_00867,FIR/2025/971,2025-10-18 13:54:25,INVESTMENT_SCAM,Karnataka,Synthetic_District_48,34.274421,79.16587,749589.81,2,3.99,13,5,0.98,2025-10-19 13:54:25
CASE_00868,FIR/2025/265,2025-02-23 12:47:25,OTHER,Andhra Pradesh,Synthetic_District_21,8.339663,81.942515,159159.67,12,1.02,12,6,0.87,2025-03-14 12:47:25
CASE_00869,FIR/2025/658,2025-11-19 06:58:25,NET_BANKING_FRAUD,Gujarat,Synthetic_District_8,29.603852,87.008355,124641.2,17,4.63,6,2,0.337,2025-12-18 06:58:25
CASE_00870,FIR/2025/890,2025-04-08 01:06:25,OTHER,West Bengal,Synthetic_District_30,27.234194,87.372368,174522.25,11,3.84,1,1,0.263,2025-05-04 01:06:25
CASE_00871,FIR/2025/229,2025-10-09 06:26:25,UPI_FRAUD,Maharashtra,Synthetic_District_15,36.277549,92.072261,48241.2,4,2.8,6,3,0.296,2025-11-06 06:26:25
CASE_00872,FIR/2025/184,2025-09-20 02:13:25,NET_BANKING_FRAUD,West Bengal,Synthetic_District_12,19.529185,95.296242,111106.41,17,1.05,2,5,0.84,2025-09-28 02:13:25
CASE_00873,FIR/2024/715,2024-10-16 23:31:25,IMPERSONATION,Delhi,Synthetic_District_37,32.93786,83.226311,71433.36,18,1.88,23,2,0.23,2024-11-02 23:31:25
CASE_00874,FIR/2025/750,2025-03-19 03:55:25,UPI_FRAUD,Uttar Pradesh,Synthetic_District_15,32.453925,89.782021,34051.81,5,2.75,3,2,0.955,2025-04-02 03:55:25
CASE_00875,FIR/2025/634,2025-04-25 00:48:25,NET_BANKING_FRAUD,Andhra Pradesh,Synthetic_District_31,21.57212,71.947476,60002.79,10,0.1,0,4,0.251,2025-05-13 00:48:25
CASE_00876,FIR/2026/168,2026-08-15 01:58:25,IMPERSONATION,Karnataka,Synthetic_District_49,19.90089,72.169955,123010.34,6,3.85,1,5,0.807,2026-08-23 01:58:25
CASE_00877,FIR/2025/298,2025-11-03 22:26:25,NET_BANKING_FRAUD,Tamil Nadu,Synthetic_District_23,10.045418,95.937363,78808.93,9,0.79,22,0,0.401,2025-11-27 22:26:25
CASE_00878,FIR/2026/788,2026-05-22 13:54:25,PHISHING,Kerala,Synthetic_District_49,17.496614,86.465942,89232.89,17,1.62,13,4,0.103,2026-06-12 13:54:25
CASE_00879,FIR/2026/941,2026-06-04 07:59:25,IMPERSONATION,Maharashtra,Synthetic_District_35,29.54444,81.176655,88216.13,3,4.41,7,3,0.754,2026-06-28 07:59:25
CASE_00880,FIR/2025/361,2025-09-14 00:47:25,NET_BANKING_FRAUD,Maharashtra,Synthetic_District_41,21.529245,84.964379,167757.51,16,3.82,0,6,0.225,2025-09-18 00:47:25
CASE_00881,FIR/2024/347,2024-12-29 16:23:25,INVESTMENT_SCAM,Gujarat,Synthetic_District_45,35.934088,80.228549,871830.81,4,4.34,16,6,0.28,2025-01-22 16:23:25
CASE_00882,FIR/2025/782,2025-07-09 01:25:25,INVESTMENT_SCAM,Kerala,Synthetic_District_23,10.409707,70.932798,362388.19,16,1.29,1,2,0.495,2025-07-28 01:25:25
CASE_00883,FIR/2025/946,2025-12-18 14:02:25,UPI_FRAUD,Gujarat,Synthetic_District_36,25.592578,84.402982,49865.4,20,2.64,14,3,0.925,2025-12-31 14:02:25
CASE_00884,FIR/2024/758,2024-11-12 11:51:25,INVESTMENT_SCAM,Maharashtra,Synthetic_District_37,10.752493,96.035158,846295.37,8,1.87,11,1,0.673,2024-12-11 11:51:25
CASE_00885,FIR/2026/140,2026-06-10 06:37:25,NET_BANKING_FRAUD,Telangana,Synthetic_District_42,30.855954,92.714758,143939.51,19,4.33,6,2,0.037,2026-06-23 06:37:25
CASE_00886,FIR/2026/126,2026-07-05 16:34:25,NET_BANKING_FRAUD,Tamil Nadu,Synthetic_District_37,13.241393,86.285117,134144.6,11,0.58,16,6,0.921,2026-07-31 16:34:25
CASE_00887,FIR/2024/467,2024-10-29 16:14:25,OTHER,Telangana,Synthetic_District_23,36.233807,75.212331,178297.98,15,3.94,16,1,0.325,2024-11-21 16:14:25
CASE_00888,FIR/2026/671,2026-07-12 01:34:25,OTHER,West Bengal,Synthetic_District_42,17.334553,79.638305,32957.83,12,3.93,1,6,0.172,2026-07-28 01:34:25
CASE_00889,FIR/2024/924,2024-12-30 03:07:25,INVESTMENT_SCAM,Tamil Nadu,Synthetic_District_21,32.03181,70.937647,561323.03,3,3.23,3,0,0.313,2025-01-15 03:07:25
CASE_00890,FIR/2026/976,2026-07-15 22:33:25,NET_BANKING_FRAUD,Gujarat,Synthetic_District_23,17.773036,80.695304,41227.67,12,3.8,22,2,0.959,2026-07-26 22:33:25
CASE_00891,FIR/2024/618,2024-10-15 19:57:25,INVESTMENT_SCAM,West Bengal,Synthetic_District_19,29.946347,83.609376,345001.21,13,3.13,19,1,0.076,2024-10-18 19:57:25
CASE_00892,FIR/2024/369,2024-12-31 15:23:25,IMPERSONATION,Delhi,Synthetic_District_46,17.864755,78.26019,81522.78,5,4.61,15,1,0.104,2025-01-24 15:23:25
CASE_00893,FIR/2025/330,2025-07-27 12:21:25,UPI_FRAUD,Gujarat,Synthetic_District_3,15.131204,72.495343,16259.43,9,0.23,12,6,0.224,2025-08-19 12:21:25
CASE_00894,FIR/2025/931,2025-05-12 00:41:25,PHISHING,Tamil Nadu,Synthetic_District_10,8.360132,75.066726,88630.82,1,4.3,0,0,0.483,2025-05-27 00:41:25
CASE_00895,FIR/2025/290,2025-11-28 10:20:25,INVESTMENT_SCAM,West Bengal,Synthetic_District_38,19.588888,84.688249,232627.15,13,3.76,10,4,0.707,2025-12-10 10:20:25
CASE_00896,FIR/2025/340,2025-06-26 06:08:25,CARD_FRAUD,Telangana,Synthetic_District_35,18.355151,95.784642,180110.52,5,1.68,6,3,0.827,2025-07-19 06:08:25
CASE_00897,FIR/2025/903,2025-06-09 10:22:25,PHISHING,West Bengal,Synthetic_District_46,21.796394,77.091059,20227.66,20,1.22,10,0,0.348,2025-07-02 10:22:25
CASE_00898,FIR/2026/688,2026-07-22 10:37:25,PHISHING,Karnataka,Synthetic_District_30,25.945372,82.416855,93592.0,14,0.42,10,2,0.996,2026-07-23 10:37:25
CASE_00899,FIR/2026/455,2026-04-26 07:20:25,IMPERSONATION,Gujarat,Synthetic_District_46,12.288524,87.778203,12451.61,3,4.78,7,6,0.276,2026-05-05 07:20:25
CASE_00900,FIR/2024/882,2024-10-28 15:23:25,NET_BANKING_FRAUD,Delhi,Synthetic_District_26,14.24092,81.11124,86735.18,18,3.52,15,0,0.305,2024-11-05 15:23:25
CASE_00901,FIR/2026/797,2026-05-06 09:11:25,PHISHING,Uttar Pradesh,Synthetic_District_21,33.019288,96.155767,153493.75,2,3.59,9,2,0.358,2026-05-10 09:11:25
CASE_00902,FIR/2024/265,2024-12-11 11:49:25,INVESTMENT_SCAM,Tamil Nadu,Synthetic_District_16,36.413677,90.438292,443025.87,6,4.2,11,2,0.029,2025-01-10 11:49:25
CASE_00903,FIR/2026/513,2026-02-18 15:52:25,CARD_FRAUD,Uttar Pradesh,Synthetic_District_45,35.521867,79.236083,18732.04,14,1.97,15,2,0.474,2026-03-18 15:52:25
CASE_00904,FIR/2025/824,2025-09-15 21:51:25,CARD_FRAUD,Andhra Pradesh,Synthetic_District_17,22.490773,73.352425,71676.23,13,1.08,21,0,0.351,2025-10-06 21:51:25
CASE_00905,FIR/2026/636,2026-07-09 19:06:25,NET_BANKING_FRAUD,Kerala,Synthetic_District_2,33.499737,69.766126,150611.26,18,0.39,19,3,0.373,2026-07-15 19:06:25
CASE_00906,FIR/2024/413,2024-10-01 08:45:25,UPI_FRAUD,Karnataka,Synthetic_District_37,24.337576,92.9214,16410.3,6,1.02,8,1,0.621,2024-10-07 08:45:25
CASE_00907,FIR/2026/258,2026-03-31 23:07:25,UPI_FRAUD,Uttar Pradesh,Synthetic_District_24,24.645565,93.851666,43617.65,6,2.59,23,1,0.814,2026-04-15 23:07:25
CASE_00908,FIR/2024/912,2024-10-31 11:47:25,INVESTMENT_SCAM,Maharashtra,Synthetic_District_20,35.115943,71.125473,893821.87,6,2.99,11,3,0.167,2024-11-04 11:47:25
CASE_00909,FIR/2026/445,2026-02-20 23:23:25,PHISHING,Gujarat,Synthetic_District_43,23.891433,79.276529,199471.04,15,4.73,23,4,0.669,2026-02-23 23:23:25
CASE_00910,FIR/2025/937,2025-09-11 00:08:25,PHISHING,Gujarat,Synthetic_District_13,31.027565,69.206121,48650.82,2,4.59,0,3,0.921,2025-10-07 00:08:25
CASE_00911,FIR/2026/968,2026-08-06 15:33:25,OTHER,West Bengal,Synthetic_District_6,27.241865,77.296039,118635.51,17,2.86,15,3,0.702,2026-08-23 15:33:25
CASE_00912,FIR/2025/238,2025-11-07 10:26:25,PHISHING,Gujarat,Synthetic_District_49,13.743204,95.383171,57229.75,14,2.08,10,4,0.377,2025-11-23 10:26:25
CASE_00913,FIR/2024/724,2024-10-24 07:51:25,CARD_FRAUD,Andhra Pradesh,Synthetic_District_20,22.430824,90.804439,112689.35,10,3.88,7,3,0.699,2024-11-10 07:51:25
CASE_00914,FIR/2024/865,2024-11-10 22:50:25,CARD_FRAUD,Uttar Pradesh,Synthetic_District_35,13.027404,77.095955,178526.42,2,2.72,22,6,0.047,2024-11-20 22:50:25
CASE_00915,FIR/2025/945,2025-10-28 23:07:25,INVESTMENT_SCAM,Andhra Pradesh,Synthetic_District_48,22.74287,92.627403,99813.49,17,1.92,23,1,0.699,2025-11-27 23:07:25
CASE_00916,FIR/2025/829,2025-05-06 20:14:25,PHISHING,Telangana,Synthetic_District_5,28.707003,82.362981,178578.86,19,3.24,20,1,0.016,2025-06-05 20:14:25
CASE_00917,FIR/2025/397,2025-10-24 23:42:25,IMPERSONATION,Karnataka,Synthetic_District_16,27.128232,94.542105,24149.87,11,4.92,23,4,0.987,2025-11-20 23:42:25
CASE_00918,FIR/2025/259,2025-05-21 04:43:25,OTHER,Delhi,Synthetic_District_39,15.139022,87.387451,80989.79,14,3.43,4,2,0.71,2025-06-19 04:43:25
CASE_00919,FIR/2026/379,2026-07-03 01:58:25,IMPERSONATION,Andhra Pradesh,Synthetic_District_45,8.296595,91.883093,147590.08,13,1.46,1,4,0.901,2026-07-30 01:58:25
CASE_00920,FIR/2026/504,2026-02-11 01:23:25,UPI_FRAUD,Karnataka,Synthetic_District_45,30.246672,71.737759,31364.2,8,0.45,1,2,0.114,2026-02-17 01:23:25
CASE_00921,FIR/2026/857,2026-02-11 18:56:25,INVESTMENT_SCAM,Kerala,Synthetic_District_44,28.735678,88.155558,361009.64,10,2.73,18,2,0.285,2026-03-02 18:56:25
CASE_00922,FIR/2025/306,2025-06-23 20:33:25,UPI_FRAUD,Maharashtra,Synthetic_District_36,32.547175,73.822857,19805.82,17,4.98,20,0,0.469,2025-06-27 20:33:25
CASE_00923,FIR/2025/185,2025-01-21 23:47:25,OTHER,Maharashtra,Synthetic_District_16,20.64251,78.756155,78224.71,5,2.27,23,1,0.769,2025-02-12 23:47:25
CASE_00924,FIR/2026/144,2026-02-26 23:34:25,PHISHING,Uttar Pradesh,Synthetic_District_1,35.509093,77.899077,145257.12,9,4.62,23,3,0.35,2026-03-05 23:34:25
CASE_00925,FIR/2026/398,2026-07-20 18:10:25,NET_BANKING_FRAUD,West Bengal,Synthetic_District_5,14.531832,86.189195,31466.41,11,3.32,18,0,0.439,2026-08-17 18:10:25
CASE_00926,FIR/2025/394,2025-12-24 19:38:25,PHISHING,West Bengal,Synthetic_District_11,12.15754,95.96112,120730.35,2,0.65,19,2,0.065,2026-01-10 19:38:25
CASE_00927,FIR/2026/429,2026-03-30 17:24:25,IMPERSONATION,Telangana,Synthetic_District_3,12.161108,71.009985,34813.13,8,0.13,17,0,0.003,2026-04-01 17:24:25
CASE_00928,FIR/2025/743,2025-10-31 10:52:25,OTHER,Karnataka,Synthetic_District_37,23.821893,68.574007,45679.1,16,4.69,10,4,0.645,2025-11-10 10:52:25
CASE_00929,FIR/2026/343,2026-09-02 12:09:25,NET_BANKING_FRAUD,Gujarat,Synthetic_District_40,15.251227,96.423802,182137.98,15,2.45,12,2,0.899,2026-09-17 12:09:25
CASE_00930,FIR/2026/848,2026-04-02 03:59:25,PHISHING,Delhi,Synthetic_District_25,36.975074,93.576187,58085.84,12,3.73,3,3,0.432,2026-04-12 03:59:25
CASE_00931,FIR/2025/654,2025-02-23 18:14:25,NET_BANKING_FRAUD,Tamil Nadu,Synthetic_District_26,11.625702,86.168497,142426.48,7,4.72,18,6,0.421,2025-03-09 18:14:25
CASE_00932,FIR/2026/574,2026-01-14 16:13:25,NET_BANKING_FRAUD,Telangana,Synthetic_District_22,17.454319,79.567609,190522.45,17,1.11,16,2,0.217,2026-01-21 16:13:25
CASE_00933,FIR/2026/733,2026-05-04 23:40:25,IMPERSONATION,Telangana,Synthetic_District_30,23.89796,90.155321,132205.87,14,1.94,23,0,0.307,2026-05-17 23:40:25
CASE_00934,FIR/2025/407,2025-02-21 07:51:25,INVESTMENT_SCAM,Uttar Pradesh,Synthetic_District_27,9.475686,74.298166,669625.57,18,4.46,7,4,0.66,2025-03-23 07:51:25
CASE_00935,FIR/2026/311,2026-03-13 05:56:25,NET_BANKING_FRAUD,Andhra Pradesh,Synthetic_District_37,27.342813,75.926279,5743.24,19,3.87,5,4,0.641,2026-04-01 05:56:25
CASE_00936,FIR/2025/988,2025-04-19 21:11:25,CARD_FRAUD,Delhi,Synthetic_District_49,35.006322,77.170223,94247.37,20,2.7,21,5,0.628,2025-04-21 21:11:25
CASE_00937,FIR/2026/108,2026-08-22 20:35:25,UPI_FRAUD,Karnataka,Synthetic_District_22,32.725427,77.085523,4378.93,12,1.09,20,5,0.151,2026-08-29 20:35:25
CASE_00938,FIR/2025/697,2025-08-09 19:08:25,INVESTMENT_SCAM,Gujarat,Synthetic_District_31,17.820002,73.081322,913783.32,10,0.6,19,5,0.562,2025-09-07 19:08:25
CASE_00939,FIR/2025/733,2025-03-03 22:11:25,UPI_FRAUD,Andhra Pradesh,Synthetic_District_11,24.288258,86.231792,26662.03,9,3.48,22,0,0.904,2025-03-07 22:11:25
CASE_00940,FIR/2026/140,2026-08-09 21:43:25,NET_BANKING_FRAUD,Delhi,Synthetic_District_25,21.71158,81.829521,20316.72,1,2.97,21,6,0.988,2026-08-21 21:43:25
CASE_00941,FIR/2025/120,2025-12-25 11:21:25,PHISHING,Gujarat,Synthetic_District_43,24.436707,93.682512,90019.35,3,4.44,11,3,0.069,2025-12-30 11:21:25
CASE_00942,FIR/2026/213,2026-07-01 02:28:25,NET_BANKING_FRAUD,Tamil Nadu,Synthetic_District_41,17.300259,88.630837,183436.04,3,1.84,2,2,0.984,2026-07-17 02:28:25
CASE_00943,FIR/2024/273,2024-10-16 12:42:25,INVESTMENT_SCAM,Telangana,Synthetic_District_17,13.568671,76.127129,446851.73,17,4.53,12,2,0.023,2024-10-27 12:42:25
CASE_00944,FIR/2025/369,2025-03-18 18:26:25,PHISHING,Gujarat,Synthetic_District_28,17.788017,75.91226,140402.46,15,3.33,18,1,0.333,2025-03-20 18:26:25
CASE_00945,FIR/2025/409,2025-02-10 11:45:25,IMPERSONATION,Andhra Pradesh,Synthetic_District_13,34.23151,79.020491,115156.87,2,3.51,11,0,0.27,2025-02-23 11:45:25
CASE_00946,FIR/2025/902,2025-09-08 04:36:25,INVESTMENT_SCAM,Andhra Pradesh,Synthetic_District_27,28.511135,71.837864,860945.33,12,3.62,4,0,0.552,2025-09-24 04:36:25
CASE_00947,FIR/2025/186,2025-07-15 00:50:25,NET_BANKING_FRAUD,Telangana,Synthetic_District_33,33.978755,68.667216,183836.45,5,4.05,0,1,0.107,2025-07-18 00:50:25
CASE_00948,FIR/2025/342,2025-03-30 03:49:25,PHISHING,Maharashtra,Synthetic_District_5,8.279712,68.389969,114809.85,11,4.36,3,6,0.617,2025-04-04 03:49:25
CASE_00949,FIR/2026/438,2026-05-19 13:40:25,NET_BANKING_FRAUD,Maharashtra,Synthetic_District_40,11.537373,88.420281,126569.58,7,4.6,13,1,0.927,2026-05-25 13:40:25
CASE_00950,FIR/2025/802,2025-01-01 14:50:25,UPI_FRAUD,Tamil Nadu,Synthetic_District_14,9.44996,70.302947,21705.17,11,3.16,14,2,0.193,2025-01-28 14:50:25
CASE_00951,FIR/2025/580,2025-04-20 15:16:25,INVESTMENT_SCAM,Kerala,Synthetic_District_47,27.608621,93.085239,720960.28,2,2.27,15,6,0.508,2025-04-23 15:16:25
CASE_00952,FIR/2025/689,2025-03-28 23:01:25,PHISHING,Tamil Nadu,Synthetic_District_45,11.596299,90.088329,175757.15,7,1.02,23,4,0.321,2025-04-05 23:01:25
CASE_00953,FIR/2025/715,2025-03-15 05:25:25,OTHER,Andhra Pradesh,Synthetic_District_33,26.577254,74.329489,118869.33,9,4.14,5,5,0.735,2025-04-01 05:25:25
CASE_00954,FIR/2024/872,2024-10-07 13:41:25,IMPERSONATION,Delhi,Synthetic_District_5,9.786968,82.323768,51081.97,2,3.14,13,0,0.818,2024-10-10 13:41:25
CASE_00955,FIR/2026/790,2026-08-21 15:13:25,UPI_FRAUD,Maharashtra,Synthetic_District_21,25.05602,94.573668,48860.67,12,3.52,15,4,0.606,2026-08-24 15:13:25
CASE_00956,FIR/2026/466,2026-05-05 01:31:25,OTHER,Gujarat,Synthetic_District_24,22.491153,90.138962,64493.73,11,2.77,1,1,0.745,2026-05-13 01:31:25
CASE_00957,FIR/2026/576,2026-05-23 21:47:25,IMPERSONATION,Gujarat,Synthetic_District_21,34.779935,92.547967,71226.1,13,2.37,21,5,0.899,2026-06-07 21:47:25
CASE_00958,FIR/2025/125,2025-03-04 21:32:25,OTHER,Delhi,Synthetic_District_21,19.062263,93.237265,77727.27,5,2.06,21,1,0.014,2025-03-30 21:32:25
CASE_00959,FIR/2026/322,2026-08-07 21:54:25,INVESTMENT_SCAM,Maharashtra,Synthetic_District_2,19.347458,72.347095,948740.79,11,1.07,21,4,0.497,2026-08-13 21:54:25
CASE_00960,FIR/2025/721,2025-08-06 10:02:25,PHISHING,Gujarat,Synthetic_District_28,20.61812,92.696316,38799.27,16,4.85,10,2,0.06,2025-08-10 10:02:25
CASE_00961,FIR/2024/244,2024-12-07 03:30:25,NET_BANKING_FRAUD,Tamil Nadu,Synthetic_District_34,35.356802,91.305039,121955.71,14,2.5,3,5,0.957,2024-12-28 03:30:25
CASE_00962,FIR/2025/539,2025-03-11 03:25:25,CARD_FRAUD,Uttar Pradesh,Synthetic_District_8,25.374359,83.359465,137127.46,11,3.65,3,1,0.807,2025-04-08 03:25:25
CASE_00963,FIR/2025/557,2025-02-08 04:21:25,NET_BANKING_FRAUD,Telangana,Synthetic_District_27,15.137186,95.392726,13561.87,8,4.56,4,5,0.903,2025-03-01 04:21:25
CASE_00964,FIR/2026/439,2026-01-30 01:20:25,CARD_FRAUD,Tamil Nadu,Synthetic_District_9,35.998743,90.666259,115866.74,19,4.86,1,4,0.229,2026-02-18 01:20:25
CASE_00965,FIR/2026/676,2026-06-16 00:37:25,OTHER,Gujarat,Synthetic_District_2,17.090341,93.541117,50570.71,13,3.78,0,1,0.624,2026-06-19 00:37:25
CASE_00966,FIR/2026/845,2026-03-25 08:14:25,INVESTMENT_SCAM,Kerala,Synthetic_District_5,21.035063,90.545563,905409.01,9,3.59,8,2,0.364,2026-04-19 08:14:25
CASE_00967,FIR/2024/435,2024-11-29 08:00:25,PHISHING,Telangana,Synthetic_District_40,21.994041,72.237486,126980.89,9,4.79,8,4,0.485,2024-12-10 08:00:25
CASE_00968,FIR/2026/292,2026-06-11 09:57:25,OTHER,Uttar Pradesh,Synthetic_District_39,11.49051,89.269178,162334.99,7,2.67,9,3,0.504,2026-06-19 09:57:25
CASE_00969,FIR/2025/405,2025-10-20 06:29:25,OTHER,Kerala,Synthetic_District_14,12.177728,68.733227,170687.5,14,0.49,6,0,0.465,2025-11-19 06:29:25
CASE_00970,FIR/2025/708,2025-02-28 07:25:25,NET_BANKING_FRAUD,Gujarat,Synthetic_District_49,17.108523,95.170186,111497.61,15,1.45,7,4,0.706,2025-03-15 07:25:25
CASE_00971,FIR/2025/117,2025-07-17 22:22:25,PHISHING,Maharashtra,Synthetic_District_4,33.164393,84.024679,65237.94,12,0.79,22,3,0.832,2025-07-30 22:22:25
CASE_00972,FIR/2026/505,2026-04-15 17:25:25,NET_BANKING_FRAUD,Delhi,Synthetic_District_21,25.77938,90.055414,129619.34,10,1.69,17,2,0.756,2026-04-17 17:25:25
CASE_00973,FIR/2026/608,2026-03-06 18:31:25,IMPERSONATION,Maharashtra,Synthetic_District_5,12.057432,70.965343,143019.16,6,4.71,18,4,0.235,2026-03-31 18:31:25
CASE_00974,FIR/2025/868,2025-10-03 04:06:25,UPI_FRAUD,Maharashtra,Synthetic_District_32,19.616236,69.802363,20690.83,14,3.24,4,4,0.396,2025-10-08 04:06:25
CASE_00975,FIR/2026/218,2026-04-13 19:37:25,PHISHING,Kerala,Synthetic_District_15,14.938696,86.697999,90251.13,18,0.22,19,0,0.643,2026-05-06 19:37:25
CASE_00976,FIR/2025/338,2025-05-18 07:47:25,UPI_FRAUD,Delhi,Synthetic_District_9,22.516932,77.365557,11028.15,13,0.19,7,6,0.766,2025-06-03 07:47:25
CASE_00977,FIR/2024/169,2024-10-24 14:30:25,IMPERSONATION,Karnataka,Synthetic_District_13,25.100391,74.056262,83572.8,19,2.51,14,3,0.349,2024-10-27 14:30:25
CASE_00978,FIR/2026/317,2026-05-18 04:17:25,OTHER,Delhi,Synthetic_District_35,8.213148,86.202714,33671.66,20,1.48,4,0,0.556,2026-06-04 04:17:25
CASE_00979,FIR/2025/362,2025-10-31 22:38:25,PHISHING,Telangana,Synthetic_District_13,17.484684,75.549914,151080.12,4,3.29,22,4,0.452,2025-11-15 22:38:25
CASE_00980,FIR/2026/309,2026-06-09 13:27:25,INVESTMENT_SCAM,Delhi,Synthetic_District_8,9.208143,91.334439,781515.83,7,1.08,13,1,0.57,2026-07-03 13:27:25
CASE_00981,FIR/2025/937,2025-08-01 15:28:25,PHISHING,Kerala,Synthetic_District_24,21.449613,86.787073,177443.78,8,2.88,15,4,0.884,2025-08-10 15:28:25
CASE_00982,FIR/2025/949,2025-05-10 08:46:25,CARD_FRAUD,Delhi,Synthetic_District_22,13.984228,95.457057,3459.71,13,3.63,8,5,0.458,2025-05-23 08:46:25
CASE_00983,FIR/2026/711,2026-06-07 22:43:25,NET_BANKING_FRAUD,Kerala,Synthetic_District_43,32.863412,75.207035,96554.94,20,0.63,22,6,0.0,2026-06-08 22:43:25
CASE_00984,FIR/2026/100,2026-06-25 18:39:25,UPI_FRAUD,Kerala,Synthetic_District_29,19.061207,84.475216,47344.68,6,0.58,18,3,0.368,2026-07-16 18:39:25
CASE_00985,FIR/2025/527,2025-04-13 06:32:25,CARD_FRAUD,Karnataka,Synthetic_District_20,30.342867,94.057129,16143.8,10,0.8,6,6,0.457,2025-05-13 06:32:25
CASE_00986,FIR/2025/798,2025-04-26 20:43:25,IMPERSONATION,Karnataka,Synthetic_District_31,13.062857,71.265016,149107.85,8,2.33,20,5,0.886,2025-05-19 20:43:25
CASE_00987,FIR/2026/591,2026-04-23 01:02:25,UPI_FRAUD,Maharashtra,Synthetic_District_47,28.062244,74.248792,35173.55,13,3.42,1,3,0.03,2026-05-09 01:02:25
CASE_00988,FIR/2025/690,2025-12-16 07:11:25,PHISHING,Karnataka,Synthetic_District_43,9.827297,90.316459,194608.52,9,3.58,7,1,0.719,2025-12-23 07:11:25
CASE_00989,FIR/2025/292,2025-06-29 17:27:25,CARD_FRAUD,Tamil Nadu,Synthetic_District_45,20.991685,68.056509,192674.73,2,4.38,17,6,0.835,2025-07-13 17:27:25
CASE_00990,FIR/2026/968,2026-04-25 15:16:25,OTHER,Karnataka,Synthetic_District_19,18.557009,85.343423,47072.66,15,4.12,15,5,0.545,2026-05-07 15:16:25
CASE_00991,FIR/2026/428,2026-08-05 04:31:25,INVESTMENT_SCAM,Telangana,Synthetic_District_27,13.044919,79.651597,563728.66,15,4.92,4,2,0.767,2026-08-10 04:31:25
CASE_00992,FIR/2026/542,2026-08-19 08:28:25,INVESTMENT_SCAM,Maharashtra,Synthetic_District_39,15.342809,71.991603,437434.49,12,3.26,8,2,0.451,2026-09-06 08:28:25
CASE_00993,FIR/2026/980,2026-08-26 22:41:25,UPI_FRAUD,Delhi,Synthetic_District_39,17.907846,86.348226,17238.34,6,4.27,22,2,0.574,2026-09-22 22:41:25
CASE_00994,FIR/2025/214,2025-04-28 15:10:25,UPI_FRAUD,West Bengal,Synthetic_District_35,9.217374,71.010644,41189.82,1,1.35,15,0,0.55,2025-05-04 15:10:25
CASE_00995,FIR/2025/219,2025-05-20 14:30:25,OTHER,Telangana,Synthetic_District_47,32.257595,78.826342,67645.05,13,2.66,14,1,0.819,2025-05-28 14:30:25
CASE_00996,FIR/2026/208,2026-05-13 04:32:25,NET_BANKING_FRAUD,Tamil Nadu,Synthetic_District_41,26.673166,72.515334,137872.39,7,3.61,4,2,0.893,2026-05-30 04:32:25
CASE_00997,FIR/2025/413,2025-01-18 07:54:25,UPI_FRAUD,Tamil Nadu,Synthetic_District_49,19.777476,91.931727,34777.38,18,3.23,7,5,0.952,2025-01-25 07:54:25
CASE_00998,FIR/2024/290,2024-10-23 16:46:25,CARD_FRAUD,Maharashtra,Synthetic_District_5,15.349583,95.579367,25094.03,14,4.73,16,2,0.662,2024-10-24 16:46:25
CASE_00999,FIR/2026/313,2026-09-14 12:04:25,CARD_FRAUD,Kerala,Synthetic_District_28,25.958475,94.667115,78161.72,20,3.01,12,0,0.679,2026-09-16 12:04:25
CASE_01000,FIR/2026/584,2026-02-23 03:07:25,UPI_FRAUD,Andhra Pradesh,Synthetic_District_49,23.631502,70.842198,12863.53,19,3.14,3,0,0.351,2026-03-17 03:07:25
CASE_01001,FIR/2026/877,2026-02-13 17:09:25,UPI_FRAUD,Maharashtra,Synthetic_District_31,15.312535,70.669416,48142.14,8,3.65,17,4,0.716,2026-03-15 17:09:25
CASE_01002,FIR/2025/718,2025-01-04 07:09:25,IMPERSONATION,Gujarat,Synthetic_District_3,17.363303,84.026147,68139.16,15,1.16,7,5,0.411,2025-01-05 07:09:25
CASE_01003,FIR/2026/128,2026-08-30 21:22:25,OTHER,West Bengal,Synthetic_District_29,10.003889,73.255765,135373.3,9,3.52,21,6,0.388,2026-09-29 21:22:25
CASE_01004,FIR/2026/220,2026-04-01 13:31:25,UPI_FRAUD,West Bengal,Synthetic_District_32,13.043642,81.100052,12734.89,6,0.3,13,2,0.601,2026-04-15 13:31:25
CASE_01005,FIR/2025/593,2025-01-20 13:54:25,OTHER,Gujarat,Synthetic_District_16,8.165082,90.496463,16287.31,6,3.89,13,0,0.044,2025-01-26 13:54:25
CASE_01006,FIR/2025/605,2025-05-16 03:40:25,IMPERSONATION,Tamil Nadu,Synthetic_District_46,20.895326,88.322621,117130.39,4,0.6,3,4,0.139,2025-06-09 03:40:25
CASE_01007,FIR/2026/913,2026-06-11 10:46:25,NET_BANKING_FRAUD,Andhra Pradesh,Synthetic_District_2,28.543855,94.032995,99732.99,12,3.21,10,3,0.106,2026-06-27 10:46:25
CASE_01008,FIR/2024/168,2024-11-03 01:12:25,INVESTMENT_SCAM,Maharashtra,Synthetic_District_6,15.620492,95.511199,716945.37,12,2.43,1,6,0.507,2024-11-11 01:12:25
CASE_01009,FIR/2025/291,2025-02-16 19:46:25,PHISHING,Tamil Nadu,Synthetic_District_29,27.135997,83.831648,18189.13,18,1.39,19,6,0.067,2025-03-14 19:46:25
CASE_01010,FIR/2026/140,2026-08-02 22:22:25,NET_BANKING_FRAUD,Tamil Nadu,Synthetic_District_13,12.27423,71.86323,24054.12,13,0.15,22,6,0.06,2026-08-28 22:22:25
CASE_01011,FIR/2024/643,2024-10-11 20:18:25,IMPERSONATION,Karnataka,Synthetic_District_20,33.531155,71.974792,53911.62,8,4.32,20,4,0.801,2024-10-18 20:18:25
CASE_01012,FIR/2026/276,2026-08-10 08:15:25,NET_BANKING_FRAUD,Andhra Pradesh,Synthetic_District_36,26.3685,83.700682,43610.38,3,0.82,8,0,0.127,2026-08-27 08:15:25
CASE_01013,FIR/2025/174,2025-02-24 19:15:25,INVESTMENT_SCAM,Uttar Pradesh,Synthetic_District_11,15.164967,89.848999,990373.58,12,4.69,19,0,0.828,2025-03-10 19:15:25
CASE_01014,FIR/2024/504,2024-11-30 05:47:25,OTHER,Karnataka,Synthetic_District_13,27.478023,94.992619,64777.03,13,2.3,5,5,0.836,2024-12-08 05:47:25
CASE_01015,FIR/2025/516,2025-02-07 08:24:25,OTHER,Delhi,Synthetic_District_16,25.370387,76.341203,102399.91,3,2.22,8,4,0.031,2025-02-10 08:24:25
CASE_01016,FIR/2026/756,2026-04-27 19:30:25,OTHER,Karnataka,Synthetic_District_24,16.044294,76.144171,29967.19,11,1.59,19,0,0.535,2026-05-08 19:30:25
CASE_01017,FIR/2025/992,2025-08-11 08:17:25,NET_BANKING_FRAUD,Uttar Pradesh,Synthetic_District_45,24.245443,87.78333,77832.68,20,3.34,8,0,0.574,2025-08-27 08:17:25
CASE_01018,FIR/2025/645,2025-09-09 19:29:25,NET_BANKING_FRAUD,West Bengal,Synthetic_District_40,26.30961,75.296195,195070.1,9,4.68,19,1,0.875,2025-09-29 19:29:25
CASE_01019,FIR/2026/679,2026-03-09 00:05:25,CARD_FRAUD,Tamil Nadu,Synthetic_District_23,36.19788,73.56355,181536.31,11,2.64,0,0,0.412,2026-03-18 00:05:25
CASE_01020,FIR/2026/727,2026-06-04 06:27:25,IMPERSONATION,Delhi,Synthetic_District_50,27.961633,73.509015,38482.2,12,3.59,6,3,0.553,2026-06-11 06:27:25
CASE_01021,FIR/2026/840,2026-01-16 11:18:25,PHISHING,Kerala,Synthetic_District_41,15.163787,85.345806,24324.94,11,1.0,11,4,0.647,2026-02-01 11:18:25
CASE_01022,FIR/2025/681,2025-10-18 00:10:25,NET_BANKING_FRAUD,Gujarat,Synthetic_District_35,17.900584,75.387046,143691.25,3,1.34,0,5,0.967,2025-11-14 00:10:25
CASE_01023,FIR/2026/360,2026-04-16 04:45:25,UPI_FRAUD,Gujarat,Synthetic_District_30,35.10778,83.968681,9527.51,9,2.6,4,3,0.42,2026-04-25 04:45:25
CASE_01024,FIR/2024/587,2024-11-21 06:25:25,NET_BANKING_FRAUD,Andhra Pradesh,Synthetic_District_25,17.081117,72.052094,119459.08,4,1.87,6,3,0.801,2024-11-23 06:25:25
CASE_01025,FIR/2024/374,2024-11-10 19:02:25,UPI_FRAUD,Delhi,Synthetic_District_7,34.846686,87.915004,27469.69,7,0.3,19,6,0.66,2024-11-12 19:02:25
CASE_01026,FIR/2024/391,2024-10-09 20:06:25,INVESTMENT_SCAM,Andhra Pradesh,Synthetic_District_16,14.684162,85.931045,733593.36,19,3.78,20,2,0.928,2024-10-21 20:06:25
CASE_01027,FIR/2025/880,2025-05-29 20:46:25,INVESTMENT_SCAM,Tamil Nadu,Synthetic_District_11,31.365599,91.928462,604914.01,7,2.75,20,3,0.017,2025-06-04 20:46:25
CASE_01028,FIR/2025/376,2025-01-01 11:32:25,INVESTMENT_SCAM,Gujarat,Synthetic_District_8,10.774826,92.516086,979738.87,8,1.29,11,2,0.61,2025-01-30 11:32:25
CASE_01029,FIR/2025/787,2025-03-26 00:02:25,UPI_FRAUD,Kerala,Synthetic_District_28,24.80949,85.391774,258.1,13,2.29,0,2,0.232,2025-04-23 00:02:25
CASE_01030,FIR/2024/856,2024-12-22 06:30:25,NET_BANKING_FRAUD,Andhra Pradesh,Synthetic_District_40,29.770131,68.667771,89062.98,9,1.11,6,6,0.673,2025-01-05 06:30:25
CASE_01031,FIR/2026/730,2026-03-20 03:05:25,UPI_FRAUD,Andhra Pradesh,Synthetic_District_29,25.590064,78.815871,25001.7,3,3.04,3,4,0.699,2026-04-02 03:05:25
CASE_01032,FIR/2025/514,2025-03-21 04:58:25,PHISHING,Kerala,Synthetic_District_16,28.73308,94.055126,63528.14,13,3.04,4,4,0.47,2025-03-22 04:58:25
CASE_01033,FIR/2026/563,2026-09-02 11:00:25,IMPERSONATION,Karnataka,Synthetic_District_25,24.578039,78.426097,139818.6,1,2.51,11,2,0.724,2026-10-02 11:00:25
CASE_01034,FIR/2025/375,2025-12-07 19:12:25,CARD_FRAUD,Telangana,Synthetic_District_17,21.877392,72.887708,70297.78,19,3.26,19,6,0.599,2026-01-02 19:12:25
CASE_01035,FIR/2025/334,2025-04-17 18:09:25,CARD_FRAUD,Maharashtra,Synthetic_District_46,34.559648,70.678927,10547.73,18,0.35,18,3,0.079,2025-05-17 18:09:25
CASE_01036,FIR/2025/546,2025-06-18 06:54:25,CARD_FRAUD,Kerala,Synthetic_District_12,14.643571,77.036352,29185.17,17,0.43,6,2,0.872,2025-07-08 06:54:25
CASE_01037,FIR/2024/987,2024-11-22 11:26:25,OTHER,Delhi,Synthetic_District_19,23.890218,95.318467,157068.33,6,1.26,11,4,0.808,2024-11-29 11:26:25
CASE_01038,FIR/2026/375,2026-06-09 14:49:25,UPI_FRAUD,Delhi,Synthetic_District_35,11.599981,81.413577,38664.53,12,3.64,14,1,0.153,2026-07-09 14:49:25
CASE_01039,FIR/2025/275,2025-04-09 00:35:25,UPI_FRAUD,Kerala,Synthetic_District_33,31.585867,82.52648,16341.35,2,2.03,0,2,0.167,2025-04-25 00:35:25
CASE_01040,FIR/2025/476,2025-03-07 21:00:25,OTHER,Uttar Pradesh,Synthetic_District_18,21.409751,81.193381,122184.85,4,3.6,21,4,0.162,2025-03-27 21:00:25
CASE_01041,FIR/2024/571,2024-11-11 19:09:25,PHISHING,West Bengal,Synthetic_District_32,27.648237,79.455491,1114.1,18,3.66,19,0,0.889,2024-11-26 19:09:25
CASE_01042,FIR/2026/835,2026-07-24 09:07:25,OTHER,Andhra Pradesh,Synthetic_District_49,15.291465,95.169233,121497.91,6,2.57,9,4,0.5,2026-08-19 09:07:25
CASE_01043,FIR/2024/962,2024-11-05 22:49:25,INVESTMENT_SCAM,Kerala,Synthetic_District_8,25.527477,79.959977,994978.86,13,1.57,22,1,0.024,2024-11-21 22:49:25
CASE_01044,FIR/2025/868,2025-04-20 16:58:25,NET_BANKING_FRAUD,Delhi,Synthetic_District_29,33.090718,90.925205,155239.34,5,3.28,16,6,0.302,2025-04-28 16:58:25
CASE_01045,FIR/2025/358,2025-02-21 17:42:25,PHISHING,Gujarat,Synthetic_District_26,21.524122,81.490936,180829.07,7,2.37,17,4,0.416,2025-02-23 17:42:25
CASE_01046,FIR/2025/402,2025-06-07 21:42:25,IMPERSONATION,Telangana,Synthetic_District_4,18.166098,94.372369,184626.6,14,0.48,21,5,0.294,2025-07-04 21:42:25
CASE_01047,FIR/2026/989,2026-03-08 10:15:25,UPI_FRAUD,Gujarat,Synthetic_District_5,18.221991,73.6109,46705.46,17,0.91,10,6,0.992,2026-03-13 10:15:25
CASE_01048,FIR/2026/323,2026-09-28 10:02:25,UPI_FRAUD,West Bengal,Synthetic_District_24,8.700056,79.69895,1331.71,20,2.36,10,0,0.622,2026-10-08 10:02:25
CASE_01049,FIR/2025/548,2025-10-10 18:36:25,INVESTMENT_SCAM,Gujarat,Synthetic_District_28,30.14555,69.048522,606340.11,18,3.67,18,4,0.566,2025-10-13 18:36:25
CASE_01050,FIR/2025/849,2025-03-06 05:06:25,IMPERSONATION,Kerala,Synthetic_District_10,12.124126,94.53485,143139.96,3,3.12,5,3,0.276,2025-03-14 05:06:25
CASE_01051,FIR/2024/299,2024-11-10 18:04:25,UPI_FRAUD,Andhra Pradesh,Synthetic_District_37,13.616263,91.184678,47682.63,5,2.19,18,6,0.568,2024-12-10 18:04:25
CASE_01052,FIR/2025/371,2025-05-02 16:49:25,PHISHING,Gujarat,Synthetic_District_5,14.353739,94.538887,171909.29,6,4.63,16,4,0.493,2025-05-05 16:49:25
CASE_01053,FIR/2026/481,2026-08-16 07:36:25,CARD_FRAUD,Gujarat,Synthetic_District_17,24.73426,83.889835,123742.87,11,3.19,7,6,0.327,2026-08-21 07:36:25
CASE_01054,FIR/2026/798,2026-08-14 14:38:25,IMPERSONATION,Kerala,Synthetic_District_39,30.570587,75.1136,118366.14,1,2.23,14,4,0.272,2026-08-31 14:38:25
CASE_01055,FIR/2025/705,2025-08-03 08:31:25,NET_BANKING_FRAUD,Kerala,Synthetic_District_17,11.088407,72.291187,11206.03,8,4.24,8,6,0.219,2025-08-11 08:31:25
CASE_01056,FIR/2026/617,2026-01-17 21:44:25,UPI_FRAUD,Telangana,Synthetic_District_27,29.533183,80.159454,34899.35,11,1.57,21,5,0.242,2026-02-06 21:44:25
CASE_01057,FIR/2026/158,2026-02-04 13:49:25,OTHER,Andhra Pradesh,Synthetic_District_26,31.636764,72.467332,63477.44,16,4.89,13,2,0.334,2026-02-16 13:49:25
CASE_01058,FIR/2025/603,2025-01-29 02:00:25,NET_BANKING_FRAUD,Andhra Pradesh,Synthetic_District_38,14.206829,80.473063,175942.06,8,1.5,2,2,0.611,2025-02-04 02:00:25
CASE_01059,FIR/2025/973,2025-09-08 22:23:25,CARD_FRAUD,Maharashtra,Synthetic_District_7,10.380751,91.089635,119095.76,1,0.84,22,0,0.429,2025-10-07 22:23:25
CASE_01060,FIR/2025/102,2025-01-02 15:26:25,PHISHING,Gujarat,Synthetic_District_12,8.947854,76.451268,198375.62,12,3.43,15,3,0.918,2025-01-25 15:26:25
CASE_01061,FIR/2025/417,2025-09-30 14:21:25,UPI_FRAUD,Telangana,Synthetic_District_7,9.129325,84.903042,2117.45,2,3.11,14,1,0.821,2025-10-07 14:21:25
CASE_01062,FIR/2025/707,2025-03-23 05:37:25,NET_BANKING_FRAUD,Kerala,Synthetic_District_40,32.268645,70.078816,22400.16,20,1.49,5,6,0.065,2025-04-12 05:37:25
CASE_01063,FIR/2025/198,2025-06-22 22:26:25,OTHER,Gujarat,Synthetic_District_39,14.489965,76.227214,140288.6,13,4.28,22,6,0.665,2025-07-15 22:26:25
CASE_01064,FIR/2026/769,2026-01-27 07:07:25,INVESTMENT_SCAM,Andhra Pradesh,Synthetic_District_27,31.40201,74.818627,341078.82,10,3.36,7,1,0.211,2026-02-11 07:07:25
CASE_01065,FIR/2025/701,2025-03-01 14:54:25,UPI_FRAUD,Maharashtra,Synthetic_District_10,11.12256,81.018686,4064.71,5,3.64,14,5,0.282,2025-03-12 14:54:25
CASE_01066,FIR/2026/545,2026-09-04 03:22:25,PHISHING,Andhra Pradesh,Synthetic_District_8,34.966325,87.379811,144009.46,18,3.67,3,4,0.303,2026-09-27 03:22:25
CASE_01067,FIR/2025/500,2025-05-02 08:26:25,UPI_FRAUD,Tamil Nadu,Synthetic_District_23,9.915605,68.910006,18274.05,9,2.01,8,4,0.813,2025-05-17 08:26:25
CASE_01068,FIR/2026/560,2026-08-05 05:35:25,IMPERSONATION,Delhi,Synthetic_District_21,29.613156,88.514152,172652.31,11,4.79,5,2,0.752,2026-09-02 05:35:25
CASE_01069,FIR/2026/356,2026-09-15 21:45:25,OTHER,Andhra Pradesh,Synthetic_District_6,22.119932,96.662696,156858.13,5,0.31,21,1,0.14,2026-10-02 21:45:25
CASE_01070,FIR/2026/527,2026-06-10 08:02:25,PHISHING,Karnataka,Synthetic_District_50,8.267529,78.461098,144436.09,11,4.02,8,2,0.373,2026-06-11 08:02:25
CASE_01071,FIR/2025/306,2025-01-15 08:34:25,OTHER,Tamil Nadu,Synthetic_District_10,17.64302,87.101304,193885.54,17,1.44,8,2,0.391,2025-02-01 08:34:25
CASE_01072,FIR/2026/888,2026-05-27 12:44:25,INVESTMENT_SCAM,Karnataka,Synthetic_District_30,35.960133,85.138279,236827.96,10,2.74,12,2,0.756,2026-05-29 12:44:25
CASE_01073,FIR/2025/910,2025-07-18 02:46:25,NET_BANKING_FRAUD,Maharashtra,Synthetic_District_31,32.05703,80.100108,118274.73,15,4.58,2,4,0.609,2025-07-26 02:46:25
CASE_01074,FIR/2025/767,2025-08-18 10:59:25,NET_BANKING_FRAUD,Karnataka,Synthetic_District_15,27.384535,84.807348,53675.4,13,1.4,10,0,0.531,2025-08-20 10:59:25
CASE_01075,FIR/2025/148,2025-05-15 07:00:25,NET_BANKING_FRAUD,Maharashtra,Synthetic_District_18,23.522471,94.085323,1447.83,14,0.18,7,3,0.869,2025-06-08 07:00:25
CASE_01076,FIR/2026/608,2026-07-17 02:34:25,INVESTMENT_SCAM,Uttar Pradesh,Synthetic_District_14,23.48861,84.018418,680148.48,4,4.29,2,4,0.926,2026-07-30 02:34:25
CASE_01077,FIR/2026/305,2026-04-27 16:06:25,PHISHING,Karnataka,Synthetic_District_44,20.455514,77.53447,109467.59,8,4.74,16,0,0.021,2026-05-02 16:06:25
CASE_01078,FIR/2025/525,2025-06-20 22:27:25,CARD_FRAUD,Delhi,Synthetic_District_28,13.918707,72.753312,134690.36,4,3.85,22,4,0.289,2025-07-08 22:27:25
CASE_01079,FIR/2026/259,2026-09-08 10:25:25,UPI_FRAUD,Maharashtra,Synthetic_District_1,35.65398,69.913486,3903.67,9,4.83,10,1,0.113,2026-09-23 10:25:25
CASE_01080,FIR/2025/647,2025-09-09 20:17:25,OTHER,Gujarat,Synthetic_District_33,11.540828,87.371953,167203.07,9,3.95,20,1,0.356,2025-09-12 20:17:25
CASE_01081,FIR/2025/356,2025-09-25 22:09:25,OTHER,Karnataka,Synthetic_District_40,31.326885,91.005985,38670.73,3,4.96,22,3,0.162,2025-10-06 22:09:25
CASE_01082,FIR/2025/590,2025-03-13 09:37:25,IMPERSONATION,Telangana,Synthetic_District_2,17.865243,79.289068,107427.04,14,0.61,9,3,0.512,2025-04-08 09:37:25
CASE_01083,FIR/2025/595,2025-11-15 22:55:25,PHISHING,Uttar Pradesh,Synthetic_District_48,28.223286,96.307981,124593.94,8,4.19,22,5,0.934,2025-12-10 22:55:25
CASE_01084,FIR/2026/757,2026-02-18 10:34:25,NET_BANKING_FRAUD,Telangana,Synthetic_District_13,34.099145,69.055005,78067.84,7,0.12,10,2,0.355,2026-03-12 10:34:25
CASE_01085,FIR/2025/107,2025-10-16 13:06:25,NET_BANKING_FRAUD,Telangana,Synthetic_District_30,10.471533,92.447649,150196.8,20,2.65,13,3,0.766,2025-11-04 13:06:25
CASE_01086,FIR/2025/843,2025-02-16 08:16:25,INVESTMENT_SCAM,Telangana,Synthetic_District_8,26.12345,68.941923,996328.89,11,1.31,8,6,0.537,2025-03-02 08:16:25
CASE_01087,FIR/2025/407,2025-07-26 18:39:25,UPI_FRAUD,Delhi,Synthetic_District_45,15.490161,79.007854,2840.16,5,1.48,18,5,0.85,2025-07-29 18:39:25
CASE_01088,FIR/2026/407,2026-03-27 03:49:25,NET_BANKING_FRAUD,Andhra Pradesh,Synthetic_District_2,8.758286,76.269501,62368.64,6,3.59,3,4,0.87,2026-04-26 03:49:25
CASE_01089,FIR/2026/216,2026-03-21 12:23:25,OTHER,Maharashtra,Synthetic_District_17,30.271965,77.23104,20924.4,4,0.99,12,5,0.212,2026-04-16 12:23:25
CASE_01090,FIR/2024/878,2024-12-18 23:48:25,CARD_FRAUD,West Bengal,Synthetic_District_49,23.697884,92.918325,62986.22,18,4.68,23,2,0.87,2025-01-05 23:48:25
CASE_01091,FIR/2025/513,2025-07-31 10:27:25,CARD_FRAUD,Karnataka,Synthetic_District_20,34.646311,80.184964,20986.71,11,1.42,10,3,0.052,2025-08-03 10:27:25
CASE_01092,FIR/2025/143,2025-01-04 10:45:25,UPI_FRAUD,Gujarat,Synthetic_District_24,19.773672,71.099837,44580.98,6,3.0,10,5,0.561,2025-01-30 10:45:25
CASE_01093,FIR/2025/682,2025-06-09 19:06:25,PHISHING,Maharashtra,Synthetic_District_41,31.555198,81.639155,37840.71,5,0.93,19,0,0.957,2025-07-07 19:06:25
CASE_01094,FIR/2026/635,2026-08-29 09:00:25,NET_BANKING_FRAUD,Kerala,Synthetic_District_37,31.045169,90.511607,2052.01,7,2.51,9,5,0.238,2026-09-12 09:00:25
CASE_01095,FIR/2025/640,2025-05-04 12:27:25,NET_BANKING_FRAUD,Kerala,Synthetic_District_23,11.950105,96.237923,39301.89,14,4.56,12,6,0.288,2025-05-12 12:27:25
CASE_01096,FIR/2026/719,2026-06-22 20:30:25,NET_BANKING_FRAUD,Gujarat,Synthetic_District_1,36.35666,79.760804,51744.86,7,3.76,20,0,0.691,2026-07-11 20:30:25
CASE_01097,FIR/2025/354,2025-04-06 13:22:25,UPI_FRAUD,Delhi,Synthetic_District_46,9.16598,96.946204,48362.0,2,3.68,13,6,0.684,2025-04-11 13:22:25
CASE_01098,FIR/2025/315,2025-05-11 00:52:25,INVESTMENT_SCAM,Maharashtra,Synthetic_District_45,8.399038,71.101656,52676.78,7,2.29,0,6,0.147,2025-06-01 00:52:25
CASE_01099,FIR/2025/631,2025-02-03 04:05:25,NET_BANKING_FRAUD,Kerala,Synthetic_District_29,27.230472,92.874931,76366.2,5,1.11,4,0,0.353,2025-03-03 04:05:25
CASE_01100,FIR/2026/380,2026-08-12 14:00:25,NET_BANKING_FRAUD,Andhra Pradesh,Synthetic_District_4,15.311227,80.565508,98293.79,6,0.4,14,2,0.889,2026-08-14 14:00:25
CASE_01101,FIR/2026/394,2026-01-12 09:03:25,PHISHING,Delhi,Synthetic_District_19,16.100514,80.358416,83267.46,1,2.42,9,0,0.763,2026-01-15 09:03:25
CASE_01102,FIR/2026/560,2026-05-23 07:07:25,CARD_FRAUD,Tamil Nadu,Synthetic_District_45,33.051586,92.344571,129205.75,13,1.42,7,5,0.48,2026-06-07 07:07:25
CASE_01103,FIR/2025/493,2025-02-12 17:34:25,PHISHING,Tamil Nadu,Synthetic_District_36,22.781234,95.085311,129398.85,4,1.41,17,2,0.371,2025-02-21 17:34:25
CASE_01104,FIR/2026/918,2026-09-05 20:02:25,OTHER,Kerala,Synthetic_District_48,19.707727,69.826065,132000.47,4,1.28,20,5,0.283,2026-10-01 20:02:25
CASE_01105,FIR/2025/688,2025-06-07 14:44:25,INVESTMENT_SCAM,West Bengal,Synthetic_District_12,26.198061,96.346101,863057.65,1,0.83,14,5,0.02,2025-07-02 14:44:25
CASE_01106,FIR/2026/592,2026-09-06 10:11:25,INVESTMENT_SCAM,Tamil Nadu,Synthetic_District_12,11.145521,76.883804,374231.44,14,1.33,10,6,0.805,2026-09-25 10:11:25
CASE_01107,FIR/2025/716,2025-04-22 13:10:25,IMPERSONATION,Uttar Pradesh,Synthetic_District_37,18.349738,79.017724,168540.1,20,1.06,13,1,0.245,2025-04-24 13:10:25
CASE_01108,FIR/2025/441,2025-09-09 04:15:25,OTHER,Gujarat,Synthetic_District_15,20.493873,84.310623,48992.26,3,0.61,4,1,0.896,2025-09-17 04:15:25
CASE_01109,FIR/2025/856,2025-11-23 17:58:25,NET_BANKING_FRAUD,Maharashtra,Synthetic_District_7,27.747862,96.301891,83059.62,15,3.62,17,6,0.221,2025-11-30 17:58:25
CASE_01110,FIR/2025/701,2025-05-11 03:51:25,UPI_FRAUD,Andhra Pradesh,Synthetic_District_8,36.748152,86.647558,12897.18,15,4.48,3,6,0.093,2025-06-10 03:51:25
CASE_01111,FIR/2025/910,2025-05-30 11:52:25,UPI_FRAUD,Uttar Pradesh,Synthetic_District_35,29.646114,95.20988,40290.25,8,0.32,11,4,0.689,2025-06-17 11:52:25
CASE_01112,FIR/2025/962,2025-03-20 14:33:25,IMPERSONATION,Gujarat,Synthetic_District_14,31.075946,93.73658,146004.25,4,0.53,14,3,0.583,2025-04-19 14:33:25
CASE_01113,FIR/2026/465,2026-05-12 00:45:25,NET_BANKING_FRAUD,Gujarat,Synthetic_District_36,28.182231,68.780082,139579.44,4,4.91,0,1,0.572,2026-06-03 00:45:25
CASE_01114,FIR/2025/855,2025-07-07 22:56:25,OTHER,Karnataka,Synthetic_District_47,13.202355,91.991046,32233.88,7,0.75,22,0,0.461,2025-07-29 22:56:25
CASE_01115,FIR/2026/843,2026-01-03 00:24:25,PHISHING,Tamil Nadu,Synthetic_District_24,26.186786,93.524825,7266.69,10,4.19,0,5,0.432,2026-01-26 00:24:25
CASE_01116,FIR/2024/483,2024-12-02 22:15:25,NET_BANKING_FRAUD,Karnataka,Synthetic_District_35,13.077777,92.444324,2516.94,14,0.63,22,0,0.764,2024-12-09 22:15:25
CASE_01117,FIR/2024/816,2024-12-12 21:11:25,UPI_FRAUD,Delhi,Synthetic_District_18,28.697213,88.697947,21787.46,17,4.75,21,3,0.932,2025-01-10 21:11:25
CASE_01118,FIR/2026/708,2026-05-22 03:41:25,NET_BANKING_FRAUD,West Bengal,Synthetic_District_43,24.451515,95.654925,32322.03,14,0.94,3,4,0.837,2026-06-06 03:41:25
CASE_01119,FIR/2025/851,2025-07-12 03:01:25,INVESTMENT_SCAM,Karnataka,Synthetic_District_13,19.768669,78.890258,253439.75,18,2.38,3,5,0.091,2025-07-31 03:01:25
CASE_01120,FIR/2025/817,2025-01-26 14:53:25,UPI_FRAUD,West Bengal,Synthetic_District_8,24.241881,79.443604,11563.92,19,3.59,14,6,0.817,2025-01-28 14:53:25
CASE_01121,FIR/2026/346,2026-03-13 22:19:25,PHISHING,Karnataka,Synthetic_District_33,32.890792,83.766445,159989.64,3,1.28,22,4,0.552,2026-03-24 22:19:25
CASE_01122,FIR/2026/662,2026-03-21 09:50:25,CARD_FRAUD,Delhi,Synthetic_District_12,9.276538,82.224742,52966.9,7,0.78,9,5,0.79,2026-04-13 09:50:25
CASE_01123,FIR/2026/173,2026-07-12 19:18:25,PHISHING,Andhra Pradesh,Synthetic_District_47,26.38178,70.32455,125343.17,11,2.36,19,6,0.681,2026-08-09 19:18:25
CASE_01124,FIR/2025/127,2025-09-09 16:47:25,OTHER,Karnataka,Synthetic_District_47,8.880075,77.352402,3294.39,19,0.5,16,1,0.688,2025-09-25 16:47:25
CASE_01125,FIR/2025/158,2025-01-08 07:35:25,INVESTMENT_SCAM,Uttar Pradesh,Synthetic_District_2,28.857537,96.663684,665170.33,11,1.96,7,2,0.115,2025-02-07 07:35:25
CASE_01126,FIR/2026/263,2026-02-28 13:03:25,OTHER,Maharashtra,Synthetic_District_35,31.57021,85.4101,59135.45,19,2.75,13,5,0.287,2026-03-17 13:03:25
CASE_01127,FIR/2024/613,2024-12-16 20:56:25,OTHER,Uttar Pradesh,Synthetic_District_3,17.109295,81.597357,152882.5,17,2.23,20,0,0.026,2025-01-05 20:56:25
CASE_01128,FIR/2024/486,2024-11-18 17:27:25,CARD_FRAUD,Telangana,Synthetic_District_41,17.903185,78.482535,177272.76,17,1.45,17,0,0.15,2024-12-01 17:27:25
CASE_01129,FIR/2026/375,2026-04-28 20:00:25,NET_BANKING_FRAUD,West Bengal,Synthetic_District_15,36.729359,78.717423,30705.34,2,1.89,20,1,0.822,2026-05-24 20:00:25
CASE_01130,FIR/2026/140,2026-05-13 05:31:25,UPI_FRAUD,Gujarat,Synthetic_District_4,19.795225,74.971306,27671.91,20,4.29,5,2,0.558,2026-06-02 05:31:25
CASE_01131,FIR/2025/976,2025-09-27 17:34:25,INVESTMENT_SCAM,West Bengal,Synthetic_District_12,11.647234,69.760641,789683.11,2,4.65,17,5,0.865,2025-10-06 17:34:25
CASE_01132,FIR/2026/856,2026-03-24 20:41:25,INVESTMENT_SCAM,Karnataka,Synthetic_District_17,26.141774,75.501187,919473.18,6,2.78,20,1,0.474,2026-04-22 20:41:25
CASE_01133,FIR/2025/292,2025-06-11 08:57:25,NET_BANKING_FRAUD,West Bengal,Synthetic_District_42,9.860812,75.766184,143918.1,5,3.4,8,2,0.142,2025-06-24 08:57:25
CASE_01134,FIR/2026/685,2026-06-25 14:03:25,IMPERSONATION,Kerala,Synthetic_District_27,16.630015,68.600572,35003.36,14,3.81,14,3,0.131,2026-07-19 14:03:25
CASE_01135,FIR/2026/896,2026-03-25 05:58:25,UPI_FRAUD,Kerala,Synthetic_District_6,21.396993,69.182587,15548.29,13,1.53,5,2,0.982,2026-04-07 05:58:25
CASE_01136,FIR/2025/987,2025-03-09 04:33:25,CARD_FRAUD,Karnataka,Synthetic_District_12,19.695096,74.643293,151773.94,12,1.77,4,6,0.683,2025-03-19 04:33:25
CASE_01137,FIR/2025/486,2025-04-14 15:46:25,IMPERSONATION,Kerala,Synthetic_District_27,30.970719,93.029441,17836.77,17,2.92,15,0,0.815,2025-05-01 15:46:25
CASE_01138,FIR/2024/669,2024-10-23 00:31:25,UPI_FRAUD,West Bengal,Synthetic_District_34,13.175184,96.486698,18481.75,11,3.65,0,2,0.134,2024-11-12 00:31:25
CASE_01139,FIR/2026/396,2026-09-12 18:28:25,IMPERSONATION,Karnataka,Synthetic_District_19,14.925696,94.578091,68645.87,7,4.85,18,5,0.824,2026-09-19 18:28:25
CASE_01140,FIR/2026/225,2026-03-22 01:22:25,CARD_FRAUD,Andhra Pradesh,Synthetic_District_47,14.434486,72.101066,176812.57,4,0.54,1,6,0.711,2026-04-06 01:22:25
CASE_01141,FIR/2026/149,2026-03-22 07:31:25,OTHER,Uttar Pradesh,Synthetic_District_13,14.991793,70.651142,25631.98,7,2.51,7,6,0.135,2026-04-12 07:31:25
CASE_01142,FIR/2025/840,2025-08-25 23:47:25,NET_BANKING_FRAUD,Maharashtra,Synthetic_District_6,34.625781,85.74438,171107.89,17,2.53,23,0,0.962,2025-09-07 23:47:25
CASE_01143,FIR/2025/665,2025-01-05 07:17:25,OTHER,West Bengal,Synthetic_District_1,8.309486,73.360036,82032.3,1,4.99,7,6,0.029,2025-01-09 07:17:25
CASE_01144,FIR/2025/711,2025-09-07 05:52:25,INVESTMENT_SCAM,West Bengal,Synthetic_District_1,15.087189,78.941443,171511.66,16,3.22,5,6,0.497,2025-10-01 05:52:25
CASE_01145,FIR/2025/103,2025-07-17 11:52:25,IMPERSONATION,Uttar Pradesh,Synthetic_District_44,14.197351,78.669241,181679.43,12,0.76,11,3,0.058,2025-07-27 11:52:25
CASE_01146,FIR/2026/754,2026-06-09 19:36:25,UPI_FRAUD,Uttar Pradesh,Synthetic_District_19,11.156828,76.475061,43555.0,8,2.05,19,1,0.477,2026-07-06 19:36:25
CASE_01147,FIR/2024/299,2024-10-27 10:53:25,OTHER,Delhi,Synthetic_District_47,12.572665,74.251982,199389.65,20,2.58,10,6,0.074,2024-11-11 10:53:25
CASE_01148,FIR/2025/361,2025-07-08 03:06:25,NET_BANKING_FRAUD,Karnataka,Synthetic_District_45,29.634455,89.19109,16272.18,5,2.65,3,1,0.407,2025-08-01 03:06:25
CASE_01149,FIR/2024/445,2024-11-12 04:25:25,UPI_FRAUD,Tamil Nadu,Synthetic_District_32,35.132178,80.431416,38923.12,2,2.64,4,1,0.096,2024-12-06 04:25:25
CASE_01150,FIR/2025/143,2025-02-08 06:34:25,OTHER,Tamil Nadu,Synthetic_District_4,23.08744,73.892284,4575.8,13,2.05,6,5,0.607,2025-03-07 06:34:25
CASE_01151,FIR/2024/428,2024-10-27 04:54:25,IMPERSONATION,Tamil Nadu,Synthetic_District_7,35.630814,90.260244,91670.12,9,4.5,4,6,0.356,2024-11-23 04:54:25
CASE_01152,FIR/2025/211,2025-12-14 09:20:25,PHISHING,Gujarat,Synthetic_District_41,32.57552,80.309733,87811.85,18,3.26,9,6,0.143,2025-12-21 09:20:25
CASE_01153,FIR/2026/218,2026-03-21 01:03:25,IMPERSONATION,Tamil Nadu,Synthetic_District_20,33.994454,68.143811,192662.68,17,4.93,1,5,0.78,2026-04-01 01:03:25
CASE_01154,FIR/2025/663,2025-08-01 00:15:25,OTHER,West Bengal,Synthetic_District_9,19.81626,74.146862,133754.25,12,3.11,0,4,0.124,2025-08-05 00:15:25
CASE_01155,FIR/2026/720,2026-08-14 04:13:25,IMPERSONATION,Karnataka,Synthetic_District_33,18.679042,84.369392,139099.47,3,4.04,4,4,0.286,2026-08-20 04:13:25
CASE_01156,FIR/2024/269,2024-10-16 15:13:25,CARD_FRAUD,Andhra Pradesh,Synthetic_District_49,25.337661,84.610834,116996.92,14,3.86,15,2,0.573,2024-10-29 15:13:25
CASE_01157,FIR/2026/877,2026-08-03 02:38:25,INVESTMENT_SCAM,Uttar Pradesh,Synthetic_District_48,29.162986,87.6701,659661.85,15,0.54,2,0,0.522,2026-08-08 02:38:25
CASE_01158,FIR/2026/682,2026-04-01 04:22:25,NET_BANKING_FRAUD,Tamil Nadu,Synthetic_District_10,17.58026,70.985375,127718.62,1,3.88,4,2,0.887,2026-04-20 04:22:25
CASE_01159,FIR/2026/959,2026-06-24 22:56:25,PHISHING,Tamil Nadu,Synthetic_District_19,30.635315,90.511795,22562.62,14,2.08,22,2,0.56,2026-06-26 22:56:25
CASE_01160,FIR/2025/584,2025-11-21 12:29:25,UPI_FRAUD,Delhi,Synthetic_District_26,26.566945,81.258263,49502.13,14,4.86,12,4,0.031,2025-12-06 12:29:25
CASE_01161,FIR/2025/841,2025-03-27 15:58:25,CARD_FRAUD,Tamil Nadu,Synthetic_District_34,25.595201,77.447565,112770.27,20,4.55,15,3,0.65,2025-04-25 15:58:25
CASE_01162,FIR/2026/956,2026-03-15 21:27:25,INVESTMENT_SCAM,Kerala,Synthetic_District_1,34.020273,95.840596,769161.6,4,4.91,21,6,0.902,2026-04-03 21:27:25
CASE_01163,FIR/2026/969,2026-06-16 06:06:25,UPI_FRAUD,Delhi,Synthetic_District_26,25.124852,78.402944,27507.68,5,2.23,6,1,0.266,2026-07-12 06:06:25
CASE_01164,FIR/2026/745,2026-04-16 05:21:25,NET_BANKING_FRAUD,Maharashtra,Synthetic_District_14,8.43306,81.975943,69598.77,14,0.58,5,3,0.831,2026-05-15 05:21:25
CASE_01165,FIR/2025/444,2025-02-25 23:36:25,INVESTMENT_SCAM,Maharashtra,Synthetic_District_17,32.455927,90.53934,348009.95,13,2.75,23,1,0.241,2025-03-23 23:36:25
CASE_01166,FIR/2025/975,2025-08-14 09:02:25,IMPERSONATION,Karnataka,Synthetic_District_11,21.874103,74.488306,179899.79,1,3.37,9,3,0.514,2025-09-03 09:02:25
CASE_01167,FIR/2025/881,2025-11-04 04:49:25,UPI_FRAUD,Andhra Pradesh,Synthetic_District_33,13.859702,70.355209,5927.52,7,4.09,4,1,0.335,2025-12-01 04:49:25
CASE_01168,FIR/2024/726,2024-10-25 17:49:25,NET_BANKING_FRAUD,Kerala,Synthetic_District_6,16.498003,85.589477,106034.66,11,0.37,17,4,0.408,2024-10-31 17:49:25
CASE_01169,FIR/2026/553,2026-07-06 08:57:25,OTHER,Andhra Pradesh,Synthetic_District_41,12.165795,89.169315,116910.02,8,3.22,8,0,0.27,2026-08-04 08:57:25
CASE_01170,FIR/2026/266,2026-02-19 07:13:25,INVESTMENT_SCAM,Karnataka,Synthetic_District_46,35.344997,93.67763,317425.91,13,3.84,7,3,0.412,2026-02-24 07:13:25
CASE_01171,FIR/2026/194,2026-06-01 21:07:25,UPI_FRAUD,Gujarat,Synthetic_District_47,26.136301,81.750041,27817.68,13,4.62,21,0,0.982,2026-06-20 21:07:25
CASE_01172,FIR/2026/123,2026-09-16 11:49:25,OTHER,Andhra Pradesh,Synthetic_District_34,27.56434,75.621173,155770.24,7,1.07,11,2,0.454,2026-09-19 11:49:25
CASE_01173,FIR/2025/307,2025-02-12 03:07:25,IMPERSONATION,Telangana,Synthetic_District_26,11.152685,83.795877,186191.6,3,2.37,3,2,0.205,2025-03-13 03:07:25
CASE_01174,FIR/2025/100,2025-03-17 13:51:25,UPI_FRAUD,Andhra Pradesh,Synthetic_District_8,14.347261,80.235087,30186.07,17,4.9,13,0,0.318,2025-04-01 13:51:25
CASE_01175,FIR/2026/294,2026-02-19 10:21:25,CARD_FRAUD,Tamil Nadu,Synthetic_District_29,10.155745,87.368408,75820.24,10,1.6,10,3,0.593,2026-03-15 10:21:25
CASE_01176,FIR/2025/505,2025-03-21 11:05:25,UPI_FRAUD,Kerala,Synthetic_District_33,9.247036,91.706378,7128.47,14,1.45,11,4,0.995,2025-03-29 11:05:25
CASE_01177,FIR/2026/507,2026-01-04 23:28:25,CARD_FRAUD,Gujarat,Synthetic_District_35,11.140196,72.111424,166568.08,15,3.73,23,6,0.5,2026-01-21 23:28:25
CASE_01178,FIR/2025/754,2025-03-22 21:49:25,UPI_FRAUD,Maharashtra,Synthetic_District_32,33.933721,85.080799,41714.5,6,0.6,21,5,0.193,2025-04-08 21:49:25
CASE_01179,FIR/2025/949,2025-12-02 22:21:25,INVESTMENT_SCAM,Gujarat,Synthetic_District_47,27.916598,80.699999,373130.68,14,4.35,22,1,0.232,2025-12-29 22:21:25
CASE_01180,FIR/2026/281,2026-04-05 00:41:25,UPI_FRAUD,West Bengal,Synthetic_District_44,36.881537,79.84433,42419.0,11,1.22,0,6,0.75,2026-04-29 00:41:25
CASE_01181,FIR/2024/836,2024-10-23 08:35:25,IMPERSONATION,Andhra Pradesh,Synthetic_District_26,27.741614,96.839563,118133.71,15,2.44,8,2,0.061,2024-11-20 08:35:25
CASE_01182,FIR/2026/926,2026-02-20 00:42:25,NET_BANKING_FRAUD,Delhi,Synthetic_District_1,18.587503,68.065292,104137.2,18,0.8,0,4,0.659,2026-02-26 00:42:25
CASE_01183,FIR/2025/263,2025-04-02 00:25:25,CARD_FRAUD,Maharashtra,Synthetic_District_26,27.683667,87.127099,66250.23,1,3.91,0,2,0.539,2025-04-17 00:25:25
CASE_01184,FIR/2025/850,2025-01-15 14:01:25,NET_BANKING_FRAUD,Maharashtra,Synthetic_District_34,26.887749,95.174946,114316.93,3,4.91,14,2,0.139,2025-02-03 14:01:25
CASE_01185,FIR/2025/670,2025-11-11 07:33:25,INVESTMENT_SCAM,Uttar Pradesh,Synthetic_District_35,30.404556,75.787007,957146.65,14,3.15,7,1,0.542,2025-12-07 07:33:25
CASE_01186,FIR/2026/138,2026-04-11 16:55:25,PHISHING,Telangana,Synthetic_District_3,35.5906,88.062005,178543.14,8,3.35,16,5,0.542,2026-05-05 16:55:25
CASE_01187,FIR/2026/398,2026-06-04 15:29:25,CARD_FRAUD,Delhi,Synthetic_District_20,33.592244,77.793908,101964.89,20,2.61,15,3,0.63,2026-06-25 15:29:25
CASE_01188,FIR/2024/619,2024-12-25 02:07:25,NET_BANKING_FRAUD,Gujarat,Synthetic_District_49,34.474643,88.163131,125587.1,15,0.55,2,2,0.924,2025-01-02 02:07:25
CASE_01189,FIR/2026/652,2026-04-10 05:13:25,NET_BANKING_FRAUD,Delhi,Synthetic_District_2,35.083226,81.108186,96042.69,13,3.92,5,4,0.964,2026-04-13 05:13:25
CASE_01190,FIR/2026/604,2026-07-04 14:14:25,NET_BANKING_FRAUD,Andhra Pradesh,Synthetic_District_35,12.347595,86.085596,122475.95,14,2.58,14,5,0.719,2026-07-09 14:14:25
CASE_01191,FIR/2025/867,2025-02-09 03:18:25,INVESTMENT_SCAM,Karnataka,Synthetic_District_42,23.432079,87.765319,236345.91,1,2.05,3,6,0.186,2025-03-02 03:18:25
CASE_01192,FIR/2025/130,2025-05-31 03:48:25,IMPERSONATION,Telangana,Synthetic_District_49,36.839718,79.047237,54596.12,20,1.73,3,5,0.457,2025-06-02 03:48:25
CASE_01193,FIR/2024/654,2024-10-31 13:52:25,PHISHING,Delhi,Synthetic_District_50,29.647711,92.721966,56639.82,9,1.33,13,3,0.934,2024-11-13 13:52:25
CASE_01194,FIR/2026/946,2026-01-14 11:10:25,PHISHING,Uttar Pradesh,Synthetic_District_19,13.384978,75.152119,28930.48,5,3.45,11,2,0.739,2026-02-11 11:10:25
CASE_01195,FIR/2025/299,2025-07-02 05:38:25,OTHER,West Bengal,Synthetic_District_37,35.101553,77.865396,45217.23,6,1.38,5,2,0.684,2025-08-01 05:38:25
CASE_01196,FIR/2025/594,2025-08-30 22:19:25,OTHER,Delhi,Synthetic_District_22,19.283219,96.090212,68239.7,6,2.08,22,5,0.589,2025-09-27 22:19:25
CASE_01197,FIR/2026/802,2026-09-11 00:06:25,INVESTMENT_SCAM,Telangana,Synthetic_District_7,14.483056,96.751449,627540.69,17,0.62,0,4,0.711,2026-09-23 00:06:25
CASE_01198,FIR/2025/495,2025-10-08 17:26:25,NET_BANKING_FRAUD,West Bengal,Synthetic_District_21,8.45334,77.292801,104268.06,16,3.89,17,2,0.287,2025-10-17 17:26:25
CASE_01199,FIR/2025/222,2025-05-16 16:57:25,CARD_FRAUD,West Bengal,Synthetic_District_37,10.16078,92.139516,125997.42,16,3.04,16,4,0.165,2025-05-23 16:57:25
CASE_01200,FIR/2026/912,2026-03-18 15:06:25,INVESTMENT_SCAM,Karnataka,Synthetic_District_6,32.318322,74.09539,274217.11,10,0.53,15,2,0.294,2026-03-22 15:06:25
CASE_01201,FIR/2025/277,2025-08-30 02:57:25,UPI_FRAUD,Telangana,Synthetic_District_40,33.696868,91.708626,10908.13,16,3.67,2,5,0.951,2025-09-03 02:57:25
CASE_01202,FIR/2025/116,2025-05-31 06:13:25,OTHER,Uttar Pradesh,Synthetic_District_18,35.629187,72.340908,64146.73,4,1.49,6,5,0.77,2025-06-03 06:13:25
CASE_01203,FIR/2024/641,2024-11-05 03:56:25,NET_BANKING_FRAUD,Maharashtra,Synthetic_District_45,25.160309,81.713744,77203.55,2,3.06,3,1,0.835,2024-11-30 03:56:25
CASE_01204,FIR/2026/964,2026-01-31 17:02:25,CARD_FRAUD,West Bengal,Synthetic_District_34,24.17634,90.242592,26825.4,13,0.9,17,5,0.137,2026-02-11 17:02:25
CASE_01205,FIR/2026/984,2026-04-23 06:11:25,UPI_FRAUD,Uttar Pradesh,Synthetic_District_33,20.049867,89.87441,47781.75,18,2.27,6,3,0.299,2026-04-29 06:11:25
CASE_01206,FIR/2025/858,2025-02-18 08:30:25,CARD_FRAUD,Kerala,Synthetic_District_35,26.333,89.253746,102531.46,14,4.83,8,1,0.797,2025-03-01 08:30:25
CASE_01207,FIR/2026/411,2026-09-29 12:03:25,PHISHING,Uttar Pradesh,Synthetic_District_8,36.061397,91.560119,100904.2,14,4.93,12,1,0.025,2026-10-29 12:03:25
CASE_01208,FIR/2024/481,2024-10-05 17:47:25,PHISHING,Tamil Nadu,Synthetic_District_38,26.772861,74.730597,160522.68,8,0.74,17,5,0.877,2024-11-03 17:47:25
CASE_01209,FIR/2025/105,2025-01-26 03:40:25,CARD_FRAUD,Telangana,Synthetic_District_22,21.935346,83.13182,14779.27,14,2.82,3,6,0.182,2025-01-30 03:40:25
CASE_01210,FIR/2025/731,2025-07-17 02:03:25,OTHER,Andhra Pradesh,Synthetic_District_25,25.006572,96.857912,104441.99,16,0.81,2,3,0.963,2025-08-09 02:03:25
CASE_01211,FIR/2025/836,2025-05-15 06:13:25,IMPERSONATION,Kerala,Synthetic_District_42,19.985104,89.660103,157976.7,5,1.89,6,3,0.515,2025-06-08 06:13:25
CASE_01212,FIR/2026/171,2026-09-19 22:43:25,CARD_FRAUD,West Bengal,Synthetic_District_14,31.356158,73.013343,58294.74,18,4.06,22,5,0.106,2026-09-24 22:43:25
CASE_01213,FIR/2025/999,2025-04-11 18:53:25,PHISHING,Karnataka,Synthetic_District_41,16.841214,70.685519,121709.27,13,3.72,18,4,0.885,2025-04-28 18:53:25
CASE_01214,FIR/2025/834,2025-06-07 06:01:25,NET_BANKING_FRAUD,West Bengal,Synthetic_District_30,18.005206,83.44288,32870.01,16,2.08,6,5,0.706,2025-06-29 06:01:25
CASE_01215,FIR/2026/591,2026-01-08 22:35:25,PHISHING,Gujarat,Synthetic_District_21,15.549879,96.225585,180070.48,18,3.18,22,3,0.484,2026-01-21 22:35:25
CASE_01216,FIR/2025/192,2025-03-07 10:47:25,CARD_FRAUD,West Bengal,Synthetic_District_50,32.791496,89.515139,29346.71,13,4.51,10,4,0.554,2025-03-31 10:47:25
CASE_01217,FIR/2025/835,2025-01-12 04:48:25,INVESTMENT_SCAM,Gujarat,Synthetic_District_8,26.717189,73.090921,875578.84,15,3.47,4,6,0.198,2025-02-07 04:48:25
CASE_01218,FIR/2025/957,2025-05-10 11:26:25,INVESTMENT_SCAM,Karnataka,Synthetic_District_21,13.271888,72.500558,968289.21,19,4.56,11,5,0.214,2025-05-24 11:26:25
CASE_01219,FIR/2025/773,2025-03-23 20:31:25,NET_BANKING_FRAUD,Uttar Pradesh,Synthetic_District_5,26.570368,74.85189,160081.19,18,0.8,20,6,0.897,2025-04-03 20:31:25
CASE_01220,FIR/2026/976,2026-07-30 04:29:25,PHISHING,West Bengal,Synthetic_District_14,17.285907,95.251188,158080.99,9,2.15,4,3,0.489,2026-08-20 04:29:25
CASE_01221,FIR/2026/927,2026-01-17 16:32:25,NET_BANKING_FRAUD,Andhra Pradesh,Synthetic_District_19,15.166924,68.567249,44554.34,11,1.38,16,5,0.254,2026-02-12 16:32:25
CASE_01222,FIR/2026/557,2026-02-22 12:30:25,IMPERSONATION,Uttar Pradesh,Synthetic_District_38,20.725084,73.417047,24179.3,6,2.26,12,6,0.162,2026-03-05 12:30:25
CASE_01223,FIR/2025/639,2025-06-09 14:42:25,INVESTMENT_SCAM,Gujarat,Synthetic_District_47,11.26288,82.219497,495085.46,11,0.78,14,0,0.951,2025-07-09 14:42:25
CASE_01224,FIR/2026/791,2026-03-14 23:53:25,PHISHING,Maharashtra,Synthetic_District_9,31.003775,79.516819,6587.6,2,2.79,23,5,0.173,2026-04-12 23:53:25
CASE_01225,FIR/2024/930,2024-11-14 01:33:25,INVESTMENT_SCAM,Gujarat,Synthetic_District_34,22.600361,93.045068,514498.16,15,1.81,1,3,0.211,2024-12-08 01:33:25
CASE_01226,FIR/2026/342,2026-09-21 04:27:25,INVESTMENT_SCAM,West Bengal,Synthetic_District_26,34.804775,91.16207,389496.06,2,1.09,4,0,0.278,2026-10-01 04:27:25
CASE_01227,FIR/2025/975,2025-05-29 05:26:25,UPI_FRAUD,Uttar Pradesh,Synthetic_District_21,11.174944,69.925845,40752.17,6,4.78,5,3,0.872,2025-06-17 05:26:25
CASE_01228,FIR/2025/271,2025-01-02 17:34:25,PHISHING,Uttar Pradesh,Synthetic_District_48,18.099179,68.696869,128939.42,10,1.07,17,3,0.277,2025-01-30 17:34:25
CASE_01229,FIR/2026/105,2026-03-06 22:48:25,INVESTMENT_SCAM,Uttar Pradesh,Synthetic_District_27,36.773174,70.396787,832086.71,19,2.55,22,4,0.609,2026-03-10 22:48:25
CASE_01230,FIR/2025/255,2025-02-25 04:48:25,IMPERSONATION,Maharashtra,Synthetic_District_14,12.564732,93.135196,31035.41,15,2.11,4,1,0.753,2025-03-02 04:48:25
CASE_01231,FIR/2024/191,2024-11-22 20:23:25,OTHER,Maharashtra,Synthetic_District_8,19.09488,71.03066,149458.19,6,0.31,20,4,0.618,2024-11-24 20:23:25
CASE_01232,FIR/2025/641,2025-12-30 21:31:25,CARD_FRAUD,Gujarat,Synthetic_District_16,13.740589,86.066246,132681.82,7,0.28,21,1,0.572,2026-01-13 21:31:25
CASE_01233,FIR/2025/283,2025-10-24 02:58:25,INVESTMENT_SCAM,Gujarat,Synthetic_District_42,33.429303,91.526517,62738.61,17,0.61,2,4,0.764,2025-11-03 02:58:25
CASE_01234,FIR/2025/671,2025-03-28 19:50:25,CARD_FRAUD,Andhra Pradesh,Synthetic_District_41,23.219675,94.735941,5519.18,1,2.92,19,4,0.327,2025-04-02 19:50:25
CASE_01235,FIR/2025/960,2025-03-02 12:03:25,NET_BANKING_FRAUD,Uttar Pradesh,Synthetic_District_13,28.318145,78.635089,26632.67,12,3.64,12,6,0.84,2025-03-05 12:03:25
CASE_01236,FIR/2026/682,2026-07-31 17:36:25,PHISHING,Uttar Pradesh,Synthetic_District_23,11.717897,88.142257,143418.99,16,4.14,17,4,0.776,2026-08-08 17:36:25
CASE_01237,FIR/2026/467,2026-01-06 19:54:25,CARD_FRAUD,West Bengal,Synthetic_District_21,23.64954,79.233694,38960.53,5,1.14,19,1,0.027,2026-01-09 19:54:25
CASE_01238,FIR/2025/532,2025-03-07 16:54:25,NET_BANKING_FRAUD,Maharashtra,Synthetic_District_24,25.813283,81.900004,186106.86,18,2.52,16,4,0.06,2025-03-27 16:54:25
CASE_01239,FIR/2026/187,2026-06-25 18:13:25,IMPERSONATION,Andhra Pradesh,Synthetic_District_28,32.996964,68.649031,144587.95,8,0.74,18,3,0.86,2026-07-12 18:13:25
CASE_01240,FIR/2026/984,2026-07-26 20:06:25,CARD_FRAUD,Delhi,Synthetic_District_44,26.320307,68.219747,52951.31,10,0.26,20,6,0.059,2026-07-27 20:06:25
CASE_01241,FIR/2026/677,2026-06-22 04:43:25,NET_BANKING_FRAUD,Gujarat,Synthetic_District_24,20.272485,90.818348,191361.22,20,0.42,4,0,0.443,2026-07-14 04:43:25
CASE_01242,FIR/2025/352,2025-09-21 04:03:25,NET_BANKING_FRAUD,Kerala,Synthetic_District_31,32.405783,71.968916,168857.56,9,2.36,4,6,0.003,2025-09-23 04:03:25
CASE_01243,FIR/2026/626,2026-04-20 18:34:25,UPI_FRAUD,Maharashtra,Synthetic_District_3,14.009364,91.376806,39883.23,14,2.81,18,0,0.1,2026-05-03 18:34:25
CASE_01244,FIR/2025/143,2025-07-08 19:16:25,PHISHING,West Bengal,Synthetic_District_1,22.988706,91.557749,85337.25,12,2.29,19,1,0.148,2025-07-09 19:16:25
CASE_01245,FIR/2025/300,2025-01-18 03:30:25,UPI_FRAUD,West Bengal,Synthetic_District_3,19.849018,70.948327,23226.42,2,2.36,3,5,0.229,2025-01-21 03:30:25
CASE_01246,FIR/2024/603,2024-11-17 02:08:25,INVESTMENT_SCAM,Kerala,Synthetic_District_13,31.229773,73.074438,956193.14,7,0.22,2,6,0.565,2024-11-23 02:08:25
CASE_01247,FIR/2025/557,2025-09-22 10:40:25,INVESTMENT_SCAM,Andhra Pradesh,Synthetic_District_46,20.455063,75.359059,692547.82,1,1.1,10,0,0.561,2025-10-03 10:40:25
CASE_01248,FIR/2025/721,2025-04-21 14:36:25,OTHER,Andhra Pradesh,Synthetic_District_11,31.854978,94.66423,155623.96,15,4.62,14,0,0.838,2025-05-20 14:36:25
CASE_01249,FIR/2025/699,2025-11-07 06:37:25,PHISHING,Maharashtra,Synthetic_District_34,14.975887,72.008439,16707.75,16,0.19,6,4,0.058,2025-11-16 06:37:25
CASE_01250,FIR/2025/438,2025-11-16 06:12:25,UPI_FRAUD,Uttar Pradesh,Synthetic_District_2,29.897785,91.057998,15599.0,2,2.29,6,6,0.486,2025-12-01 06:12:25
CASE_01251,FIR/2025/368,2025-02-04 00:47:25,UPI_FRAUD,Uttar Pradesh,Synthetic_District_16,23.772462,95.302821,37476.23,3,4.12,0,1,0.563,2025-02-27 00:47:25
CASE_01252,FIR/2026/422,2026-09-24 13:29:25,CARD_FRAUD,Tamil Nadu,Synthetic_District_43,36.927065,69.907586,115259.6,6,0.31,13,3,0.611,2026-10-11 13:29:25
CASE_01253,FIR/2024/941,2024-11-07 11:04:25,IMPERSONATION,Gujarat,Synthetic_District_26,30.71645,83.34645,166196.06,16,3.23,11,3,0.648,2024-11-14 11:04:25
CASE_01254,FIR/2026/524,2026-01-17 11:13:25,IMPERSONATION,Andhra Pradesh,Synthetic_District_39,24.139718,76.485865,24935.31,14,4.55,11,5,0.955,2026-01-22 11:13:25
CASE_01255,FIR/2025/684,2025-05-09 08:03:25,UPI_FRAUD,Kerala,Synthetic_District_16,14.765668,73.051667,24302.57,11,2.24,8,4,0.211,2025-06-01 08:03:25
CASE_01256,FIR/2026/682,2026-03-11 14:22:25,INVESTMENT_SCAM,Maharashtra,Synthetic_District_40,20.935971,68.425154,324650.59,9,0.91,14,2,0.431,2026-04-02 14:22:25
CASE_01257,FIR/2025/571,2025-02-18 16:58:25,NET_BANKING_FRAUD,West Bengal,Synthetic_District_11,11.065044,79.911516,11145.18,6,3.34,16,1,0.659,2025-03-11 16:58:25
CASE_01258,FIR/2026/658,2026-08-07 13:01:25,UPI_FRAUD,Maharashtra,Synthetic_District_16,18.711933,88.352693,42496.01,20,2.9,13,4,0.595,2026-09-05 13:01:25
CASE_01259,FIR/2026/185,2026-05-21 07:42:25,PHISHING,Gujarat,Synthetic_District_2,29.197745,83.587553,179591.92,19,4.83,7,3,0.928,2026-06-07 07:42:25
CASE_01260,FIR/2024/411,2024-10-30 19:19:25,NET_BANKING_FRAUD,West Bengal,Synthetic_District_9,12.660773,71.487044,178938.55,12,2.66,19,2,0.737,2024-11-07 19:19:25
CASE_01261,FIR/2026/111,2026-05-07 07:17:25,CARD_FRAUD,West Bengal,Synthetic_District_12,9.78972,68.745095,88095.9,18,0.33,7,3,0.474,2026-05-23 07:17:25
CASE_01262,FIR/2026/293,2026-08-12 19:38:25,OTHER,Andhra Pradesh,Synthetic_District_37,10.468713,85.274731,36786.16,3,3.85,19,2,0.668,2026-09-11 19:38:25
CASE_01263,FIR/2025/704,2025-03-10 09:42:25,NET_BANKING_FRAUD,Kerala,Synthetic_District_11,25.39715,80.280761,135193.75,17,0.84,9,0,0.726,2025-03-23 09:42:25
CASE_01264,FIR/2026/750,2026-05-15 14:44:25,OTHER,Karnataka,Synthetic_District_18,9.250906,78.284596,95950.01,4,1.37,14,4,0.79,2026-06-10 14:44:25
CASE_01265,FIR/2026/606,2026-05-17 05:52:25,CARD_FRAUD,West Bengal,Synthetic_District_42,15.195234,82.137697,86002.78,18,2.84,5,6,0.333,2026-05-30 05:52:25
CASE_01266,FIR/2025/979,2025-09-26 20:34:25,NET_BANKING_FRAUD,Andhra Pradesh,Synthetic_District_12,16.492646,69.30986,116625.72,20,4.64,20,4,0.702,2025-10-06 20:34:25
CASE_01267,FIR/2026/371,2026-06-16 05:09:25,INVESTMENT_SCAM,Uttar Pradesh,Synthetic_District_28,8.74301,81.138733,286222.18,10,0.84,5,1,0.444,2026-06-21 05:09:25
CASE_01268,FIR/2026/464,2026-04-27 02:51:25,NET_BANKING_FRAUD,Uttar Pradesh,Synthetic_District_49,15.051583,86.279169,29325.6,9,2.76,2,0,0.125,2026-05-14 02:51:25
CASE_01269,FIR/2026/813,2026-05-10 00:02:25,INVESTMENT_SCAM,West Bengal,Synthetic_District_15,25.808327,93.529694,430124.02,5,4.93,0,6,0.395,2026-05-15 00:02:25
CASE_01270,FIR/2026/122,2026-03-23 07:23:25,INVESTMENT_SCAM,Uttar Pradesh,Synthetic_District_5,10.586274,70.141738,114742.37,4,2.97,7,0,0.757,2026-04-16 07:23:25
CASE_01271,FIR/2025/755,2025-06-11 04:27:25,OTHER,Delhi,Synthetic_District_14,28.727308,71.130853,197440.02,7,2.43,4,2,0.408,2025-06-12 04:27:25
CASE_01272,FIR/2025/428,2025-09-13 22:00:25,UPI_FRAUD,West Bengal,Synthetic_District_33,10.737471,77.641071,45925.7,1,4.56,22,5,0.36,2025-09-22 22:00:25
CASE_01273,FIR/2025/199,2025-08-05 07:54:25,CARD_FRAUD,Andhra Pradesh,Synthetic_District_21,26.858287,93.318215,25789.3,10,1.44,7,1,0.788,2025-08-19 07:54:25
CASE_01274,FIR/2025/865,2025-11-14 19:15:25,OTHER,Maharashtra,Synthetic_District_50,22.957829,88.305644,148326.78,20,2.74,19,4,0.753,2025-12-05 19:15:25
CASE_01275,FIR/2024/510,2024-11-11 10:19:25,IMPERSONATION,Gujarat,Synthetic_District_36,12.218345,75.873459,1567.46,15,1.43,10,0,0.517,2024-11-15 10:19:25
CASE_01276,FIR/2025/741,2025-05-19 03:24:25,PHISHING,Andhra Pradesh,Synthetic_District_17,23.831536,85.877577,183904.23,18,3.13,3,0,0.915,2025-06-11 03:24:25
CASE_01277,FIR/2026/419,2026-05-18 05:29:25,INVESTMENT_SCAM,West Bengal,Synthetic_District_25,24.449421,87.971985,572074.51,3,1.7,5,0,0.588,2026-05-29 05:29:25
CASE_01278,FIR/2026/839,2026-08-05 17:52:25,UPI_FRAUD,Uttar Pradesh,Synthetic_District_44,13.236861,92.499736,30723.49,16,4.97,17,2,0.246,2026-09-04 17:52:25
CASE_01279,FIR/2025/585,2025-10-25 14:47:25,CARD_FRAUD,Maharashtra,Synthetic_District_28,27.800216,69.794146,23564.31,20,2.74,14,5,0.771,2025-11-20 14:47:25
CASE_01280,FIR/2025/826,2025-11-07 23:11:25,CARD_FRAUD,Delhi,Synthetic_District_7,22.925366,75.537255,50462.02,12,3.04,23,4,0.379,2025-11-08 23:11:25
CASE_01281,FIR/2024/408,2024-11-18 17:23:25,IMPERSONATION,Delhi,Synthetic_District_20,23.380233,84.830553,130614.14,6,0.33,17,0,0.921,2024-12-01 17:23:25
CASE_01282,FIR/2026/728,2026-08-29 01:35:25,IMPERSONATION,Andhra Pradesh,Synthetic_District_28,22.4276,69.450068,172451.29,14,1.38,1,5,0.014,2026-09-24 01:35:25
CASE_01283,FIR/2025/874,2025-08-14 03:12:25,OTHER,Gujarat,Synthetic_District_22,23.588021,68.846342,73473.32,15,3.93,3,3,0.309,2025-08-25 03:12:25
CASE_01284,FIR/2025/129,2025-05-13 23:35:25,INVESTMENT_SCAM,Andhra Pradesh,Synthetic_District_9,15.032982,90.684686,815001.4,9,4.01,23,1,0.876,2025-06-08 23:35:25
CASE_01285,FIR/2025/817,2025-02-10 12:56:25,OTHER,Kerala,Synthetic_District_4,11.143562,86.346096,84328.06,20,3.08,12,0,0.229,2025-02-12 12:56:25
CASE_01286,FIR/2024/976,2024-10-09 15:44:25,IMPERSONATION,Delhi,Synthetic_District_8,13.072329,76.529257,85673.63,15,2.2,15,2,0.881,2024-11-01 15:44:25
CASE_01287,FIR/2026/423,2026-08-03 08:04:25,NET_BANKING_FRAUD,Uttar Pradesh,Synthetic_District_5,19.314162,71.006033,27732.98,6,1.48,8,0,0.983,2026-08-06 08:04:25
CASE_01288,FIR/2025/629,2025-10-16 09:37:25,CARD_FRAUD,Andhra Pradesh,Synthetic_District_4,8.177459,94.22868,107148.37,18,0.17,9,3,0.475,2025-11-02 09:37:25
CASE_01289,FIR/2025/230,2025-11-09 08:30:25,NET_BANKING_FRAUD,Tamil Nadu,Synthetic_District_6,13.013785,85.270207,198335.76,12,2.28,8,6,0.786,2025-11-10 08:30:25
CASE_01290,FIR/2025/369,2025-07-06 06:53:25,IMPERSONATION,Delhi,Synthetic_District_41,31.547681,70.208051,82301.19,4,4.61,6,6,0.053,2025-07-23 06:53:25
CASE_01291,FIR/2025/450,2025-06-14 00:32:25,OTHER,Tamil Nadu,Synthetic_District_28,18.025858,85.073524,177015.09,13,4.35,0,5,0.532,2025-06-29 00:32:25
CASE_01292,FIR/2026/371,2026-04-20 04:37:25,IMPERSONATION,West Bengal,Synthetic_District_12,16.983125,71.578771,34591.92,18,3.5,4,0,0.233,2026-05-01 04:37:25
CASE_01293,FIR/2025/374,2025-06-16 04:36:25,OTHER,Karnataka,Synthetic_District_3,27.598798,80.44788,196009.7,10,3.3,4,0,0.285,2025-07-01 04:36:25
CASE_01294,FIR/2025/178,2025-09-11 15:54:25,OTHER,Maharashtra,Synthetic_District_9,35.389466,72.470751,40165.06,15,1.5,15,3,0.537,2025-10-06 15:54:25
CASE_01295,FIR/2026/186,2026-02-15 14:24:25,IMPERSONATION,Gujarat,Synthetic_District_29,34.133941,79.546175,163304.18,7,1.29,14,6,0.293,2026-03-08 14:24:25
CASE_01296,FIR/2026/296,2026-08-25 15:55:25,NET_BANKING_FRAUD,West Bengal,Synthetic_District_35,19.005702,72.921763,34774.49,3,4.5,15,1,0.354,2026-08-26 15:55:25
CASE_01297,FIR/2026/721,2026-08-01 09:48:25,OTHER,Andhra Pradesh,Synthetic_District_16,31.974345,75.392968,169512.18,7,0.26,9,5,0.609,2026-08-27 09:48:25
CASE_01298,FIR/2025/248,2025-05-23 03:31:25,INVESTMENT_SCAM,Kerala,Synthetic_District_40,33.920033,77.599698,527889.25,8,4.42,3,4,0.012,2025-06-20 03:31:25
CASE_01299,FIR/2026/832,2026-09-16 13:32:25,UPI_FRAUD,Andhra Pradesh,Synthetic_District_29,21.750948,76.311566,25783.64,3,4.23,13,2,0.345,2026-09-22 13:32:25
CASE_01300,FIR/2025/367,2025-07-12 01:01:25,IMPERSONATION,Kerala,Synthetic_District_28,9.551129,83.420372,191146.79,18,4.41,1,5,0.688,2025-07-28 01:01:25
CASE_01301,FIR/2026/665,2026-06-09 11:58:25,NET_BANKING_FRAUD,Maharashtra,Synthetic_District_1,26.611823,86.876418,141210.78,11,1.28,11,1,0.596,2026-06-14 11:58:25
CASE_01302,FIR/2026/995,2026-04-02 07:17:25,INVESTMENT_SCAM,West Bengal,Synthetic_District_48,19.193901,86.040868,678016.95,19,2.19,7,3,0.586,2026-04-19 07:17:25
CASE_01303,FIR/2025/422,2025-03-07 15:23:25,UPI_FRAUD,Gujarat,Synthetic_District_38,28.38925,92.287803,15373.15,4,1.44,15,4,0.449,2025-03-12 15:23:25
CASE_01304,FIR/2025/982,2025-06-16 04:59:25,UPI_FRAUD,Uttar Pradesh,Synthetic_District_35,29.683271,79.058817,40530.17,9,0.96,4,0,0.132,2025-06-23 04:59:25
CASE_01305,FIR/2026/633,2026-04-23 12:59:25,INVESTMENT_SCAM,Tamil Nadu,Synthetic_District_16,24.472382,70.992897,477053.94,4,4.93,12,3,0.66,2026-05-09 12:59:25
CASE_01306,FIR/2024/680,2024-10-30 05:43:25,OTHER,Tamil Nadu,Synthetic_District_12,22.995352,82.925834,32266.16,2,3.59,5,2,0.557,2024-11-06 05:43:25
CASE_01307,FIR/2025/115,2025-03-19 20:52:25,UPI_FRAUD,Delhi,Synthetic_District_15,13.096145,68.061265,40829.1,3,3.49,20,2,0.386,2025-04-02 20:52:25
CASE_01308,FIR/2025/746,2025-10-22 19:47:25,UPI_FRAUD,Uttar Pradesh,Synthetic_District_43,33.167235,94.666961,25445.37,16,3.6,19,2,0.122,2025-11-09 19:47:25
CASE_01309,FIR/2024/195,2024-12-24 01:57:25,CARD_FRAUD,Kerala,Synthetic_District_4,34.600806,74.821722,77359.46,18,1.52,1,1,0.319,2025-01-01 01:57:25
CASE_01310,FIR/2026/905,2026-07-17 19:22:25,INVESTMENT_SCAM,Gujarat,Synthetic_District_18,20.213065,89.781179,767361.29,18,3.24,19,4,0.195,2026-07-27 19:22:25
CASE_01311,FIR/2025/200,2025-11-22 11:05:25,OTHER,Karnataka,Synthetic_District_1,13.758117,90.419746,135579.96,1,2.34,11,5,0.752,2025-12-22 11:05:25
CASE_01312,FIR/2025/437,2025-04-03 17:08:25,OTHER,Uttar Pradesh,Synthetic_District_25,20.688511,70.161453,163300.49,1,4.52,17,3,0.046,2025-04-17 17:08:25
CASE_01313,FIR/2026/113,2026-08-15 05:12:25,CARD_FRAUD,Andhra Pradesh,Synthetic_District_24,16.673634,70.509711,19313.48,3,3.55,5,5,0.892,2026-08-23 05:12:25
CASE_01314,FIR/2025/202,2025-07-14 17:36:25,NET_BANKING_FRAUD,Andhra Pradesh,Synthetic_District_40,31.720402,94.572928,108789.11,9,3.88,17,0,0.469,2025-07-31 17:36:25
CASE_01315,FIR/2026/299,2026-06-20 17:08:25,OTHER,Andhra Pradesh,Synthetic_District_27,23.898808,76.531832,112777.87,5,1.95,17,5,0.726,2026-07-09 17:08:25
CASE_01316,FIR/2026/903,2026-06-28 04:55:25,NET_BANKING_FRAUD,Karnataka,Synthetic_District_34,14.788315,80.570022,121779.72,18,2.65,4,6,0.635,2026-07-02 04:55:25
CASE_01317,FIR/2026/900,2026-01-26 09:28:25,IMPERSONATION,Uttar Pradesh,Synthetic_District_5,18.558447,78.758877,128526.9,19,2.2,9,0,0.363,2026-02-23 09:28:25
CASE_01318,FIR/2024/708,2024-12-18 11:14:25,NET_BANKING_FRAUD,Tamil Nadu,Synthetic_District_9,8.646031,70.522289,5651.35,14,4.42,11,2,0.764,2024-12-30 11:14:25
CASE_01319,FIR/2026/993,2026-01-08 13:18:25,INVESTMENT_SCAM,Delhi,Synthetic_District_25,8.426084,96.355558,581114.42,18,4.29,13,3,0.761,2026-02-06 13:18:25
CASE_01320,FIR/2026/902,2026-05-08 04:44:25,PHISHING,Gujarat,Synthetic_District_24,17.732818,77.116283,188208.29,4,2.36,4,4,0.457,2026-05-31 04:44:25
CASE_01321,FIR/2024/494,2024-12-31 14:32:25,PHISHING,Uttar Pradesh,Synthetic_District_12,30.737692,70.800588,98167.27,18,0.81,14,1,0.092,2025-01-23 14:32:25
CASE_01322,FIR/2026/266,2026-05-29 04:53:25,NET_BANKING_FRAUD,Delhi,Synthetic_District_39,35.347729,77.693755,53987.95,19,0.46,4,4,0.053,2026-06-21 04:53:25
CASE_01323,FIR/2025/235,2025-06-27 16:31:25,CARD_FRAUD,Maharashtra,Synthetic_District_36,18.051732,76.515806,54013.81,16,4.18,16,4,0.045,2025-07-11 16:31:25
CASE_01324,FIR/2026/229,2026-02-28 20:45:25,OTHER,Telangana,Synthetic_District_32,32.084632,88.598892,116017.59,1,4.7,20,5,0.05,2026-03-21 20:45:25
CASE_01325,FIR/2025/519,2025-11-12 00:44:25,IMPERSONATION,Kerala,Synthetic_District_4,21.321387,74.126891,179796.81,5,1.46,0,2,0.865,2025-11-18 00:44:25
CASE_01326,FIR/2026/838,2026-02-26 22:43:25,INVESTMENT_SCAM,Kerala,Synthetic_District_1,9.693912,82.07877,630475.22,17,1.0,22,3,0.689,2026-03-21 22:43:25
CASE_01327,FIR/2026/174,2026-01-05 23:50:25,PHISHING,Andhra Pradesh,Synthetic_District_35,34.801683,91.050398,198743.47,12,0.13,23,0,0.066,2026-01-31 23:50:25
CASE_01328,FIR/2025/160,2025-09-24 10:26:25,IMPERSONATION,Maharashtra,Synthetic_District_8,24.656467,96.267012,150858.56,20,0.97,10,2,0.464,2025-10-20 10:26:25
CASE_01329,FIR/2025/182,2025-01-19 13:50:25,CARD_FRAUD,Karnataka,Synthetic_District_48,18.519092,95.463124,38000.03,15,0.36,13,6,0.57,2025-01-26 13:50:25
CASE_01330,FIR/2024/707,2024-11-12 18:14:25,UPI_FRAUD,Telangana,Synthetic_District_44,8.426469,95.752452,40502.13,9,4.54,18,1,0.83,2024-12-03 18:14:25
CASE_01331,FIR/2024/828,2024-12-27 09:21:25,OTHER,Telangana,Synthetic_District_45,16.498031,91.511117,63139.42,5,4.01,9,4,0.522,2025-01-10 09:21:25
CASE_01332,FIR/2026/522,2026-05-30 10:21:25,PHISHING,Telangana,Synthetic_District_9,25.26016,76.091828,173175.7,16,3.85,10,5,0.413,2026-06-23 10:21:25
CASE_01333,FIR/2024/244,2024-12-29 12:35:25,IMPERSONATION,Gujarat,Synthetic_District_13,31.338431,91.517167,103419.41,3,1.14,12,6,0.771,2025-01-23 12:35:25
CASE_01334,FIR/2024/460,2024-12-10 18:01:25,CARD_FRAUD,West Bengal,Synthetic_District_43,25.712442,74.431592,10035.38,6,0.44,18,1,0.892,2024-12-17 18:01:25
CASE_01335,FIR/2025/943,2025-10-03 07:01:25,INVESTMENT_SCAM,Tamil Nadu,Synthetic_District_22,33.269356,72.390134,775743.84,17,0.4,7,4,0.862,2025-10-21 07:01:25
CASE_01336,FIR/2025/702,2025-12-18 18:32:25,NET_BANKING_FRAUD,West Bengal,Synthetic_District_15,36.702067,96.89722,90113.13,10,4.66,18,3,0.503,2026-01-05 18:32:25
CASE_01337,FIR/2025/916,2025-08-05 22:05:25,OTHER,Kerala,Synthetic_District_26,34.535131,83.665571,46342.45,11,1.74,22,1,0.446,2025-08-20 22:05:25
CASE_01338,FIR/2025/734,2025-07-10 14:48:25,NET_BANKING_FRAUD,Telangana,Synthetic_District_23,10.321787,95.866707,72661.11,6,1.11,14,3,0.183,2025-08-06 14:48:25
CASE_01339,FIR/2024/884,2024-10-09 11:47:25,INVESTMENT_SCAM,Telangana,Synthetic_District_7,9.23265,86.239378,940071.47,10,3.68,11,2,0.666,2024-10-29 11:47:25
CASE_01340,FIR/2025/573,2025-01-11 23:51:25,UPI_FRAUD,West Bengal,Synthetic_District_25,10.747887,96.602126,49839.39,1,0.8,23,5,0.805,2025-02-03 23:51:25
CASE_01341,FIR/2025/281,2025-12-29 14:09:25,UPI_FRAUD,Delhi,Synthetic_District_41,8.689997,88.795516,34368.21,12,4.6,14,0,0.315,2026-01-28 14:09:25
CASE_01342,FIR/2025/100,2025-07-01 14:50:25,IMPERSONATION,Maharashtra,Synthetic_District_43,11.921762,80.694384,36248.17,11,3.95,14,1,0.9,2025-07-13 14:50:25
CASE_01343,FIR/2024/931,2024-11-28 16:55:25,OTHER,Karnataka,Synthetic_District_6,17.265719,77.780557,84118.47,6,4.54,16,3,0.347,2024-12-24 16:55:25
CASE_01344,FIR/2026/748,2026-08-01 14:28:25,INVESTMENT_SCAM,Uttar Pradesh,Synthetic_District_22,8.927728,76.193067,296648.19,16,0.59,14,5,0.443,2026-08-08 14:28:25
CASE_01345,FIR/2025/462,2025-02-09 07:23:25,INVESTMENT_SCAM,Uttar Pradesh,Synthetic_District_44,18.618567,68.81346,97041.61,8,3.37,7,6,0.829,2025-02-11 07:23:25
CASE_01346,FIR/2024/411,2024-10-09 05:03:25,IMPERSONATION,Karnataka,Synthetic_District_14,28.010852,84.790368,124786.1,1,1.46,5,2,0.126,2024-10-11 05:03:25
CASE_01347,FIR/2025/878,2025-05-07 05:47:25,INVESTMENT_SCAM,Kerala,Synthetic_District_5,10.088251,76.696865,630995.93,20,4.56,5,2,0.955,2025-05-28 05:47:25
CASE_01348,FIR/2025/467,2025-09-09 12:24:25,PHISHING,Telangana,Synthetic_District_49,29.75124,94.369774,192009.03,19,1.77,12,1,0.046,2025-09-22 12:24:25
CASE_01349,FIR/2024/683,2024-12-10 17:48:25,NET_BANKING_FRAUD,Uttar Pradesh,Synthetic_District_1,26.679634,79.53572,192787.07,14,4.72,17,1,0.909,2024-12-28 17:48:25
CASE_01350,FIR/2024/588,2024-11-28 19:19:25,NET_BANKING_FRAUD,Kerala,Synthetic_District_3,30.570523,93.96772,143708.64,16,2.55,19,3,0.694,2024-12-03 19:19:25
CASE_01351,FIR/2025/414,2025-05-11 13:57:25,INVESTMENT_SCAM,Uttar Pradesh,Synthetic_District_45,35.932224,78.874091,855864.15,8,0.2,13,6,0.393,2025-05-26 13:57:25
CASE_01352,FIR/2025/264,2025-10-20 22:06:25,CARD_FRAUD,Telangana,Synthetic_District_1,10.113478,74.16298,2601.94,13,1.63,22,0,0.13,2025-11-02 22:06:25
CASE_01353,FIR/2025/288,2025-04-06 01:51:25,NET_BANKING_FRAUD,Uttar Pradesh,Synthetic_District_4,26.204354,87.183252,107910.54,19,3.54,1,6,0.149,2025-05-02 01:51:25
CASE_01354,FIR/2025/115,2025-05-14 02:06:25,OTHER,Karnataka,Synthetic_District_37,9.155181,93.955876,19954.53,14,4.21,2,2,0.046,2025-05-22 02:06:25
CASE_01355,FIR/2024/523,2024-10-05 13:33:25,INVESTMENT_SCAM,West Bengal,Synthetic_District_17,15.046296,72.392537,577996.57,4,0.53,13,5,0.393,2024-10-13 13:33:25
CASE_01356,FIR/2025/794,2025-02-16 12:44:25,UPI_FRAUD,Telangana,Synthetic_District_30,17.688407,93.417262,14151.34,19,2.83,12,6,0.982,2025-03-03 12:44:25
CASE_01357,FIR/2025/707,2025-08-27 11:40:25,PHISHING,Uttar Pradesh,Synthetic_District_50,20.281434,72.857126,18457.64,2,1.23,11,2,0.843,2025-09-10 11:40:25
CASE_01358,FIR/2026/244,2026-08-17 22:36:25,UPI_FRAUD,Gujarat,Synthetic_District_24,18.25797,73.40962,44248.74,9,2.36,22,0,0.463,2026-08-18 22:36:25
CASE_01359,FIR/2026/217,2026-09-11 11:53:25,UPI_FRAUD,Maharashtra,Synthetic_District_23,32.413758,74.543843,45375.81,18,0.13,11,4,0.189,2026-10-04 11:53:25
CASE_01360,FIR/2025/776,2025-03-20 20:26:25,OTHER,Delhi,Synthetic_District_5,18.224578,94.401187,121990.89,4,2.66,20,3,0.91,2025-04-13 20:26:25
CASE_01361,FIR/2024/208,2024-10-04 14:08:25,INVESTMENT_SCAM,Maharashtra,Synthetic_District_33,20.659384,83.530386,139740.17,11,2.8,14,4,0.082,2024-10-23 14:08:25
CASE_01362,FIR/2025/581,2025-08-16 11:32:25,NET_BANKING_FRAUD,Delhi,Synthetic_District_46,28.031225,79.069873,138363.21,17,0.32,11,5,0.05,2025-09-10 11:32:25
CASE_01363,FIR/2025/816,2025-09-12 00:15:25,INVESTMENT_SCAM,Uttar Pradesh,Synthetic_District_14,9.947893,96.393594,777308.49,20,4.72,0,4,0.509,2025-10-01 00:15:25
CASE_01364,FIR/2026/418,2026-02-02 22:36:25,INVESTMENT_SCAM,Karnataka,Synthetic_District_43,10.78326,82.903495,312305.42,6,3.64,22,0,0.477,2026-02-03 22:36:25
CASE_01365,FIR/2024/649,2024-11-23 22:20:25,PHISHING,Delhi,Synthetic_District_41,34.872016,96.402088,123393.34,5,3.35,22,5,0.155,2024-12-02 22:20:25
CASE_01366,FIR/2024/770,2024-12-29 01:02:25,NET_BANKING_FRAUD,Tamil Nadu,Synthetic_District_47,11.818694,89.729876,197493.19,17,3.76,1,6,0.066,2025-01-10 01:02:25
CASE_01367,FIR/2026/789,2026-05-14 12:30:25,PHISHING,Delhi,Synthetic_District_48,26.191781,68.378327,140519.06,2,3.21,12,3,0.979,2026-05-23 12:30:25
CASE_01368,FIR/2026/834,2026-09-11 20:59:25,OTHER,Gujarat,Synthetic_District_32,18.416082,94.980661,27108.91,4,1.29,20,4,0.718,2026-09-13 20:59:25
CASE_01369,FIR/2025/148,2025-02-10 08:50:25,NET_BANKING_FRAUD,Andhra Pradesh,Synthetic_District_17,19.480314,68.083689,67757.56,2,1.79,8,0,0.793,2025-02-18 08:50:25
CASE_01370,FIR/2025/698,2025-12-24 07:14:25,CARD_FRAUD,Maharashtra,Synthetic_District_40,23.580803,71.828556,80178.85,3,3.45,7,2,0.652,2026-01-13 07:14:25
CASE_01371,FIR/2024/860,2024-12-30 06:28:25,OTHER,Maharashtra,Synthetic_District_31,16.657601,93.090485,137471.76,2,4.32,6,0,0.159,2025-01-23 06:28:25
CASE_01372,FIR/2026/353,2026-03-26 22:52:25,OTHER,West Bengal,Synthetic_District_18,9.939544,79.225882,6805.15,6,0.84,22,3,0.081,2026-04-23 22:52:25
CASE_01373,FIR/2025/157,2025-04-24 20:11:25,NET_BANKING_FRAUD,Telangana,Synthetic_District_26,24.158221,78.688658,3784.43,14,4.22,20,3,0.907,2025-05-09 20:11:25
CASE_01374,FIR/2024/256,2024-11-10 04:59:25,IMPERSONATION,Maharashtra,Synthetic_District_37,22.852205,79.417775,79406.24,12,0.4,4,6,0.581,2024-12-05 04:59:25
CASE_01375,FIR/2025/541,2025-06-17 02:26:25,UPI_FRAUD,Andhra Pradesh,Synthetic_District_13,27.860876,85.535116,22104.67,7,3.61,2,1,0.568,2025-06-29 02:26:25
CASE_01376,FIR/2024/564,2024-10-08 02:26:25,INVESTMENT_SCAM,Tamil Nadu,Synthetic_District_9,32.548771,79.17487,408082.37,14,4.42,2,1,0.117,2024-10-18 02:26:25
CASE_01377,FIR/2025/240,2025-02-27 00:58:25,OTHER,Telangana,Synthetic_District_42,24.089353,77.296281,82776.2,5,0.6,0,3,0.515,2025-03-16 00:58:25
CASE_01378,FIR/2026/708,2026-07-12 18:19:25,IMPERSONATION,Uttar Pradesh,Synthetic_District_7,29.457254,94.97885,99105.47,5,3.23,18,6,0.724,2026-08-11 18:19:25
CASE_01379,FIR/2026/489,2026-09-27 19:27:25,INVESTMENT_SCAM,Kerala,Synthetic_District_15,13.829383,77.826229,592348.95,8,4.45,19,6,0.72,2026-10-07 19:27:25
CASE_01380,FIR/2026/473,2026-01-13 22:41:25,CARD_FRAUD,West Bengal,Synthetic_District_16,14.522473,75.561519,133675.38,7,4.75,22,1,0.035,2026-02-05 22:41:25
CASE_01381,FIR/2025/968,2025-06-02 18:50:25,IMPERSONATION,West Bengal,Synthetic_District_32,19.764366,78.841999,167056.31,9,1.91,18,0,0.467,2025-06-26 18:50:25
CASE_01382,FIR/2025/438,2025-11-03 15:21:25,IMPERSONATION,Gujarat,Synthetic_District_26,25.017969,93.95252,54444.04,9,3.64,15,0,0.943,2025-12-03 15:21:25
CASE_01383,FIR/2026/547,2026-07-12 02:57:25,CARD_FRAUD,Telangana,Synthetic_District_37,21.693456,92.860144,193443.81,13,1.99,2,6,0.728,2026-08-06 02:57:25
CASE_01384,FIR/2026/387,2026-02-26 05:36:25,UPI_FRAUD,Delhi,Synthetic_District_6,13.135413,76.280971,21602.31,1,2.72,5,3,0.908,2026-03-17 05:36:25
CASE_01385,FIR/2025/934,2025-09-05 12:43:25,CARD_FRAUD,Telangana,Synthetic_District_12,30.052117,85.282392,102101.07,11,3.95,12,4,0.371,2025-09-18 12:43:25
CASE_01386,FIR/2025/973,2025-11-10 02:39:25,NET_BANKING_FRAUD,Tamil Nadu,Synthetic_District_1,21.14281,96.444285,37163.05,5,1.27,2,0,0.777,2025-11-29 02:39:25
CASE_01387,FIR/2025/933,2025-01-29 00:56:25,NET_BANKING_FRAUD,Kerala,Synthetic_District_4,36.933191,95.656051,25385.42,18,2.96,0,2,0.248,2025-02-27 00:56:25
CASE_01388,FIR/2025/424,2025-03-10 06:37:25,UPI_FRAUD,Kerala,Synthetic_District_14,28.833435,69.61926,15119.77,19,2.12,6,0,0.658,2025-03-25 06:37:25
CASE_01389,FIR/2025/130,2025-05-18 20:43:25,IMPERSONATION,West Bengal,Synthetic_District_42,27.901495,71.537476,180829.72,17,4.13,20,6,0.92,2025-05-23 20:43:25
CASE_01390,FIR/2025/194,2025-01-30 19:08:25,IMPERSONATION,West Bengal,Synthetic_District_18,17.231734,74.064343,110247.58,9,3.72,19,3,0.176,2025-02-28 19:08:25
CASE_01391,FIR/2026/766,2026-03-01 07:01:25,CARD_FRAUD,Gujarat,Synthetic_District_4,11.26043,73.625871,168984.17,6,4.36,7,6,0.934,2026-03-23 07:01:25
CASE_01392,FIR/2024/996,2024-10-25 15:18:25,NET_BANKING_FRAUD,Delhi,Synthetic_District_15,34.243181,81.421174,159529.89,5,2.93,15,4,0.4,2024-11-05 15:18:25
CASE_01393,FIR/2025/385,2025-11-19 22:57:25,NET_BANKING_FRAUD,Karnataka,Synthetic_District_42,31.995033,94.825011,1677.65,12,4.09,22,2,0.814,2025-12-19 22:57:25
CASE_01394,FIR/2026/631,2026-04-01 18:46:25,CARD_FRAUD,Karnataka,Synthetic_District_3,8.7342,72.407509,65771.25,6,3.67,18,2,0.066,2026-04-07 18:46:25
CASE_01395,FIR/2025/222,2025-08-23 07:27:25,OTHER,Andhra Pradesh,Synthetic_District_2,25.522244,74.574566,189127.24,19,3.49,7,5,0.123,2025-09-22 07:27:25
CASE_01396,FIR/2025/188,2025-05-10 05:18:25,OTHER,Gujarat,Synthetic_District_11,34.34456,73.755325,125881.76,7,1.95,5,5,0.346,2025-06-02 05:18:25
CASE_01397,FIR/2025/838,2025-03-06 09:34:25,NET_BANKING_FRAUD,Karnataka,Synthetic_District_39,26.701385,84.692791,36026.04,16,3.94,9,3,0.344,2025-03-30 09:34:25
CASE_01398,FIR/2025/775,2025-10-17 12:07:25,OTHER,Tamil Nadu,Synthetic_District_16,12.302399,72.372512,178757.01,15,1.21,12,4,0.616,2025-11-15 12:07:25
CASE_01399,FIR/2026/472,2026-03-18 12:23:25,PHISHING,Gujarat,Synthetic_District_45,28.111289,93.937657,1283.41,8,3.93,12,2,0.226,2026-03-26 12:23:25
CASE_01400,FIR/2025/135,2025-12-07 05:50:25,INVESTMENT_SCAM,Gujarat,Synthetic_District_26,10.657503,69.419693,382507.67,15,0.32,5,6,0.187,2025-12-27 05:50:25
CASE_01401,FIR/2026/949,2026-02-20 20:33:25,INVESTMENT_SCAM,Tamil Nadu,Synthetic_District_25,9.118657,68.410625,816579.49,4,0.86,20,4,0.1,2026-03-13 20:33:25
CASE_01402,FIR/2026/747,2026-04-19 00:42:25,INVESTMENT_SCAM,Delhi,Synthetic_District_46,10.599576,92.911874,693882.36,14,4.62,0,6,0.762,2026-05-07 00:42:25
CASE_01403,FIR/2025/871,2025-06-21 05:15:25,PHISHING,Kerala,Synthetic_District_9,12.20931,96.410663,65538.06,7,4.91,5,5,0.982,2025-06-26 05:15:25
CASE_01404,FIR/2025/872,2025-03-14 15:17:25,UPI_FRAUD,Uttar Pradesh,Synthetic_District_19,15.358933,72.465091,31773.55,18,4.95,15,4,0.858,2025-04-02 15:17:25
CASE_01405,FIR/2025/746,2025-03-06 15:37:25,IMPERSONATION,Delhi,Synthetic_District_12,29.293322,78.25843,198171.67,2,1.95,15,3,0.821,2025-03-26 15:37:25
CASE_01406,FIR/2025/498,2025-09-09 23:08:25,IMPERSONATION,Tamil Nadu,Synthetic_District_41,30.920318,81.884865,10812.48,8,0.43,23,1,0.648,2025-09-27 23:08:25
CASE_01407,FIR/2024/382,2024-11-25 01:10:25,IMPERSONATION,Maharashtra,Synthetic_District_16,8.183074,87.401069,158803.58,8,4.3,1,0,0.95,2024-12-20 01:10:25
CASE_01408,FIR/2025/775,2025-02-01 13:20:25,CARD_FRAUD,Maharashtra,Synthetic_District_15,30.468282,73.060929,30550.93,2,2.59,13,5,0.287,2025-02-14 13:20:25
CASE_01409,FIR/2025/474,2025-05-22 11:38:25,IMPERSONATION,Andhra Pradesh,Synthetic_District_5,17.101098,76.028617,95231.79,16,0.32,11,3,0.318,2025-06-10 11:38:25
CASE_01410,FIR/2024/477,2024-12-12 22:44:25,IMPERSONATION,Maharashtra,Synthetic_District_28,36.343265,75.762376,132277.96,3,2.87,22,3,0.918,2024-12-23 22:44:25
CASE_01411,FIR/2025/786,2025-09-02 06:02:25,UPI_FRAUD,Maharashtra,Synthetic_District_37,28.905999,85.180327,28521.81,7,3.0,6,1,0.451,2025-09-18 06:02:25
CASE_01412,FIR/2025/930,2025-09-30 21:48:25,NET_BANKING_FRAUD,Delhi,Synthetic_District_2,15.355007,80.603307,160882.2,6,3.37,21,1,0.071,2025-10-28 21:48:25
CASE_01413,FIR/2026/191,2026-07-29 07:51:25,PHISHING,Delhi,Synthetic_District_20,10.125457,73.851775,146063.86,8,3.78,7,2,0.43,2026-08-18 07:51:25
CASE_01414,FIR/2025/515,2025-11-17 07:19:25,INVESTMENT_SCAM,Karnataka,Synthetic_District_37,35.691841,81.762428,664902.97,3,0.91,7,0,0.491,2025-12-03 07:19:25
CASE_01415,FIR/2025/289,2025-05-23 19:36:25,INVESTMENT_SCAM,Delhi,Synthetic_District_29,26.908995,87.573552,985835.47,1,2.36,19,4,0.339,2025-06-11 19:36:25
CASE_01416,FIR/2026/530,2026-03-27 10:24:25,NET_BANKING_FRAUD,Telangana,Synthetic_District_16,32.379142,95.143112,130100.92,19,4.51,10,4,0.698,2026-04-06 10:24:25
CASE_01417,FIR/2025/491,2025-04-24 20:23:25,UPI_FRAUD,Telangana,Synthetic_District_20,13.462907,95.660575,31535.27,19,3.22,20,3,0.182,2025-04-28 20:23:25
CASE_01418,FIR/2025/460,2025-02-24 17:55:25,UPI_FRAUD,Karnataka,Synthetic_District_50,18.124058,91.419072,29346.07,9,4.97,17,0,0.563,2025-03-11 17:55:25
CASE_01419,FIR/2025/243,2025-07-17 07:45:25,IMPERSONATION,Andhra Pradesh,Synthetic_District_36,21.463749,76.87894,10938.39,18,3.36,7,3,0.435,2025-07-30 07:45:25
CASE_01420,FIR/2025/416,2025-07-31 11:13:25,INVESTMENT_SCAM,Maharashtra,Synthetic_District_27,31.670256,79.184051,477631.98,12,2.19,11,3,0.991,2025-08-09 11:13:25
CASE_01421,FIR/2025/422,2025-09-02 17:46:25,NET_BANKING_FRAUD,Tamil Nadu,Synthetic_District_31,13.776215,85.077036,49608.52,13,4.88,17,1,0.565,2025-09-22 17:46:25
CASE_01422,FIR/2025/750,2025-04-08 07:13:25,UPI_FRAUD,Uttar Pradesh,Synthetic_District_42,18.384709,84.509983,5584.51,13,1.19,7,1,0.206,2025-05-01 07:13:25
CASE_01423,FIR/2025/476,2025-10-14 11:14:25,IMPERSONATION,Telangana,Synthetic_District_8,12.683848,72.671966,2583.45,14,3.4,11,1,0.427,2025-10-22 11:14:25
CASE_01424,FIR/2024/735,2024-12-19 03:24:25,CARD_FRAUD,West Bengal,Synthetic_District_37,30.140069,85.739998,183316.86,12,4.62,3,3,0.414,2025-01-02 03:24:25
CASE_01425,FIR/2025/399,2025-06-10 02:06:25,OTHER,Tamil Nadu,Synthetic_District_20,28.562064,90.781373,53083.32,10,3.1,2,1,0.396,2025-07-10 02:06:25
CASE_01426,FIR/2026/953,2026-06-09 11:00:25,OTHER,Kerala,Synthetic_District_18,24.77126,76.267578,121884.73,19,4.42,11,1,0.877,2026-06-18 11:00:25
CASE_01427,FIR/2024/816,2024-10-17 09:33:25,IMPERSONATION,West Bengal,Synthetic_District_11,12.23702,69.384583,167517.53,11,2.55,9,3,0.128,2024-11-10 09:33:25
CASE_01428,FIR/2026/785,2026-01-31 16:44:25,PHISHING,West Bengal,Synthetic_District_42,30.345574,83.149164,197677.11,9,0.59,16,5,0.158,2026-02-01 16:44:25
CASE_01429,FIR/2026/217,2026-05-07 06:53:25,UPI_FRAUD,Gujarat,Synthetic_District_49,9.2572,77.477881,34594.47,17,1.8,6,3,0.287,2026-05-30 06:53:25
CASE_01430,FIR/2025/235,2025-11-26 04:06:25,NET_BANKING_FRAUD,Delhi,Synthetic_District_3,15.088582,69.244411,160270.23,9,2.88,4,2,0.848,2025-12-09 04:06:25
CASE_01431,FIR/2024/155,2024-12-03 21:31:25,INVESTMENT_SCAM,Karnataka,Synthetic_District_10,34.019927,93.364607,262273.76,4,0.77,21,1,0.115,2024-12-27 21:31:25
CASE_01432,FIR/2026/641,2026-01-15 03:39:25,NET_BANKING_FRAUD,Uttar Pradesh,Synthetic_District_26,13.519123,84.888158,172999.51,16,4.82,3,3,0.555,2026-01-29 03:39:25
CASE_01433,FIR/2024/367,2024-12-19 11:24:25,PHISHING,Telangana,Synthetic_District_36,16.651994,75.521872,188931.98,11,2.04,11,3,0.221,2024-12-22 11:24:25
CASE_01434,FIR/2025/309,2025-05-16 10:20:25,CARD_FRAUD,Kerala,Synthetic_District_12,13.524317,79.814475,10563.53,5,0.26,10,4,0.249,2025-05-26 10:20:25
CASE_01435,FIR/2026/771,2026-01-11 01:56:25,CARD_FRAUD,Maharashtra,Synthetic_District_2,16.736477,87.235285,81908.92,19,2.14,1,6,0.741,2026-02-02 01:56:25
CASE_01436,FIR/2026/128,2026-08-04 05:35:25,OTHER,Karnataka,Synthetic_District_36,30.952622,96.668721,108514.18,11,3.58,5,1,0.897,2026-08-23 05:35:25
CASE_01437,FIR/2025/256,2025-07-14 05:33:25,INVESTMENT_SCAM,Maharashtra,Synthetic_District_42,27.217261,82.131571,961300.13,10,0.42,5,0,0.263,2025-07-16 05:33:25
CASE_01438,FIR/2025/333,2025-08-04 23:38:25,CARD_FRAUD,West Bengal,Synthetic_District_24,35.470226,72.737716,12630.62,18,3.09,23,0,0.28,2025-08-17 23:38:25
CASE_01439,FIR/2025/993,2025-09-10 22:13:25,OTHER,Delhi,Synthetic_District_13,13.830214,83.089105,68018.04,5,3.16,22,2,0.234,2025-09-15 22:13:25
CASE_01440,FIR/2024/210,2024-10-15 21:06:25,NET_BANKING_FRAUD,Tamil Nadu,Synthetic_District_14,33.456627,74.661933,115149.76,8,1.07,21,1,0.408,2024-10-30 21:06:25
CASE_01441,FIR/2024/538,2024-12-08 16:29:25,UPI_FRAUD,Gujarat,Synthetic_District_24,35.051626,68.310479,33549.34,14,0.8,16,6,0.478,2024-12-28 16:29:25
CASE_01442,FIR/2025/384,2025-09-20 03:00:25,IMPERSONATION,Telangana,Synthetic_District_14,9.625451,95.305302,12276.44,6,4.56,3,5,0.735,2025-10-08 03:00:25
CASE_01443,FIR/2025/377,2025-06-21 07:55:25,PHISHING,Delhi,Synthetic_District_3,11.684618,76.584148,6779.63,3,4.74,7,5,0.8,2025-07-17 07:55:25
CASE_01444,FIR/2024/267,2024-10-15 19:14:25,IMPERSONATION,Delhi,Synthetic_District_19,9.511457,78.825697,33445.81,15,4.09,19,1,0.722,2024-11-14 19:14:25
CASE_01445,FIR/2025/894,2025-06-22 14:41:25,INVESTMENT_SCAM,Maharashtra,Synthetic_District_31,26.6236,88.038531,489441.45,11,4.14,14,6,0.414,2025-07-12 14:41:25
CASE_01446,FIR/2026/468,2026-06-06 22:44:25,CARD_FRAUD,West Bengal,Synthetic_District_15,23.567865,94.694448,10959.24,5,3.96,22,5,0.469,2026-06-11 22:44:25
CASE_01447,FIR/2025/424,2025-09-12 09:40:25,UPI_FRAUD,Uttar Pradesh,Synthetic_District_3,31.277269,84.963065,9075.95,11,1.99,9,4,0.758,2025-09-22 09:40:25
CASE_01448,FIR/2026/250,2026-09-29 01:43:25,INVESTMENT_SCAM,Tamil Nadu,Synthetic_District_32,15.224009,73.441168,738471.74,19,3.87,1,1,0.076,2026-10-05 01:43:25
CASE_01449,FIR/2025/222,2025-01-09 20:50:25,UPI_FRAUD,West Bengal,Synthetic_District_30,36.014298,69.216945,48968.39,12,4.91,20,3,0.553,2025-02-04 20:50:25
CASE_01450,FIR/2026/150,2026-06-19 18:27:25,UPI_FRAUD,Gujarat,Synthetic_District_19,28.113993,91.140195,22775.29,8,3.03,18,4,0.353,2026-07-08 18:27:25
CASE_01451,FIR/2026/712,2026-06-26 12:01:25,IMPERSONATION,Telangana,Synthetic_District_48,33.686736,90.165225,71636.97,16,0.6,12,4,0.176,2026-07-25 12:01:25
CASE_01452,FIR/2026/670,2026-02-16 05:32:25,CARD_FRAUD,Gujarat,Synthetic_District_12,12.742943,78.46078,50704.89,10,0.83,5,0,0.113,2026-02-22 05:32:25
CASE_01453,FIR/2025/705,2025-10-20 14:05:25,IMPERSONATION,Andhra Pradesh,Synthetic_District_13,34.354377,89.461099,162370.87,1,3.49,14,0,0.816,2025-10-27 14:05:25
CASE_01454,FIR/2025/953,2025-07-23 02:04:25,NET_BANKING_FRAUD,Karnataka,Synthetic_District_20,22.563897,83.038383,175564.61,17,3.04,2,2,0.922,2025-07-24 02:04:25
CASE_01455,FIR/2025/980,2025-07-04 06:46:25,OTHER,Telangana,Synthetic_District_40,27.81038,90.212702,34075.81,12,0.45,6,4,0.766,2025-07-15 06:46:25
CASE_01456,FIR/2025/818,2025-04-12 14:13:25,NET_BANKING_FRAUD,Delhi,Synthetic_District_26,20.387022,87.080046,52218.35,6,4.74,14,5,0.598,2025-04-23 14:13:25
CASE_01457,FIR/2025/609,2025-11-28 00:02:25,PHISHING,Gujarat,Synthetic_District_21,31.048922,72.640521,91017.76,12,2.88,0,4,0.018,2025-12-01 00:02:25
CASE_01458,FIR/2025/719,2025-11-12 04:19:25,UPI_FRAUD,Delhi,Synthetic_District_2,26.969475,84.608434,7173.82,6,0.84,4,2,0.286,2025-11-15 04:19:25
CASE_01459,FIR/2025/425,2025-08-26 05:58:25,UPI_FRAUD,Telangana,Synthetic_District_49,27.280375,84.865404,7666.57,8,2.24,5,1,0.463,2025-09-19 05:58:25
CASE_01460,FIR/2025/840,2025-03-06 13:11:25,PHISHING,Kerala,Synthetic_District_43,30.154421,73.216676,165506.96,14,1.95,13,3,0.335,2025-03-15 13:11:25
CASE_01461,FIR/2026/447,2026-06-30 08:46:25,IMPERSONATION,Maharashtra,Synthetic_District_13,13.938119,71.102105,134095.81,18,3.83,8,1,0.04,2026-07-09 08:46:25
CASE_01462,FIR/2026/976,2026-05-10 10:39:25,OTHER,Delhi,Synthetic_District_5,31.748739,70.427531,45665.46,5,0.56,10,6,0.829,2026-06-05 10:39:25
CASE_01463,FIR/2024/215,2024-12-17 04:32:25,CARD_FRAUD,Telangana,Synthetic_District_35,12.455957,80.627766,102761.0,14,2.73,4,1,0.991,2024-12-27 04:32:25
CASE_01464,FIR/2024/434,2024-10-07 20:33:25,INVESTMENT_SCAM,Kerala,Synthetic_District_36,23.579778,79.294439,154248.51,10,3.78,20,0,0.837,2024-10-29 20:33:25
CASE_01465,FIR/2024/614,2024-09-29 18:35:25,NET_BANKING_FRAUD,Gujarat,Synthetic_District_29,26.510147,81.932805,36354.61,11,2.65,18,6,0.776,2024-10-12 18:35:25
CASE_01466,FIR/2026/418,2026-07-15 05:03:25,OTHER,Maharashtra,Synthetic_District_39,20.624988,71.749734,80459.86,10,3.33,5,2,0.112,2026-07-20 05:03:25
CASE_01467,FIR/2025/117,2025-12-19 20:56:25,UPI_FRAUD,Kerala,Synthetic_District_45,9.854952,76.245341,9746.07,20,1.34,20,4,0.217,2025-12-23 20:56:25
CASE_01468,FIR/2025/681,2025-07-15 16:16:25,INVESTMENT_SCAM,Maharashtra,Synthetic_District_6,21.660724,85.834923,921184.75,5,4.14,16,1,0.406,2025-08-04 16:16:25
CASE_01469,FIR/2026/198,2026-05-31 12:02:25,INVESTMENT_SCAM,Delhi,Synthetic_District_33,28.25096,71.215916,706121.96,18,0.2,12,6,0.219,2026-06-14 12:02:25
CASE_01470,FIR/2025/272,2025-12-06 05:46:25,IMPERSONATION,Karnataka,Synthetic_District_4,8.156097,95.15114,137949.59,6,2.74,5,5,0.193,2025-12-19 05:46:25
CASE_01471,FIR/2025/434,2025-04-10 19:45:25,CARD_FRAUD,Delhi,Synthetic_District_18,15.083882,83.354345,126729.85,8,2.79,19,3,0.002,2025-04-22 19:45:25
CASE_01472,FIR/2026/730,2026-04-19 14:55:25,NET_BANKING_FRAUD,Delhi,Synthetic_District_43,30.572249,90.251885,168647.8,2,0.39,14,6,0.398,2026-05-12 14:55:25
CASE_01473,FIR/2025/349,2025-12-15 22:37:25,NET_BANKING_FRAUD,Tamil Nadu,Synthetic_District_12,32.471257,96.79536,151501.02,7,4.42,22,0,0.502,2026-01-13 22:37:25
CASE_01474,FIR/2025/595,2025-10-29 14:35:25,PHISHING,Andhra Pradesh,Synthetic_District_48,10.415752,77.750452,43683.54,4,4.43,14,2,0.963,2025-11-28 14:35:25
CASE_01475,FIR/2025/544,2025-11-15 22:10:25,NET_BANKING_FRAUD,West Bengal,Synthetic_District_20,35.988835,71.151145,21846.22,3,1.03,22,5,0.664,2025-12-11 22:10:25
CASE_01476,FIR/2025/256,2025-03-08 23:42:25,PHISHING,Maharashtra,Synthetic_District_44,23.676364,82.734953,143662.35,8,1.81,23,5,0.187,2025-04-01 23:42:25
CASE_01477,FIR/2026/433,2026-06-06 16:39:25,UPI_FRAUD,Karnataka,Synthetic_District_26,35.62736,81.986076,26464.91,13,0.57,16,5,0.043,2026-07-01 16:39:25
CASE_01478,FIR/2026/106,2026-07-06 16:08:25,OTHER,West Bengal,Synthetic_District_34,10.913084,86.971487,116818.23,9,1.31,16,0,0.075,2026-07-11 16:08:25
CASE_01479,FIR/2026/615,2026-01-21 12:13:25,NET_BANKING_FRAUD,Maharashtra,Synthetic_District_23,36.128173,80.150978,24239.0,18,3.25,12,2,0.541,2026-01-31 12:13:25
CASE_01480,FIR/2025/117,2025-09-23 14:16:25,PHISHING,Delhi,Synthetic_District_45,19.332888,78.690544,147150.42,13,2.72,14,1,0.764,2025-10-13 14:16:25
CASE_01481,FIR/2025/558,2025-09-27 11:38:25,UPI_FRAUD,Tamil Nadu,Synthetic_District_20,25.885537,85.202122,7004.45,6,1.78,11,5,0.224,2025-10-06 11:38:25
CASE_01482,FIR/2026/555,2026-08-18 06:25:25,IMPERSONATION,Kerala,Synthetic_District_9,24.800616,85.627063,2797.46,15,1.41,6,1,0.475,2026-09-12 06:25:25
CASE_01483,FIR/2026/411,2026-06-24 06:12:25,INVESTMENT_SCAM,Maharashtra,Synthetic_District_49,20.69831,85.943341,989039.62,16,0.21,6,2,0.004,2026-07-20 06:12:25
CASE_01484,FIR/2026/361,2026-06-01 07:04:25,IMPERSONATION,West Bengal,Synthetic_District_23,27.881934,92.667639,136263.42,10,2.09,7,0,0.075,2026-06-18 07:04:25
CASE_01485,FIR/2025/215,2025-04-16 12:36:25,INVESTMENT_SCAM,Andhra Pradesh,Synthetic_District_30,15.033424,92.327975,854630.89,17,4.72,12,2,0.343,2025-04-29 12:36:25
CASE_01486,FIR/2026/489,2026-05-18 10:36:25,INVESTMENT_SCAM,Kerala,Synthetic_District_50,24.944117,68.810677,151476.95,10,1.65,10,0,0.792,2026-05-24 10:36:25
CASE_01487,FIR/2026/110,2026-08-09 13:17:25,OTHER,Telangana,Synthetic_District_11,11.42976,93.741263,79505.2,2,0.9,13,6,0.14,2026-08-24 13:17:25
CASE_01488,FIR/2024/162,2024-11-09 05:10:25,CARD_FRAUD,Karnataka,Synthetic_District_35,13.195103,83.504597,111022.51,9,1.86,5,5,0.104,2024-11-17 05:10:25
CASE_01489,FIR/2024/294,2024-09-30 10:41:25,INVESTMENT_SCAM,Karnataka,Synthetic_District_22,21.991561,87.335961,594477.68,18,2.8,10,0,0.619,2024-10-24 10:41:25
CASE_01490,FIR/2026/208,2026-01-28 01:38:25,OTHER,West Bengal,Synthetic_District_23,20.063827,93.099318,148959.05,1,0.83,1,2,0.96,2026-02-23 01:38:25
CASE_01491,FIR/2025/795,2025-10-13 16:48:25,UPI_FRAUD,Telangana,Synthetic_District_47,19.320943,87.68593,10721.42,4,3.0,16,0,0.869,2025-11-02 16:48:25
CASE_01492,FIR/2025/466,2025-09-29 12:58:25,UPI_FRAUD,Andhra Pradesh,Synthetic_District_19,10.815651,75.570718,45566.91,19,1.04,12,0,0.438,2025-10-17 12:58:25
CASE_01493,FIR/2026/614,2026-08-11 02:12:25,NET_BANKING_FRAUD,Gujarat,Synthetic_District_47,34.45572,86.955203,114326.96,17,2.41,2,1,0.414,2026-09-01 02:12:25
CASE_01494,FIR/2024/537,2024-11-03 16:52:25,IMPERSONATION,Telangana,Synthetic_District_45,11.563382,74.69686,150273.93,10,1.58,16,6,0.969,2024-11-08 16:52:25
CASE_01495,FIR/2026/781,2026-06-07 11:47:25,NET_BANKING_FRAUD,Telangana,Synthetic_District_28,24.200157,94.944643,97305.64,12,0.91,11,6,0.94,2026-06-20 11:47:25
CASE_01496,FIR/2025/725,2025-02-21 20:52:25,CARD_FRAUD,Uttar Pradesh,Synthetic_District_28,33.295038,71.970884,182122.08,14,3.86,20,4,0.184,2025-03-21 20:52:25
CASE_01497,FIR/2025/320,2025-04-02 20:23:25,UPI_FRAUD,Kerala,Synthetic_District_29,31.000718,75.499974,16656.08,10,2.45,20,2,0.389,2025-04-20 20:23:25
CASE_01498,FIR/2025/328,2025-07-22 14:35:25,CARD_FRAUD,Uttar Pradesh,Synthetic_District_28,17.46147,70.795278,75100.72,8,2.72,14,1,0.313,2025-08-07 14:35:25
CASE_01499,FIR/2024/323,2024-12-21 21:03:25,CARD_FRAUD,Maharashtra,Synthetic_District_11,28.343987,92.99373,146002.18,20,0.38,21,5,0.741,2025-01-03 21:03:25
CASE_01500,FIR/2025/169,2025-02-07 13:56:25,UPI_FRAUD,Gujarat,Synthetic_District_16,34.770936,86.562683,46532.86,15,2.52,13,4,0.426,2025-02-16 13:56:25
CASE_01501,FIR/2026/454,2026-04-01 13:19:25,IMPERSONATION,West Bengal,Synthetic_District_21,28.658599,77.315638,50029.77,11,0.94,13,2,0.584,2026-04-11 13:19:25
CASE_01502,FIR/2025/979,2025-03-23 14:38:25,CARD_FRAUD,Telangana,Synthetic_District_7,19.776326,96.347453,28848.68,11,2.5,14,6,0.615,2025-04-07 14:38:25
CASE_01503,FIR/2024/752,2024-12-06 18:06:25,UPI_FRAUD,Karnataka,Synthetic_District_24,16.946901,70.689638,26501.74,15,2.33,18,4,0.269,2024-12-14 18:06:25
CASE_01504,FIR/2025/404,2025-10-09 12:58:25,CARD_FRAUD,Gujarat,Synthetic_District_34,29.222204,92.74207,154703.07,10,0.65,12,3,0.789,2025-10-24 12:58:25
CASE_01505,FIR/2025/684,2025-01-29 04:22:25,CARD_FRAUD,Gujarat,Synthetic_District_13,15.538767,92.574756,140763.24,20,1.1,4,2,0.333,2025-02-14 04:22:25
CASE_01506,FIR/2026/642,2026-03-06 09:46:25,PHISHING,Tamil Nadu,Synthetic_District_27,10.411231,90.837944,39851.91,7,1.27,9,4,0.644,2026-04-05 09:46:25
CASE_01507,FIR/2026/618,2026-06-06 22:12:25,UPI_FRAUD,West Bengal,Synthetic_District_12,31.550467,84.147675,25697.69,12,3.99,22,5,0.48,2026-06-22 22:12:25
CASE_01508,FIR/2025/288,2025-04-18 17:03:25,OTHER,Telangana,Synthetic_District_44,9.815251,73.264639,111415.54,15,3.49,17,4,0.409,2025-05-15 17:03:25
CASE_01509,FIR/2026/594,2026-08-06 23:44:25,CARD_FRAUD,West Bengal,Synthetic_District_4,10.944288,84.371227,146058.77,4,1.85,23,3,0.686,2026-08-13 23:44:25
CASE_01510,FIR/2025/852,2025-07-26 01:40:25,NET_BANKING_FRAUD,Gujarat,Synthetic_District_29,29.526896,95.071946,99816.24,19,4.06,1,5,0.589,2025-07-29 01:40:25
CASE_01511,FIR/2025/701,2025-08-12 23:58:25,OTHER,Uttar Pradesh,Synthetic_District_37,15.451623,78.906047,79814.7,14,1.38,23,1,0.906,2025-08-14 23:58:25
CASE_01512,FIR/2026/806,2026-06-16 11:21:25,INVESTMENT_SCAM,Karnataka,Synthetic_District_8,9.398502,85.271744,800781.78,11,2.45,11,1,0.577,2026-07-04 11:21:25
CASE_01513,FIR/2025/821,2025-05-27 14:30:25,CARD_FRAUD,Maharashtra,Synthetic_District_35,25.239078,87.243563,33581.44,10,4.53,14,1,0.17,2025-06-06 14:30:25
CASE_01514,FIR/2025/404,2025-11-03 01:32:25,INVESTMENT_SCAM,Uttar Pradesh,Synthetic_District_49,35.235729,92.341804,787655.04,20,3.65,1,0,0.583,2025-11-18 01:32:25
CASE_01515,FIR/2025/602,2025-03-23 10:43:25,CARD_FRAUD,Telangana,Synthetic_District_41,28.589384,78.107355,164953.16,17,0.72,10,6,0.518,2025-03-27 10:43:25
CASE_01516,FIR/2026/863,2026-05-28 17:56:25,PHISHING,Uttar Pradesh,Synthetic_District_30,29.202714,85.666879,15219.96,3,4.12,17,3,0.299,2026-06-15 17:56:25
CASE_01517,FIR/2025/183,2025-04-10 13:23:25,OTHER,Gujarat,Synthetic_District_1,34.860678,89.76777,90918.79,17,1.57,13,3,0.965,2025-05-10 13:23:25
CASE_01518,FIR/2025/311,2025-08-31 20:35:25,CARD_FRAUD,Andhra Pradesh,Synthetic_District_32,30.055934,72.636403,159166.2,13,4.91,20,6,0.105,2025-09-06 20:35:25
CASE_01519,FIR/2025/449,2025-05-10 12:46:25,PHISHING,Andhra Pradesh,Synthetic_District_35,11.308231,70.375565,106104.46,8,3.09,12,5,0.986,2025-06-06 12:46:25
CASE_01520,FIR/2026/940,2026-04-03 19:02:25,CARD_FRAUD,Karnataka,Synthetic_District_48,31.052878,87.044044,115711.11,19,3.19,19,4,0.167,2026-04-07 19:02:25
CASE_01521,FIR/2025/251,2025-12-29 07:21:25,UPI_FRAUD,West Bengal,Synthetic_District_28,34.813738,84.970832,18583.29,8,4.13,7,0,0.374,2026-01-19 07:21:25
CASE_01522,FIR/2026/121,2026-08-03 03:32:25,INVESTMENT_SCAM,Gujarat,Synthetic_District_48,8.344773,92.247901,561537.99,11,1.06,3,0,0.673,2026-08-04 03:32:25
CASE_01523,FIR/2025/181,2025-01-31 20:21:25,PHISHING,Karnataka,Synthetic_District_16,35.797252,83.44651,157665.7,19,4.93,20,4,0.307,2025-02-21 20:21:25
CASE_01524,FIR/2025/143,2025-08-18 03:52:25,PHISHING,Uttar Pradesh,Synthetic_District_4,28.012449,77.514613,144977.88,18,4.01,3,0,0.856,2025-09-10 03:52:25
CASE_01525,FIR/2025/238,2025-02-01 18:03:25,CARD_FRAUD,Kerala,Synthetic_District_14,28.724376,73.990938,13138.31,3,4.54,18,5,0.933,2025-02-27 18:03:25
CASE_01526,FIR/2026/243,2026-03-27 07:58:25,NET_BANKING_FRAUD,Gujarat,Synthetic_District_6,14.293956,78.11169,151747.67,20,2.06,7,4,0.245,2026-04-08 07:58:25
CASE_01527,FIR/2025/441,2025-06-04 11:48:25,IMPERSONATION,West Bengal,Synthetic_District_21,36.287404,96.320594,2415.77,14,0.54,11,2,0.633,2025-06-14 11:48:25
CASE_01528,FIR/2026/981,2026-01-04 14:00:25,UPI_FRAUD,Andhra Pradesh,Synthetic_District_25,14.942855,82.132959,32568.01,6,1.85,14,6,0.79,2026-01-08 14:00:25
CASE_01529,FIR/2025/795,2025-01-11 05:03:25,PHISHING,Uttar Pradesh,Synthetic_District_3,27.140714,92.311256,79184.59,8,2.41,5,5,0.182,2025-01-12 05:03:25
CASE_01530,FIR/2025/765,2025-03-11 10:23:25,NET_BANKING_FRAUD,Andhra Pradesh,Synthetic_District_27,8.135894,94.509265,199356.92,10,0.97,10,1,0.082,2025-04-06 10:23:25
CASE_01531,FIR/2025/522,2025-06-18 00:49:25,OTHER,Maharashtra,Synthetic_District_3,33.905739,86.080103,141254.28,15,4.8,0,2,0.323,2025-07-17 00:49:25
CASE_01532,FIR/2025/406,2025-04-27 03:19:25,OTHER,Andhra Pradesh,Synthetic_District_17,9.242757,78.825844,163808.92,4,0.28,3,6,0.669,2025-05-15 03:19:25
CASE_01533,FIR/2024/246,2024-09-30 21:16:25,PHISHING,Gujarat,Synthetic_District_27,14.047388,71.895306,2646.24,17,4.37,21,0,0.263,2024-10-09 21:16:25
CASE_01534,FIR/2026/692,2026-08-23 01:14:25,UPI_FRAUD,Tamil Nadu,Synthetic_District_38,17.192667,74.131024,26490.54,1,2.92,1,6,0.575,2026-08-25 01:14:25
CASE_01535,FIR/2025/981,2025-12-02 08:10:25,CARD_FRAUD,Uttar Pradesh,Synthetic_District_41,35.990511,94.676113,139339.33,19,0.95,8,1,0.506,2025-12-27 08:10:25
CASE_01536,FIR/2025/992,2025-07-11 12:17:25,NET_BANKING_FRAUD,Telangana,Synthetic_District_49,35.866574,71.244689,153286.89,8,4.17,12,4,0.767,2025-07-29 12:17:25
CASE_01537,FIR/2026/372,2026-01-06 21:39:25,NET_BANKING_FRAUD,Tamil Nadu,Synthetic_District_2,26.612301,80.319729,25533.89,18,4.8,21,1,0.985,2026-02-01 21:39:25
CASE_01538,FIR/2025/894,2025-01-16 05:38:25,OTHER,Karnataka,Synthetic_District_13,16.846939,74.039673,164331.43,17,3.82,5,3,0.901,2025-02-02 05:38:25
CASE_01539,FIR/2026/865,2026-02-16 23:20:25,NET_BANKING_FRAUD,Telangana,Synthetic_District_33,14.450896,74.787056,89194.31,13,1.49,23,0,0.475,2026-02-17 23:20:25
CASE_01540,FIR/2025/112,2025-06-13 19:59:25,IMPERSONATION,Uttar Pradesh,Synthetic_District_8,35.320307,78.124092,2677.32,17,4.15,19,4,0.873,2025-06-14 19:59:25
CASE_01541,FIR/2025/370,2025-04-08 09:53:25,NET_BANKING_FRAUD,Delhi,Synthetic_District_3,34.791061,69.966782,27514.81,6,4.33,9,1,0.233,2025-04-11 09:53:25
CASE_01542,FIR/2026/572,2026-06-16 18:31:25,IMPERSONATION,Delhi,Synthetic_District_1,15.787397,76.105456,71863.8,1,0.38,18,1,0.69,2026-07-09 18:31:25
CASE_01543,FIR/2026/263,2026-05-28 15:02:25,UPI_FRAUD,Kerala,Synthetic_District_24,36.937088,74.965743,28294.8,18,3.25,15,3,0.059,2026-06-13 15:02:25
CASE_01544,FIR/2026/247,2026-06-22 01:51:25,IMPERSONATION,Kerala,Synthetic_District_35,35.611422,68.816677,184795.79,18,2.43,1,0,0.744,2026-07-01 01:51:25
CASE_01545,FIR/2026/180,2026-05-11 05:58:25,PHISHING,Gujarat,Synthetic_District_20,31.010077,73.380143,36313.76,1,1.4,5,0,0.89,2026-06-01 05:58:25
CASE_01546,FIR/2026/646,2026-08-19 22:56:25,NET_BANKING_FRAUD,Uttar Pradesh,Synthetic_District_4,9.027935,76.858884,20836.08,17,2.21,22,2,0.688,2026-08-26 22:56:25
CASE_01547,FIR/2024/559,2024-11-20 07:45:25,PHISHING,Delhi,Synthetic_District_4,35.093253,72.391946,109684.91,2,0.26,7,2,0.335,2024-12-16 07:45:25
CASE_01548,FIR/2025/238,2025-05-30 05:42:25,OTHER,Maharashtra,Synthetic_District_37,18.451338,79.868835,83406.81,18,2.96,5,4,0.01,2025-06-14 05:42:25
CASE_01549,FIR/2026/606,2026-01-30 12:05:25,UPI_FRAUD,Tamil Nadu,Synthetic_District_9,17.672612,91.140299,3090.63,1,0.23,12,4,0.461,2026-02-19 12:05:25
CASE_01550,FIR/2026/770,2026-01-14 18:57:25,OTHER,Gujarat,Synthetic_District_11,12.647183,71.165555,155959.78,18,4.08,18,2,0.566,2026-02-07 18:57:25
CASE_01551,FIR/2026/607,2026-03-05 08:41:25,UPI_FRAUD,Delhi,Synthetic_District_12,11.478559,91.323684,32788.79,9,1.65,8,3,0.922,2026-03-30 08:41:25
CASE_01552,FIR/2025/607,2025-07-13 16:11:25,OTHER,Maharashtra,Synthetic_District_37,12.848332,91.424549,23263.06,3,2.42,16,6,0.006,2025-07-22 16:11:25
CASE_01553,FIR/2025/248,2025-08-09 00:11:25,UPI_FRAUD,Tamil Nadu,Synthetic_District_49,16.744497,92.848028,49164.19,5,1.0,0,5,0.144,2025-08-30 00:11:25
CASE_01554,FIR/2025/701,2025-11-09 16:54:25,CARD_FRAUD,Kerala,Synthetic_District_49,10.386183,95.676146,37035.66,1,2.96,16,6,0.305,2025-12-06 16:54:25
CASE_01555,FIR/2025/123,2025-12-30 08:41:25,PHISHING,Tamil Nadu,Synthetic_District_44,13.296315,86.605031,75789.7,12,1.65,8,1,0.225,2026-01-04 08:41:25
CASE_01556,FIR/2026/937,2026-01-24 05:50:25,IMPERSONATION,Kerala,Synthetic_District_47,24.15855,96.144829,93658.12,5,1.42,5,5,0.345,2026-02-16 05:50:25
CASE_01557,FIR/2025/137,2025-10-02 11:19:25,CARD_FRAUD,Delhi,Synthetic_District_7,11.082718,87.35503,23277.4,11,4.78,11,3,0.537,2025-11-01 11:19:25
CASE_01558,FIR/2024/514,2024-12-31 22:36:25,NET_BANKING_FRAUD,Kerala,Synthetic_District_47,25.592859,83.539958,108558.03,14,1.35,22,1,0.556,2025-01-26 22:36:25
CASE_01559,FIR/2026/488,2026-03-10 14:11:25,PHISHING,Karnataka,Synthetic_District_1,22.505797,75.807794,43564.89,15,1.37,14,1,0.511,2026-03-18 14:11:25
CASE_01560,FIR/2025/212,2025-12-22 14:20:25,UPI_FRAUD,Uttar Pradesh,Synthetic_District_3,22.230175,85.971626,48838.36,19,0.74,14,0,0.437,2025-12-24 14:20:25
CASE_01561,FIR/2024/641,2024-11-20 05:21:25,IMPERSONATION,Tamil Nadu,Synthetic_District_26,25.629954,89.180505,145493.83,5,4.18,5,2,0.785,2024-11-28 05:21:25
CASE_01562,FIR/2025/559,2025-07-12 10:02:25,INVESTMENT_SCAM,Karnataka,Synthetic_District_33,12.57389,74.496042,465193.96,17,2.11,10,5,0.274,2025-07-18 10:02:25
CASE_01563,FIR/2025/270,2025-02-28 15:39:25,UPI_FRAUD,Tamil Nadu,Synthetic_District_48,29.078732,87.903258,8491.81,5,4.34,15,4,0.359,2025-03-11 15:39:25
CASE_01564,FIR/2024/121,2024-09-30 23:33:25,PHISHING,Karnataka,Synthetic_District_36,23.050917,75.211338,1393.69,10,3.74,23,0,0.994,2024-10-15 23:33:25
CASE_01565,FIR/2025/628,2025-06-02 10:52:25,INVESTMENT_SCAM,West Bengal,Synthetic_District_37,30.27542,84.475716,54587.79,3,0.69,10,0,0.119,2025-06-28 10:52:25
CASE_01566,FIR/2024/493,2024-10-01 17:22:25,OTHER,Uttar Pradesh,Synthetic_District_49,29.500093,72.415775,170228.55,8,0.78,17,1,0.494,2024-10-31 17:22:25
CASE_01567,FIR/2026/891,2026-01-10 16:38:25,INVESTMENT_SCAM,Uttar Pradesh,Synthetic_District_47,21.335103,88.774465,689591.42,2,2.0,16,5,0.542,2026-02-03 16:38:25
CASE_01568,FIR/2025/975,2025-09-09 02:19:25,OTHER,West Bengal,Synthetic_District_28,21.920838,75.482383,190240.02,8,0.3,2,1,0.023,2025-09-29 02:19:25
CASE_01569,FIR/2026/544,2026-05-26 09:02:25,IMPERSONATION,Maharashtra,Synthetic_District_7,28.967363,75.085237,44604.5,15,0.5,9,1,0.096,2026-06-24 09:02:25
CASE_01570,FIR/2024/761,2024-12-26 02:50:25,IMPERSONATION,Telangana,Synthetic_District_45,15.514999,82.536207,121221.68,19,4.82,2,3,0.309,2024-12-27 02:50:25
CASE_01571,FIR/2025/112,2025-04-11 13:01:25,OTHER,Maharashtra,Synthetic_District_24,13.900145,90.116535,169725.02,9,2.12,13,4,0.03,2025-04-22 13:01:25
CASE_01572,FIR/2025/695,2025-10-19 11:23:25,INVESTMENT_SCAM,Kerala,Synthetic_District_26,20.526331,72.299826,287863.71,2,0.57,11,6,0.551,2025-10-28 11:23:25
CASE_01573,FIR/2026/888,2026-07-21 15:46:25,OTHER,West Bengal,Synthetic_District_6,27.972832,72.414019,28716.55,5,3.3,15,1,0.513,2026-08-10 15:46:25
CASE_01574,FIR/2025/643,2025-07-21 16:54:25,NET_BANKING_FRAUD,Telangana,Synthetic_District_33,33.730035,82.409539,29006.94,11,4.53,16,0,0.468,2025-08-16 16:54:25
CASE_01575,FIR/2025/327,2025-10-02 12:57:25,NET_BANKING_FRAUD,Telangana,Synthetic_District_30,8.504509,76.545118,63003.03,6,3.14,12,3,0.992,2025-10-20 12:57:25
CASE_01576,FIR/2025/218,2025-02-19 10:29:25,CARD_FRAUD,Andhra Pradesh,Synthetic_District_5,26.221912,90.802752,22329.39,11,1.8,10,2,0.018,2025-03-13 10:29:25
CASE_01577,FIR/2025/716,2025-11-10 20:41:25,UPI_FRAUD,Delhi,Synthetic_District_15,9.606061,80.367646,3135.53,1,0.36,20,0,0.128,2025-11-18 20:41:25
CASE_01578,FIR/2026/840,2026-03-17 21:14:25,UPI_FRAUD,Delhi,Synthetic_District_13,36.524667,71.687416,1578.27,14,0.44,21,1,0.09,2026-03-18 21:14:25
CASE_01579,FIR/2026/609,2026-08-01 01:19:25,IMPERSONATION,Andhra Pradesh,Synthetic_District_28,29.791473,74.507262,75477.99,9,1.63,1,5,0.725,2026-08-30 01:19:25
CASE_01580,FIR/2025/529,2025-08-08 12:56:25,PHISHING,Tamil Nadu,Synthetic_District_41,16.695527,91.931305,195715.41,1,0.62,12,4,0.088,2025-08-16 12:56:25
CASE_01581,FIR/2024/740,2024-10-07 04:16:25,IMPERSONATION,Tamil Nadu,Synthetic_District_47,16.964702,92.514984,148960.82,9,1.25,4,0,0.558,2024-10-21 04:16:25
CASE_01582,FIR/2024/425,2024-12-24 08:11:25,INVESTMENT_SCAM,Maharashtra,Synthetic_District_48,27.702279,91.955455,210623.08,6,2.03,8,1,0.987,2025-01-10 08:11:25
CASE_01583,FIR/2025/459,2025-11-05 06:30:25,OTHER,Andhra Pradesh,Synthetic_District_10,32.821846,76.005796,78097.94,3,4.79,6,2,0.621,2025-11-20 06:30:25
CASE_01584,FIR/2025/376,2025-11-22 10:13:25,INVESTMENT_SCAM,Uttar Pradesh,Synthetic_District_19,21.725845,92.066211,863446.29,6,2.93,10,5,0.639,2025-12-04 10:13:25
CASE_01585,FIR/2024/410,2024-10-14 18:11:25,UPI_FRAUD,West Bengal,Synthetic_District_37,22.017806,76.738778,40333.19,5,0.72,18,0,0.313,2024-10-23 18:11:25
CASE_01586,FIR/2025/999,2025-05-02 01:48:25,CARD_FRAUD,Andhra Pradesh,Synthetic_District_36,12.418451,71.203423,145485.58,3,1.75,1,4,0.637,2025-05-29 01:48:25
CASE_01587,FIR/2025/465,2025-06-15 12:32:25,OTHER,Kerala,Synthetic_District_37,30.783987,68.498565,71899.79,13,3.33,12,6,0.276,2025-06-25 12:32:25
CASE_01588,FIR/2026/827,2026-07-19 19:34:25,UPI_FRAUD,Uttar Pradesh,Synthetic_District_32,30.449192,83.854357,5143.66,3,2.7,19,6,0.464,2026-07-20 19:34:25
CASE_01589,FIR/2026/793,2026-08-15 05:59:25,CARD_FRAUD,Uttar Pradesh,Synthetic_District_19,22.512841,93.056002,45844.11,6,3.65,5,5,0.528,2026-08-24 05:59:25
CASE_01590,FIR/2026/514,2026-05-23 06:19:25,UPI_FRAUD,Kerala,Synthetic_District_50,8.53031,92.555525,49654.31,4,4.97,6,5,0.182,2026-05-29 06:19:25
CASE_01591,FIR/2025/184,2025-10-14 01:57:25,IMPERSONATION,Delhi,Synthetic_District_16,33.032506,71.435452,150200.62,13,0.35,1,1,0.611,2025-10-31 01:57:25
CASE_01592,FIR/2025/202,2025-12-07 17:37:25,PHISHING,West Bengal,Synthetic_District_25,9.53327,69.695171,99837.58,6,0.41,17,6,0.699,2025-12-11 17:37:25
CASE_01593,FIR/2026/718,2026-05-31 07:20:25,OTHER,Karnataka,Synthetic_District_6,10.594498,76.004652,118853.11,1,1.13,7,6,0.919,2026-06-16 07:20:25
CASE_01594,FIR/2025/865,2025-01-26 23:51:25,OTHER,Maharashtra,Synthetic_District_38,31.856434,90.0959,138281.91,18,2.13,23,6,0.781,2025-01-30 23:51:25
CASE_01595,FIR/2026/463,2026-07-07 05:41:25,PHISHING,Uttar Pradesh,Synthetic_District_49,36.728104,88.930998,152351.36,9,0.58,5,1,0.648,2026-08-04 05:41:25
CASE_01596,FIR/2026/473,2026-07-13 07:37:25,INVESTMENT_SCAM,Karnataka,Synthetic_District_41,11.49393,73.974958,362223.92,15,1.77,7,0,0.338,2026-07-19 07:37:25
CASE_01597,FIR/2026/671,2026-09-22 19:46:25,NET_BANKING_FRAUD,West Bengal,Synthetic_District_44,33.149622,80.865577,184602.17,1,2.41,19,1,0.779,2026-10-12 19:46:25
CASE_01598,FIR/2024/525,2024-11-26 14:59:25,NET_BANKING_FRAUD,Maharashtra,Synthetic_District_28,8.797221,88.017523,23278.27,4,3.92,14,1,0.47,2024-12-23 14:59:25
CASE_01599,FIR/2025/876,2025-03-06 21:42:25,PHISHING,Uttar Pradesh,Synthetic_District_41,36.64748,75.288112,135692.38,16,3.9,21,3,0.535,2025-03-22 21:42:25
CASE_01600,FIR/2025/673,2025-09-10 23:47:25,NET_BANKING_FRAUD,Maharashtra,Synthetic_District_1,13.279774,76.317083,175783.03,1,3.4,23,2,0.716,2025-09-22 23:47:25
CASE_01601,FIR/2025/273,2025-09-25 07:40:25,INVESTMENT_SCAM,Kerala,Synthetic_District_43,33.175671,73.630485,79903.93,5,1.15,7,3,0.395,2025-10-01 07:40:25
CASE_01602,FIR/2025/493,2025-03-14 20:10:25,INVESTMENT_SCAM,Uttar Pradesh,Synthetic_District_43,30.139132,83.993095,86148.87,15,1.37,20,4,0.666,2025-03-15 20:10:25
CASE_01603,FIR/2025/547,2025-11-02 07:28:25,IMPERSONATION,Uttar Pradesh,Synthetic_District_45,11.433431,84.763861,71944.95,12,3.52,7,6,0.94,2025-11-07 07:28:25
CASE_01604,FIR/2024/516,2024-12-30 02:48:25,IMPERSONATION,Kerala,Synthetic_District_10,19.263461,68.127943,23972.58,1,1.17,2,0,0.364,2025-01-26 02:48:25
CASE_01605,FIR/2026/260,2026-07-26 09:34:25,CARD_FRAUD,Kerala,Synthetic_District_14,28.381672,88.150306,178664.82,20,2.74,9,6,0.222,2026-07-31 09:34:25
CASE_01606,FIR/2025/325,2025-07-22 10:39:25,CARD_FRAUD,Karnataka,Synthetic_District_1,16.741405,71.106971,101174.45,14,3.04,10,1,0.809,2025-08-18 10:39:25
CASE_01607,FIR/2024/203,2024-10-15 03:39:25,PHISHING,Telangana,Synthetic_District_5,18.934653,88.871159,10323.29,18,4.95,3,1,0.698,2024-10-28 03:39:25
CASE_01608,FIR/2026/729,2026-09-29 23:59:25,IMPERSONATION,Telangana,Synthetic_District_15,16.985888,70.630741,173679.46,1,1.7,23,1,0.82,2026-10-28 23:59:25
CASE_01609,FIR/2025/259,2025-07-09 08:11:25,CARD_FRAUD,Gujarat,Synthetic_District_33,31.787624,84.971026,153972.77,14,4.29,8,2,0.122,2025-07-25 08:11:25
CASE_01610,FIR/2025/984,2025-06-09 10:06:25,CARD_FRAUD,Maharashtra,Synthetic_District_9,23.834251,70.214441,149147.54,15,4.55,10,0,0.33,2025-06-13 10:06:25
CASE_01611,FIR/2025/609,2025-02-14 00:22:25,CARD_FRAUD,West Bengal,Synthetic_District_7,17.899619,75.528323,153250.29,13,4.29,0,4,0.639,2025-03-11 00:22:25
CASE_01612,FIR/2026/492,2026-08-18 12:14:25,PHISHING,Karnataka,Synthetic_District_10,16.573438,76.488845,46189.47,12,3.88,12,1,0.423,2026-09-02 12:14:25
CASE_01613,FIR/2026/204,2026-01-21 20:47:25,CARD_FRAUD,Karnataka,Synthetic_District_30,13.903652,91.980392,13866.91,15,0.7,20,2,0.384,2026-01-30 20:47:25
CASE_01614,FIR/2026/592,2026-07-29 08:19:25,IMPERSONATION,Karnataka,Synthetic_District_14,10.833376,77.223455,150775.06,8,2.7,8,2,0.776,2026-08-27 08:19:25
CASE_01615,FIR/2025/615,2025-12-26 02:37:25,UPI_FRAUD,Telangana,Synthetic_District_46,21.311544,73.250969,42042.78,2,0.89,2,4,0.173,2026-01-04 02:37:25
CASE_01616,FIR/2025/561,2025-11-07 14:18:25,NET_BANKING_FRAUD,Delhi,Synthetic_District_36,22.969638,76.707464,196271.77,2,2.3,14,4,0.429,2025-11-12 14:18:25
CASE_01617,FIR/2024/247,2024-10-10 07:26:25,NET_BANKING_FRAUD,Gujarat,Synthetic_District_5,32.930337,88.485798,136955.34,11,1.12,7,3,0.548,2024-11-09 07:26:25
CASE_01618,FIR/2025/718,2025-11-14 08:11:25,IMPERSONATION,Delhi,Synthetic_District_14,33.900378,80.505884,28534.27,17,4.2,8,4,0.607,2025-11-28 08:11:25
CASE_01619,FIR/2026/635,2026-08-18 14:46:25,OTHER,Andhra Pradesh,Synthetic_District_38,27.70328,73.114582,53386.0,11,3.92,14,1,0.777,2026-08-27 14:46:25
CASE_01620,FIR/2024/954,2024-10-06 04:35:25,UPI_FRAUD,Uttar Pradesh,Synthetic_District_50,12.198917,73.800429,34396.48,14,3.74,4,6,0.957,2024-10-17 04:35:25
CASE_01621,FIR/2026/421,2026-06-02 07:12:25,CARD_FRAUD,Tamil Nadu,Synthetic_District_44,27.030891,77.328402,155525.82,15,0.38,7,1,0.474,2026-06-22 07:12:25
CASE_01622,FIR/2026/262,2026-01-17 08:30:25,CARD_FRAUD,Andhra Pradesh,Synthetic_District_5,25.014199,93.016995,69508.12,8,4.17,8,5,0.527,2026-01-22 08:30:25
CASE_01623,FIR/2025/957,2025-04-03 07:58:25,OTHER,Delhi,Synthetic_District_30,29.130639,73.227609,81085.8,6,0.96,7,3,0.643,2025-04-19 07:58:25
CASE_01624,FIR/2025/950,2025-01-12 20:33:25,UPI_FRAUD,Telangana,Synthetic_District_42,33.72321,80.351865,41812.24,4,4.85,20,6,0.107,2025-01-18 20:33:25
CASE_01625,FIR/2024/480,2024-11-27 01:55:25,INVESTMENT_SCAM,Maharashtra,Synthetic_District_19,15.777941,84.022128,888888.84,19,2.81,1,2,0.032,2024-12-03 01:55:25
CASE_01626,FIR/2025/977,2025-01-14 06:22:25,UPI_FRAUD,Delhi,Synthetic_District_12,8.858051,73.225302,10445.78,14,4.98,6,1,0.984,2025-02-09 06:22:25
CASE_01627,FIR/2026/507,2026-04-14 16:51:25,CARD_FRAUD,Kerala,Synthetic_District_32,32.035932,69.755951,37692.56,18,0.22,16,1,0.071,2026-04-29 16:51:25
CASE_01628,FIR/2024/298,2024-10-18 23:36:25,UPI_FRAUD,Gujarat,Synthetic_District_50,9.140792,77.930567,20063.1,1,4.71,23,4,0.291,2024-10-25 23:36:25
CASE_01629,FIR/2025/359,2025-04-30 22:11:25,OTHER,Kerala,Synthetic_District_25,24.749591,92.731535,92308.76,15,0.88,22,2,0.279,2025-05-15 22:11:25
CASE_01630,FIR/2025/327,2025-12-17 00:43:25,INVESTMENT_SCAM,Uttar Pradesh,Synthetic_District_3,29.501555,89.93073,55062.91,11,1.37,0,2,0.156,2025-12-29 00:43:25
CASE_01631,FIR/2026/432,2026-06-22 16:24:25,OTHER,Maharashtra,Synthetic_District_45,25.505071,89.406643,197341.5,8,0.72,16,0,0.701,2026-07-17 16:24:25
CASE_01632,FIR/2026/686,2026-02-16 22:19:25,OTHER,Maharashtra,Synthetic_District_25,14.444052,86.914305,18314.32,10,4.88,22,0,0.563,2026-03-02 22:19:25
CASE_01633,FIR/2024/563,2024-11-28 21:38:25,NET_BANKING_FRAUD,Andhra Pradesh,Synthetic_District_42,17.602703,72.977719,143986.73,6,2.81,21,3,0.304,2024-12-05 21:38:25
CASE_01634,FIR/2026/700,2026-05-25 08:01:25,INVESTMENT_SCAM,Telangana,Synthetic_District_2,21.126663,68.016546,761472.64,18,2.23,8,0,0.816,2026-06-08 08:01:25
CASE_01635,FIR/2026/122,2026-02-19 04:33:25,NET_BANKING_FRAUD,Delhi,Synthetic_District_3,23.823568,87.288113,169451.02,4,2.87,4,3,0.842,2026-02-25 04:33:25
CASE_01636,FIR/2026/480,2026-05-31 17:55:25,PHISHING,Kerala,Synthetic_District_16,25.971199,76.105292,154557.8,18,2.9,17,6,0.035,2026-06-08 17:55:25
CASE_01637,FIR/2025/277,2025-03-25 22:07:25,PHISHING,Karnataka,Synthetic_District_11,15.095677,69.949834,50205.97,5,4.07,22,1,0.906,2025-04-20 22:07:25
CASE_01638,FIR/2025/846,2025-09-04 04:39:25,UPI_FRAUD,Tamil Nadu,Synthetic_District_22,16.226717,91.090224,5764.75,2,1.21,4,3,0.405,2025-09-21 04:39:25
CASE_01639,FIR/2026/738,2026-04-20 10:03:25,IMPERSONATION,Tamil Nadu,Synthetic_District_49,30.49718,73.589695,156890.18,6,1.54,10,0,0.246,2026-05-20 10:03:25
CASE_01640,FIR/2025/650,2025-03-16 11:12:25,PHISHING,Karnataka,Synthetic_District_23,24.365589,89.472149,2441.25,8,0.7,11,6,0.832,2025-04-11 11:12:25
CASE_01641,FIR/2025/158,2025-07-02 00:50:25,PHISHING,Gujarat,Synthetic_District_50,17.666853,85.354883,176061.06,11,4.55,0,2,0.612,2025-07-22 00:50:25
CASE_01642,FIR/2025/608,2025-02-13 17:52:25,PHISHING,Andhra Pradesh,Synthetic_District_13,10.182365,81.333786,49302.65,19,1.92,17,3,0.16,2025-03-15 17:52:25
CASE_01643,FIR/2024/374,2024-10-15 04:56:25,INVESTMENT_SCAM,Maharashtra,Synthetic_District_37,13.891335,80.995965,786130.27,20,4.93,4,1,0.098,2024-10-20 04:56:25
CASE_01644,FIR/2025/202,2025-04-03 05:13:25,UPI_FRAUD,Gujarat,Synthetic_District_24,14.731455,79.622686,35179.23,14,4.29,5,3,0.274,2025-04-14 05:13:25
CASE_01645,FIR/2025/508,2025-03-03 14:39:25,INVESTMENT_SCAM,Kerala,Synthetic_District_25,10.983683,94.265481,648077.55,1,4.46,14,0,0.426,2025-03-18 14:39:25
CASE_01646,FIR/2025/775,2025-05-21 16:45:25,INVESTMENT_SCAM,West Bengal,Synthetic_District_18,17.146746,71.985429,613436.91,2,1.04,16,2,0.705,2025-05-24 16:45:25
CASE_01647,FIR/2025/110,2025-09-27 14:59:25,OTHER,Telangana,Synthetic_District_7,15.856268,88.874065,67041.11,5,0.59,14,5,0.64,2025-10-07 14:59:25
CASE_01648,FIR/2025/552,2025-05-31 14:38:25,UPI_FRAUD,Gujarat,Synthetic_District_38,21.368869,72.050069,25919.49,15,3.07,14,5,0.127,2025-06-23 14:38:25
CASE_01649,FIR/2025/341,2025-06-13 20:54:25,UPI_FRAUD,Kerala,Synthetic_District_41,31.138955,77.318746,25135.75,18,3.98,20,4,0.591,2025-07-07 20:54:25
CASE_01650,FIR/2024/142,2024-10-07 02:34:25,INVESTMENT_SCAM,Andhra Pradesh,Synthetic_District_32,26.387373,92.05593,508947.39,7,4.81,2,0,0.881,2024-11-01 02:34:25
CASE_01651,FIR/2025/197,2025-03-23 11:22:25,INVESTMENT_SCAM,Telangana,Synthetic_District_40,35.339925,72.811946,458498.46,15,3.61,11,6,0.666,2025-04-06 11:22:25
CASE_01652,FIR/2025/615,2025-07-07 18:41:25,INVESTMENT_SCAM,Telangana,Synthetic_District_48,23.291459,73.571058,366866.36,18,0.94,18,0,0.775,2025-07-30 18:41:25
CASE_01653,FIR/2025/907,2025-12-21 15:35:25,NET_BANKING_FRAUD,Delhi,Synthetic_District_2,29.450026,75.717639,27860.16,16,0.71,15,6,0.585,2025-12-27 15:35:25
CASE_01654,FIR/2025/752,2025-10-06 02:44:25,PHISHING,Telangana,Synthetic_District_48,18.823733,90.786333,172590.44,13,0.93,2,0,0.159,2025-10-12 02:44:25
CASE_01655,FIR/2025/461,2025-09-22 17:33:25,UPI_FRAUD,Andhra Pradesh,Synthetic_District_11,29.951056,96.676855,26710.85,15,0.94,17,0,0.411,2025-10-11 17:33:25
CASE_01656,FIR/2025/273,2025-06-13 22:26:25,UPI_FRAUD,Delhi,Synthetic_District_16,34.739686,70.528496,4622.92,19,2.91,22,4,0.594,2025-07-09 22:26:25
CASE_01657,FIR/2024/274,2024-10-13 12:29:25,IMPERSONATION,Gujarat,Synthetic_District_3,11.896987,79.556556,84083.58,9,4.6,12,6,0.892,2024-11-09 12:29:25
CASE_01658,FIR/2024/168,2024-11-22 11:08:25,NET_BANKING_FRAUD,Gujarat,Synthetic_District_19,26.763461,68.544129,39646.86,8,3.11,11,4,0.05,2024-12-17 11:08:25
CASE_01659,FIR/2024/305,2024-12-25 10:59:25,PHISHING,West Bengal,Synthetic_District_40,13.15146,72.649341,74776.37,15,0.56,10,2,0.95,2025-01-02 10:59:25
CASE_01660,FIR/2025/121,2025-10-25 17:29:25,UPI_FRAUD,West Bengal,Synthetic_District_10,21.380704,87.113199,21051.61,11,2.06,17,5,0.4,2025-11-24 17:29:25
CASE_01661,FIR/2026/585,2026-09-01 16:11:25,OTHER,Andhra Pradesh,Synthetic_District_9,19.336747,74.33327,168268.04,17,3.59,16,1,0.354,2026-09-02 16:11:25
CASE_01662,FIR/2026/377,2026-05-09 02:59:25,NET_BANKING_FRAUD,Andhra Pradesh,Synthetic_District_6,20.896094,80.342711,35519.37,5,4.3,2,5,0.673,2026-05-16 02:59:25
CASE_01663,FIR/2025/911,2025-04-20 05:52:25,UPI_FRAUD,Uttar Pradesh,Synthetic_District_17,16.210314,70.701451,32181.41,14,1.57,5,6,0.939,2025-05-13 05:52:25
CASE_01664,FIR/2025/394,2025-01-09 05:07:25,CARD_FRAUD,Maharashtra,Synthetic_District_48,13.702195,73.181636,180085.71,16,3.33,5,3,0.388,2025-01-21 05:07:25
CASE_01665,FIR/2026/979,2026-01-31 06:42:25,OTHER,Tamil Nadu,Synthetic_District_17,25.52775,73.221762,7297.57,2,4.11,6,5,0.88,2026-02-26 06:42:25
CASE_01666,FIR/2024/623,2024-12-10 08:05:25,OTHER,West Bengal,Synthetic_District_29,8.573412,70.509737,68695.99,16,3.14,8,1,0.565,2024-12-16 08:05:25
CASE_01667,FIR/2025/393,2025-08-02 14:56:25,UPI_FRAUD,West Bengal,Synthetic_District_15,20.913593,75.731652,44122.02,9,0.48,14,5,0.496,2025-08-10 14:56:25
CASE_01668,FIR/2025/301,2025-07-02 04:12:25,OTHER,West Bengal,Synthetic_District_25,24.605385,81.010423,67712.98,1,0.91,4,2,0.874,2025-07-27 04:12:25
CASE_01669,FIR/2026/879,2026-04-01 04:32:25,PHISHING,Delhi,Synthetic_District_27,24.222945,69.202411,76321.56,15,0.95,4,2,0.516,2026-04-25 04:32:25
CASE_01670,FIR/2026/103,2026-09-23 00:49:25,IMPERSONATION,Uttar Pradesh,Synthetic_District_22,14.586959,93.357511,3405.5,11,2.46,0,2,0.944,2026-09-29 00:49:25
CASE_01671,FIR/2025/898,2025-01-01 05:31:25,CARD_FRAUD,Uttar Pradesh,Synthetic_District_39,8.4641,91.144412,47656.71,19,3.93,5,2,0.477,2025-01-04 05:31:25
CASE_01672,FIR/2025/966,2025-06-25 14:12:25,UPI_FRAUD,Andhra Pradesh,Synthetic_District_48,10.722034,74.441741,15305.76,17,4.79,14,2,0.523,2025-07-04 14:12:25
CASE_01673,FIR/2025/184,2025-05-05 06:48:25,NET_BANKING_FRAUD,West Bengal,Synthetic_District_49,21.089796,86.902931,145820.55,12,4.4,6,0,0.256,2025-05-19 06:48:25
CASE_01674,FIR/2026/513,2026-01-20 21:28:25,NET_BANKING_FRAUD,West Bengal,Synthetic_District_5,18.664547,76.611104,151248.65,3,2.65,21,1,0.816,2026-02-13 21:28:25
CASE_01675,FIR/2026/586,2026-06-15 10:47:25,UPI_FRAUD,Delhi,Synthetic_District_37,32.450576,68.321696,7542.72,17,1.61,10,0,0.041,2026-06-30 10:47:25
CASE_01676,FIR/2026/341,2026-07-27 10:09:25,UPI_FRAUD,Telangana,Synthetic_District_27,29.834064,80.423736,14573.79,11,4.51,10,0,0.228,2026-08-04 10:09:25
CASE_01677,FIR/2025/351,2025-12-28 01:43:25,NET_BANKING_FRAUD,Tamil Nadu,Synthetic_District_2,19.494383,86.693751,118835.89,7,0.21,1,6,0.405,2026-01-20 01:43:25
CASE_01678,FIR/2025/287,2025-01-31 10:44:25,PHISHING,Andhra Pradesh,Synthetic_District_27,33.747724,81.785872,37424.24,19,3.25,10,4,0.776,2025-02-20 10:44:25
CASE_01679,FIR/2024/541,2024-10-16 09:13:25,INVESTMENT_SCAM,Telangana,Synthetic_District_14,22.569059,77.555221,664690.59,20,4.06,9,2,0.047,2024-11-01 09:13:25
CASE_01680,FIR/2025/932,2025-04-28 11:11:25,PHISHING,Delhi,Synthetic_District_45,22.936081,85.919603,61631.31,17,3.8,11,0,0.987,2025-04-29 11:11:25
CASE_01681,FIR/2025/786,2025-08-18 13:05:25,OTHER,Kerala,Synthetic_District_37,12.00346,92.024639,5359.55,15,0.39,13,0,0.648,2025-09-05 13:05:25
CASE_01682,FIR/2025/511,2025-12-06 15:33:25,UPI_FRAUD,Gujarat,Synthetic_District_2,19.806914,73.97205,27298.75,2,3.84,15,5,0.402,2025-12-12 15:33:25
CASE_01683,FIR/2026/929,2026-05-14 14:42:25,UPI_FRAUD,Uttar Pradesh,Synthetic_District_38,13.142029,92.272359,23780.87,20,0.49,14,3,0.995,2026-06-10 14:42:25
CASE_01684,FIR/2026/528,2026-04-01 22:16:25,UPI_FRAUD,Telangana,Synthetic_District_50,13.918132,91.324202,28136.43,15,0.54,22,2,0.738,2026-05-01 22:16:25
CASE_01685,FIR/2024/725,2024-10-06 10:12:25,OTHER,Kerala,Synthetic_District_11,19.751529,76.466165,166261.24,1,1.11,10,6,0.695,2024-10-24 10:12:25
CASE_01686,FIR/2026/343,2026-09-03 14:00:25,UPI_FRAUD,Telangana,Synthetic_District_20,27.925548,86.552276,33761.13,1,0.65,14,3,0.359,2026-09-22 14:00:25
CASE_01687,FIR/2026/713,2026-06-17 06:13:25,UPI_FRAUD,Delhi,Synthetic_District_5,25.890977,91.766255,49694.81,15,1.03,6,2,0.368,2026-07-07 06:13:25
CASE_01688,FIR/2026/624,2026-03-26 22:02:25,PHISHING,Kerala,Synthetic_District_43,30.804141,91.539969,112720.83,5,3.94,22,3,0.694,2026-04-22 22:02:25
CASE_01689,FIR/2024/582,2024-12-16 07:31:25,INVESTMENT_SCAM,West Bengal,Synthetic_District_1,19.204574,78.93025,156063.74,9,3.35,7,0,0.678,2024-12-27 07:31:25
CASE_01690,FIR/2026/153,2026-07-22 09:22:25,OTHER,Maharashtra,Synthetic_District_25,26.86425,75.325335,151365.44,19,4.61,9,2,0.658,2026-08-20 09:22:25
CASE_01691,FIR/2026/559,2026-07-31 08:50:25,CARD_FRAUD,Karnataka,Synthetic_District_8,21.802666,95.170557,1293.07,5,2.12,8,4,0.298,2026-08-15 08:50:25
CASE_01692,FIR/2024/132,2024-11-17 22:46:25,INVESTMENT_SCAM,West Bengal,Synthetic_District_41,34.049372,95.867254,647648.68,3,2.33,22,6,0.402,2024-12-04 22:46:25
CASE_01693,FIR/2025/991,2025-03-18 12:11:25,INVESTMENT_SCAM,Kerala,Synthetic_District_20,32.430972,77.46122,215160.58,1,3.34,12,1,0.019,2025-03-23 12:11:25
CASE_01694,FIR/2026/678,2026-03-12 09:27:25,INVESTMENT_SCAM,Delhi,Synthetic_District_42,26.75853,86.30903,967643.78,3,0.47,9,3,0.54,2026-03-26 09:27:25
CASE_01695,FIR/2026/494,2026-05-29 13:52:25,IMPERSONATION,Maharashtra,Synthetic_District_11,31.194463,79.778191,120368.32,5,0.18,13,4,0.033,2026-06-03 13:52:25
CASE_01696,FIR/2024/750,2024-10-17 00:24:25,UPI_FRAUD,Delhi,Synthetic_District_27,13.643932,94.139293,22868.84,9,1.47,0,3,0.218,2024-11-12 00:24:25
CASE_01697,FIR/2026/359,2026-06-01 05:25:25,IMPERSONATION,Telangana,Synthetic_District_34,27.733537,93.376303,37592.2,1,0.5,5,0,0.011,2026-06-25 05:25:25
CASE_01698,FIR/2025/266,2025-07-29 14:44:25,IMPERSONATION,Telangana,Synthetic_District_14,19.826834,68.538453,29378.23,3,4.7,14,1,0.156,2025-08-06 14:44:25
CASE_01699,FIR/2026/372,2026-01-12 04:00:25,UPI_FRAUD,Uttar Pradesh,Synthetic_District_29,19.747003,91.674509,9213.72,2,1.32,4,0,0.377,2026-02-06 04:00:25
CASE_01700,FIR/2026/484,2026-01-01 16:53:25,OTHER,Telangana,Synthetic_District_9,32.489388,93.850521,59435.15,10,0.31,16,3,0.355,2026-01-24 16:53:25
CASE_01701,FIR/2025/645,2025-12-09 01:17:25,OTHER,Gujarat,Synthetic_District_24,30.587649,76.073059,16752.68,1,4.86,1,1,0.874,2026-01-05 01:17:25
CASE_01702,FIR/2026/221,2026-09-18 01:38:25,INVESTMENT_SCAM,Telangana,Synthetic_District_46,24.528711,96.94425,569445.13,8,2.64,1,4,0.276,2026-10-11 01:38:25
CASE_01703,FIR/2025/336,2025-11-13 05:54:25,PHISHING,Andhra Pradesh,Synthetic_District_3,19.053625,91.397118,192185.31,20,3.9,5,3,0.97,2025-11-27 05:54:25
CASE_01704,FIR/2025/417,2025-07-17 10:49:25,PHISHING,Uttar Pradesh,Synthetic_District_32,36.065928,92.804264,75193.81,6,0.76,10,3,0.05,2025-07-26 10:49:25
CASE_01705,FIR/2025/520,2025-04-08 12:18:25,NET_BANKING_FRAUD,Uttar Pradesh,Synthetic_District_40,11.735515,79.131118,37719.26,13,0.46,12,1,0.454,2025-05-08 12:18:25
CASE_01706,FIR/2026/453,2026-05-05 11:11:25,PHISHING,Andhra Pradesh,Synthetic_District_40,36.572735,94.351753,38639.62,20,3.32,11,1,0.154,2026-06-04 11:11:25
CASE_01707,FIR/2026/869,2026-06-09 16:20:25,PHISHING,West Bengal,Synthetic_District_48,21.846318,96.203588,43851.91,18,2.62,16,1,0.71,2026-06-24 16:20:25
CASE_01708,FIR/2026/408,2026-06-16 22:08:25,OTHER,Maharashtra,Synthetic_District_16,15.389401,73.007331,87331.84,17,4.74,22,1,0.807,2026-07-15 22:08:25
CASE_01709,FIR/2026/640,2026-06-13 23:51:25,CARD_FRAUD,Tamil Nadu,Synthetic_District_49,25.385227,72.487979,40828.27,5,2.07,23,5,0.029,2026-07-12 23:51:25
CASE_01710,FIR/2024/774,2024-12-07 02:04:25,UPI_FRAUD,Gujarat,Synthetic_District_26,12.257029,85.891251,32653.34,3,4.79,2,5,0.305,2024-12-28 02:04:25
CASE_01711,FIR/2026/848,2026-08-08 00:39:25,UPI_FRAUD,Uttar Pradesh,Synthetic_District_5,14.314088,71.428054,43548.69,7,2.63,0,5,0.575,2026-08-19 00:39:25
CASE_01712,FIR/2025/133,2025-03-04 13:38:25,INVESTMENT_SCAM,Uttar Pradesh,Synthetic_District_40,23.66424,86.688394,496573.45,13,1.56,13,1,0.742,2025-03-26 13:38:25
CASE_01713,FIR/2026/826,2026-09-13 21:03:25,UPI_FRAUD,Delhi,Synthetic_District_4,23.039116,74.772435,16542.38,8,0.25,21,6,0.932,2026-09-27 21:03:25
CASE_01714,FIR/2025/367,2025-12-12 12:36:25,UPI_FRAUD,West Bengal,Synthetic_District_40,19.619684,94.545837,31157.02,19,4.71,12,4,0.827,2025-12-30 12:36:25
CASE_01715,FIR/2024/234,2024-11-03 13:39:25,CARD_FRAUD,Karnataka,Synthetic_District_6,21.741884,78.570365,81057.35,1,2.3,13,6,0.408,2024-11-07 13:39:25
CASE_01716,FIR/2026/256,2026-03-22 06:21:25,CARD_FRAUD,Kerala,Synthetic_District_1,16.978983,91.066678,195655.98,10,2.5,6,6,0.121,2026-03-28 06:21:25
CASE_01717,FIR/2025/776,2025-08-20 23:49:25,IMPERSONATION,Uttar Pradesh,Synthetic_District_21,32.662187,70.811061,39640.06,2,2.53,23,2,0.496,2025-09-10 23:49:25
CASE_01718,FIR/2025/529,2025-03-21 19:16:25,CARD_FRAUD,Maharashtra,Synthetic_District_49,24.692363,87.233986,13359.87,2,0.82,19,4,0.334,2025-04-10 19:16:25
CASE_01719,FIR/2026/628,2026-05-20 12:31:25,UPI_FRAUD,Gujarat,Synthetic_District_13,14.089049,69.169129,29580.24,10,3.69,12,2,0.81,2026-06-17 12:31:25
CASE_01720,FIR/2025/723,2025-08-13 01:39:25,NET_BANKING_FRAUD,Karnataka,Synthetic_District_50,15.857075,80.506305,58035.62,15,3.77,1,2,0.535,2025-09-10 01:39:25
CASE_01721,FIR/2025/105,2025-02-08 00:05:25,UPI_FRAUD,Gujarat,Synthetic_District_27,17.31923,90.544373,46157.95,20,0.45,0,5,0.471,2025-02-10 00:05:25
CASE_01722,FIR/2026/191,2026-09-04 10:39:25,OTHER,Gujarat,Synthetic_District_45,14.927876,87.064888,195022.66,18,3.01,10,4,0.078,2026-09-16 10:39:25
CASE_01723,FIR/2025/175,2025-10-26 23:01:25,UPI_FRAUD,West Bengal,Synthetic_District_23,22.757621,77.985081,30290.43,18,3.74,23,6,0.729,2025-11-21 23:01:25
CASE_01724,FIR/2025/377,2025-01-05 03:42:25,OTHER,Uttar Pradesh,Synthetic_District_26,27.40323,75.217414,90926.45,4,4.62,3,6,0.047,2025-01-21 03:42:25
CASE_01725,FIR/2026/351,2026-01-26 16:48:25,CARD_FRAUD,Karnataka,Synthetic_District_46,17.032989,93.890865,3250.27,4,2.74,16,0,0.985,2026-02-20 16:48:25
CASE_01726,FIR/2025/253,2025-06-11 12:44:25,OTHER,Delhi,Synthetic_District_6,31.323885,68.699876,142656.81,7,2.98,12,2,0.394,2025-06-17 12:44:25
CASE_01727,FIR/2024/657,2024-11-09 00:17:25,CARD_FRAUD,West Bengal,Synthetic_District_26,27.850288,76.082335,183152.37,1,3.33,0,5,0.534,2024-11-10 00:17:25
CASE_01728,FIR/2025/446,2025-03-04 05:05:25,PHISHING,Maharashtra,Synthetic_District_25,16.192052,80.682552,122008.02,20,1.11,5,1,0.204,2025-03-12 05:05:25
CASE_01729,FIR/2025/294,2025-09-15 16:11:25,PHISHING,Uttar Pradesh,Synthetic_District_30,16.699451,92.650122,40817.42,17,4.55,16,0,0.9,2025-10-10 16:11:25
CASE_01730,FIR/2025/719,2025-12-16 07:47:25,INVESTMENT_SCAM,West Bengal,Synthetic_District_31,36.779606,69.234243,733842.54,6,0.3,7,1,0.679,2025-12-20 07:47:25
CASE_01731,FIR/2026/840,2026-06-05 15:24:25,UPI_FRAUD,Kerala,Synthetic_District_15,10.286962,73.791073,27088.48,5,4.07,15,4,0.379,2026-06-09 15:24:25
CASE_01732,FIR/2025/148,2025-09-08 10:02:25,INVESTMENT_SCAM,Telangana,Synthetic_District_11,31.209932,74.988096,371578.19,4,0.65,10,0,0.656,2025-09-10 10:02:25
CASE_01733,FIR/2025/262,2025-07-29 07:36:25,IMPERSONATION,Delhi,Synthetic_District_2,17.092644,85.417971,134774.92,16,3.42,7,1,0.476,2025-08-07 07:36:25
CASE_01734,FIR/2025/814,2025-10-07 15:02:25,CARD_FRAUD,Karnataka,Synthetic_District_35,27.687987,87.688436,96569.29,5,4.6,15,1,0.895,2025-10-10 15:02:25
CASE_01735,FIR/2025/942,2025-12-27 19:03:25,NET_BANKING_FRAUD,Uttar Pradesh,Synthetic_District_37,17.829796,75.072545,149433.67,9,2.16,19,5,0.793,2026-01-22 19:03:25
CASE_01736,FIR/2025/354,2025-10-31 05:53:25,OTHER,Telangana,Synthetic_District_45,30.00938,78.901881,82081.59,1,1.88,5,4,0.976,2025-11-05 05:53:25
CASE_01737,FIR/2025/232,2025-10-27 19:32:25,INVESTMENT_SCAM,Telangana,Synthetic_District_32,31.575681,94.309263,336146.52,1,1.16,19,0,0.388,2025-11-09 19:32:25
CASE_01738,FIR/2024/342,2024-11-18 03:44:25,OTHER,Karnataka,Synthetic_District_26,19.478483,80.585209,11314.92,1,1.92,3,0,0.129,2024-12-05 03:44:25
CASE_01739,FIR/2026/957,2026-07-17 19:26:25,IMPERSONATION,Karnataka,Synthetic_District_40,23.805541,71.499808,86358.03,7,2.97,19,4,0.592,2026-07-23 19:26:25
CASE_01740,FIR/2024/473,2024-11-29 16:00:25,IMPERSONATION,Delhi,Synthetic_District_2,25.640991,77.830026,6733.69,7,3.86,16,4,0.46,2024-12-11 16:00:25
CASE_01741,FIR/2026/978,2026-05-05 07:29:25,INVESTMENT_SCAM,Maharashtra,Synthetic_District_37,26.828751,73.413515,398334.69,13,0.3,7,1,0.623,2026-05-23 07:29:25
CASE_01742,FIR/2025/457,2025-12-13 17:53:25,OTHER,Gujarat,Synthetic_District_19,27.186,75.475898,193434.61,9,4.91,17,5,0.591,2025-12-18 17:53:25
CASE_01743,FIR/2024/719,2024-11-13 03:03:25,IMPERSONATION,Kerala,Synthetic_District_45,16.274085,77.551952,111810.53,17,0.54,3,2,0.557,2024-12-04 03:03:25
CASE_01744,FIR/2026/456,2026-04-26 20:30:25,INVESTMENT_SCAM,Telangana,Synthetic_District_34,14.12948,93.703136,615480.82,10,3.83,20,6,0.398,2026-05-09 20:30:25
CASE_01745,FIR/2025/252,2025-03-08 22:23:25,OTHER,Maharashtra,Synthetic_District_32,25.879399,69.517655,137479.92,14,1.96,22,5,0.235,2025-04-03 22:23:25
CASE_01746,FIR/2025/417,2025-11-21 20:36:25,NET_BANKING_FRAUD,West Bengal,Synthetic_District_28,8.884017,68.304065,168230.93,15,4.33,20,4,0.154,2025-12-05 20:36:25
CASE_01747,FIR/2025/164,2025-11-18 16:53:25,PHISHING,Telangana,Synthetic_District_33,18.589812,70.059181,71310.57,7,3.44,16,1,0.068,2025-11-26 16:53:25
CASE_01748,FIR/2026/928,2026-08-26 16:25:25,UPI_FRAUD,Maharashtra,Synthetic_District_21,20.274156,78.058969,21215.71,15,2.9,16,2,0.373,2026-09-01 16:25:25
CASE_01749,FIR/2025/434,2025-06-18 01:49:25,PHISHING,Kerala,Synthetic_District_29,24.447861,69.641818,49813.7,13,4.85,1,2,0.732,2025-06-30 01:49:25
CASE_01750,FIR/2025/578,2025-05-05 20:28:25,OTHER,Uttar Pradesh,Synthetic_District_4,17.260219,81.346815,64654.92,19,4.67,20,0,0.08,2025-05-26 20:28:25
CASE_01751,FIR/2026/861,2026-03-21 13:21:25,INVESTMENT_SCAM,Kerala,Synthetic_District_46,19.733856,74.229434,427966.65,11,2.0,13,5,0.123,2026-03-29 13:21:25
CASE_01752,FIR/2025/742,2025-04-17 03:30:25,INVESTMENT_SCAM,West Bengal,Synthetic_District_30,19.483654,95.690522,520151.35,12,3.46,3,3,0.049,2025-04-23 03:30:25
CASE_01753,FIR/2025/920,2025-06-05 16:29:25,NET_BANKING_FRAUD,Maharashtra,Synthetic_District_35,15.695417,92.810622,169665.43,4,2.86,16,3,0.164,2025-06-25 16:29:25
CASE_01754,FIR/2025/970,2025-10-03 06:16:25,PHISHING,Delhi,Synthetic_District_45,28.487578,88.259486,44185.76,7,3.95,6,4,0.133,2025-10-22 06:16:25
CASE_01755,FIR/2025/674,2025-11-18 02:01:25,UPI_FRAUD,Delhi,Synthetic_District_21,14.962119,72.752103,9383.56,13,4.68,2,1,0.896,2025-12-03 02:01:25
CASE_01756,FIR/2025/364,2025-10-20 12:40:25,INVESTMENT_SCAM,Delhi,Synthetic_District_29,21.728535,74.865956,670103.77,6,1.2,12,0,0.535,2025-10-31 12:40:25
CASE_01757,FIR/2026/286,2026-07-28 20:47:25,PHISHING,Karnataka,Synthetic_District_37,10.723701,87.973455,48421.4,1,0.42,20,1,0.617,2026-08-05 20:47:25
CASE_01758,FIR/2025/404,2025-03-28 09:02:25,CARD_FRAUD,Gujarat,Synthetic_District_43,10.047461,85.1387,28521.72,5,4.46,9,4,0.009,2025-04-19 09:02:25
CASE_01759,FIR/2026/436,2026-02-06 03:37:25,CARD_FRAUD,Kerala,Synthetic_District_45,17.920799,94.004276,172541.52,2,4.58,3,4,0.443,2026-02-20 03:37:25
CASE_01760,FIR/2026/664,2026-05-05 15:23:25,INVESTMENT_SCAM,Tamil Nadu,Synthetic_District_8,8.854179,88.782009,115968.04,13,3.96,15,1,0.985,2026-05-12 15:23:25
CASE_01761,FIR/2026/740,2026-08-19 20:56:25,OTHER,Delhi,Synthetic_District_9,22.290131,81.555743,151915.24,7,1.1,20,2,0.075,2026-09-17 20:56:25
CASE_01762,FIR/2026/405,2026-03-02 14:47:25,NET_BANKING_FRAUD,Gujarat,Synthetic_District_2,34.83988,80.845545,80960.01,7,2.84,14,0,0.052,2026-03-15 14:47:25
CASE_01763,FIR/2024/615,2024-11-04 03:24:25,CARD_FRAUD,Kerala,Synthetic_District_9,26.27506,70.459616,34723.68,2,3.24,3,0,0.791,2024-11-14 03:24:25
CASE_01764,FIR/2024/791,2024-11-22 21:42:25,NET_BANKING_FRAUD,Andhra Pradesh,Synthetic_District_31,30.663536,78.637893,54779.48,6,2.2,21,4,0.42,2024-12-04 21:42:25
CASE_01765,FIR/2026/114,2026-05-04 17:38:25,NET_BANKING_FRAUD,Karnataka,Synthetic_District_16,28.491066,73.536398,166250.89,17,3.35,17,0,0.357,2026-06-01 17:38:25
CASE_01766,FIR/2025/687,2025-11-17 01:11:25,IMPERSONATION,Gujarat,Synthetic_District_18,17.136777,82.085335,15123.78,19,1.12,1,0,0.523,2025-11-24 01:11:25
CASE_01767,FIR/2026/866,2026-05-24 15:34:25,INVESTMENT_SCAM,Uttar Pradesh,Synthetic_District_35,28.533956,92.421293,695421.58,20,3.97,15,6,0.258,2026-06-23 15:34:25
CASE_01768,FIR/2026/735,2026-09-23 09:12:25,UPI_FRAUD,Telangana,Synthetic_District_21,8.411975,76.180774,29504.94,7,0.8,9,2,0.417,2026-10-21 09:12:25
CASE_01769,FIR/2025/327,2025-12-20 01:58:25,PHISHING,Uttar Pradesh,Synthetic_District_17,33.902461,70.941449,27225.83,4,0.87,1,5,0.548,2026-01-12 01:58:25
CASE_01770,FIR/2026/206,2026-03-30 12:49:25,IMPERSONATION,Telangana,Synthetic_District_40,16.361183,95.050783,173537.76,8,1.33,12,0,0.004,2026-04-02 12:49:25
CASE_01771,FIR/2025/996,2025-04-04 14:13:25,NET_BANKING_FRAUD,Delhi,Synthetic_District_9,34.378953,91.681992,148521.19,17,3.55,14,4,0.304,2025-04-20 14:13:25
CASE_01772,FIR/2025/507,2025-08-02 22:37:25,IMPERSONATION,Gujarat,Synthetic_District_48,22.616456,82.25916,33161.47,17,3.89,22,5,0.526,2025-09-01 22:37:25
CASE_01773,FIR/2025/764,2025-02-07 23:13:25,INVESTMENT_SCAM,Gujarat,Synthetic_District_4,17.565006,83.853011,660812.02,10,0.43,23,4,0.522,2025-02-20 23:13:25
CASE_01774,FIR/2026/361,2026-09-13 19:31:25,PHISHING,Uttar Pradesh,Synthetic_District_42,18.732259,76.872473,139883.67,19,3.04,19,6,0.972,2026-09-22 19:31:25
CASE_01775,FIR/2025/538,2025-11-03 17:33:25,IMPERSONATION,Gujarat,Synthetic_District_40,15.810846,90.476287,65588.89,13,1.04,17,0,0.678,2025-11-11 17:33:25
CASE_01776,FIR/2024/504,2024-10-03 12:39:25,NET_BANKING_FRAUD,Maharashtra,Synthetic_District_4,32.34291,69.721265,31678.89,5,2.14,12,3,0.384,2024-10-08 12:39:25
CASE_01777,FIR/2024/426,2024-10-06 20:11:25,CARD_FRAUD,Gujarat,Synthetic_District_44,22.690455,95.581414,71909.4,11,2.55,20,6,0.927,2024-10-19 20:11:25
CASE_01778,FIR/2025/605,2025-08-26 03:33:25,OTHER,Telangana,Synthetic_District_7,36.744743,72.992289,72336.31,16,2.21,3,1,0.006,2025-08-28 03:33:25
CASE_01779,FIR/2025/928,2025-10-30 09:13:25,CARD_FRAUD,Andhra Pradesh,Synthetic_District_34,32.819247,76.443934,104682.88,2,1.85,9,3,0.415,2025-11-11 09:13:25
CASE_01780,FIR/2025/362,2025-06-18 02:51:25,PHISHING,Kerala,Synthetic_District_17,9.992622,82.856473,35849.89,20,2.41,2,2,0.296,2025-06-23 02:51:25
CASE_01781,FIR/2025/536,2025-04-23 23:18:25,NET_BANKING_FRAUD,Karnataka,Synthetic_District_33,30.490414,92.258425,182517.72,16,4.35,23,2,0.73,2025-05-08 23:18:25
CASE_01782,FIR/2024/737,2024-10-20 00:11:25,PHISHING,Kerala,Synthetic_District_18,12.462604,74.152662,10070.79,14,0.4,0,6,0.045,2024-11-12 00:11:25
CASE_01783,FIR/2025/647,2025-09-05 15:48:25,INVESTMENT_SCAM,Tamil Nadu,Synthetic_District_2,36.510459,90.528913,630890.35,9,3.76,15,4,0.213,2025-09-27 15:48:25
CASE_01784,FIR/2026/167,2026-05-14 17:22:25,OTHER,Uttar Pradesh,Synthetic_District_31,25.294923,93.172191,87218.41,19,4.4,17,3,0.135,2026-05-23 17:22:25
CASE_01785,FIR/2025/471,2025-09-08 21:20:25,CARD_FRAUD,Andhra Pradesh,Synthetic_District_40,15.838752,68.382293,22793.66,11,4.58,21,0,0.464,2025-09-20 21:20:25
CASE_01786,FIR/2025/114,2025-10-21 15:16:25,CARD_FRAUD,Uttar Pradesh,Synthetic_District_21,22.449695,86.53559,197583.57,8,2.91,15,1,0.677,2025-11-19 15:16:25
CASE_01787,FIR/2025/146,2025-09-09 11:38:25,IMPERSONATION,Delhi,Synthetic_District_43,36.49514,68.031603,152492.4,20,1.33,11,1,0.147,2025-10-07 11:38:25
CASE_01788,FIR/2024/714,2024-11-13 23:50:25,CARD_FRAUD,Delhi,Synthetic_District_22,23.096951,85.705201,182358.17,1,2.4,23,2,0.844,2024-11-18 23:50:25
CASE_01789,FIR/2024/780,2024-11-09 23:51:25,INVESTMENT_SCAM,Gujarat,Synthetic_District_31,16.28538,80.666805,756896.69,12,3.09,23,5,0.956,2024-11-13 23:51:25
CASE_01790,FIR/2026/855,2026-08-03 01:49:25,INVESTMENT_SCAM,Kerala,Synthetic_District_44,23.157744,72.61004,904386.35,1,2.55,1,0,0.755,2026-08-08 01:49:25
CASE_01791,FIR/2026/505,2026-06-12 03:35:25,IMPERSONATION,West Bengal,Synthetic_District_18,11.074615,80.188254,104479.94,8,3.27,3,4,0.22,2026-07-11 03:35:25
CASE_01792,FIR/2025/661,2025-12-12 17:32:25,IMPERSONATION,Andhra Pradesh,Synthetic_District_46,26.058607,76.118576,72758.31,15,2.16,17,4,0.481,2026-01-11 17:32:25
CASE_01793,FIR/2026/297,2026-03-11 22:51:25,OTHER,Karnataka,Synthetic_District_25,19.682799,92.459307,196455.84,7,3.32,22,2,0.642,2026-04-02 22:51:25
CASE_01794,FIR/2024/917,2024-12-27 03:50:25,OTHER,Maharashtra,Synthetic_District_30,23.685589,72.33786,106396.58,5,4.44,3,4,0.823,2025-01-23 03:50:25
CASE_01795,FIR/2025/707,2025-09-13 11:04:25,NET_BANKING_FRAUD,Karnataka,Synthetic_District_27,34.907681,74.83143,124948.65,15,3.65,11,5,0.22,2025-09-29 11:04:25
CASE_01796,FIR/2025/127,2025-01-29 07:24:25,INVESTMENT_SCAM,Delhi,Synthetic_District_11,14.611971,87.69998,948547.83,19,0.38,7,2,0.708,2025-02-24 07:24:25
CASE_01797,FIR/2025/831,2025-12-12 03:37:25,CARD_FRAUD,West Bengal,Synthetic_District_41,26.495105,69.613236,174711.3,18,1.47,3,4,0.466,2025-12-27 03:37:25
CASE_01798,FIR/2026/910,2026-05-17 03:30:25,CARD_FRAUD,Gujarat,Synthetic_District_27,22.395588,77.102362,15049.66,19,2.67,3,6,0.989,2026-06-15 03:30:25
CASE_01799,FIR/2026/563,2026-04-10 10:24:25,IMPERSONATION,Tamil Nadu,Synthetic_District_30,22.911462,78.229529,8918.52,3,1.67,10,4,0.603,2026-04-28 10:24:25
CASE_01800,FIR/2026/880,2026-05-17 02:08:25,INVESTMENT_SCAM,Andhra Pradesh,Synthetic_District_11,19.744624,83.947915,988187.9,17,1.39,2,6,0.512,2026-05-31 02:08:25
CASE_01801,FIR/2025/117,2025-04-28 08:46:25,OTHER,Gujarat,Synthetic_District_26,10.298933,74.896064,31955.37,13,3.44,8,0,0.18,2025-05-28 08:46:25
CASE_01802,FIR/2026/441,2026-07-08 14:23:25,UPI_FRAUD,Maharashtra,Synthetic_District_36,33.476325,83.857861,31638.54,5,4.65,14,2,0.647,2026-07-26 14:23:25
CASE_01803,FIR/2026/880,2026-03-19 13:09:25,OTHER,Maharashtra,Synthetic_District_33,30.243466,91.648901,131476.99,1,3.28,13,3,0.488,2026-04-18 13:09:25
CASE_01804,FIR/2025/710,2025-11-15 05:30:25,OTHER,Karnataka,Synthetic_District_8,9.365184,84.997955,170112.14,8,2.46,5,5,0.147,2025-12-03 05:30:25
CASE_01805,FIR/2025/329,2025-02-24 05:20:25,INVESTMENT_SCAM,Kerala,Synthetic_District_46,22.830046,94.961211,898792.29,14,3.34,5,0,0.607,2025-03-11 05:20:25
CASE_01806,FIR/2024/602,2024-11-16 00:30:25,CARD_FRAUD,Telangana,Synthetic_District_30,22.819942,79.999205,9803.51,17,3.94,0,5,0.865,2024-11-23 00:30:25
CASE_01807,FIR/2025/598,2025-09-11 04:29:25,NET_BANKING_FRAUD,Gujarat,Synthetic_District_16,29.452317,90.212323,3640.67,7,0.59,4,3,0.329,2025-10-02 04:29:25
CASE_01808,FIR/2024/792,2024-11-12 14:39:25,OTHER,Karnataka,Synthetic_District_23,11.682373,70.71481,64340.06,16,3.13,14,1,0.676,2024-12-06 14:39:25
CASE_01809,FIR/2025/369,2025-05-15 09:02:25,IMPERSONATION,Karnataka,Synthetic_District_20,18.66169,82.763924,164611.43,7,0.61,9,3,0.076,2025-05-18 09:02:25
CASE_01810,FIR/2025/204,2025-08-11 07:48:25,IMPERSONATION,Delhi,Synthetic_District_15,36.35553,91.005085,184029.5,2,1.07,7,0,0.536,2025-08-26 07:48:25
CASE_01811,FIR/2025/895,2025-01-24 03:25:25,OTHER,West Bengal,Synthetic_District_39,10.164786,69.08676,79315.25,15,4.4,3,4,0.45,2025-02-08 03:25:25
CASE_01812,FIR/2026/409,2026-04-02 18:40:25,PHISHING,Kerala,Synthetic_District_23,20.364199,76.465753,47192.03,14,4.88,18,3,0.575,2026-04-12 18:40:25
CASE_01813,FIR/2024/976,2024-10-25 00:37:25,OTHER,Andhra Pradesh,Synthetic_District_20,31.617702,69.925416,85228.43,7,4.69,0,4,0.613,2024-11-10 00:37:25
CASE_01814,FIR/2025/221,2025-05-11 08:17:25,IMPERSONATION,Telangana,Synthetic_District_38,35.402195,78.615493,42454.21,6,3.05,8,6,0.703,2025-05-16 08:17:25
CASE_01815,FIR/2026/672,2026-08-09 06:59:25,UPI_FRAUD,Tamil Nadu,Synthetic_District_46,9.09463,84.383111,25501.29,3,1.72,6,6,0.368,2026-09-01 06:59:25
CASE_01816,FIR/2026/332,2026-08-08 02:26:25,PHISHING,Tamil Nadu,Synthetic_District_12,16.702491,78.901543,199190.02,12,0.44,2,5,0.347,2026-09-01 02:26:25
CASE_01817,FIR/2025/498,2025-06-17 10:00:25,INVESTMENT_SCAM,Karnataka,Synthetic_District_30,34.401079,76.696842,461217.42,13,4.25,10,1,0.709,2025-06-30 10:00:25
CASE_01818,FIR/2025/686,2025-03-29 15:52:25,CARD_FRAUD,Telangana,Synthetic_District_35,16.219628,70.387601,148859.08,16,1.41,15,5,0.932,2025-04-28 15:52:25
CASE_01819,FIR/2026/444,2026-06-15 20:12:25,UPI_FRAUD,Karnataka,Synthetic_District_11,34.029236,70.230755,22153.48,4,2.08,20,0,0.552,2026-07-06 20:12:25
CASE_01820,FIR/2025/957,2025-07-19 19:59:25,OTHER,Kerala,Synthetic_District_43,21.905869,88.272464,152878.43,2,3.56,19,5,0.255,2025-08-06 19:59:25
CASE_01821,FIR/2025/126,2025-04-26 15:16:25,OTHER,Delhi,Synthetic_District_38,31.500582,92.923429,90499.95,18,2.08,15,5,0.664,2025-05-04 15:16:25
CASE_01822,FIR/2025/973,2025-04-23 17:36:25,PHISHING,Telangana,Synthetic_District_48,8.857534,89.054261,85525.72,19,1.98,17,2,0.819,2025-04-27 17:36:25
CASE_01823,FIR/2026/226,2026-04-23 23:11:25,NET_BANKING_FRAUD,Uttar Pradesh,Synthetic_District_48,18.949064,80.049148,91031.56,14,4.77,23,3,0.001,2026-05-04 23:11:25
CASE_01824,FIR/2025/132,2025-11-07 00:02:25,PHISHING,Delhi,Synthetic_District_9,11.875546,88.269503,162450.24,8,1.42,0,4,0.588,2025-11-09 00:02:25
CASE_01825,FIR/2024/667,2024-12-12 23:31:25,NET_BANKING_FRAUD,Tamil Nadu,Synthetic_District_27,22.158442,85.898712,194417.91,1,0.56,23,3,0.864,2025-01-01 23:31:25
CASE_01826,FIR/2024/933,2024-12-12 02:54:25,IMPERSONATION,Andhra Pradesh,Synthetic_District_8,15.956087,68.780152,61581.39,6,1.14,2,3,0.777,2024-12-24 02:54:25
CASE_01827,FIR/2024/469,2024-12-03 07:04:25,OTHER,Andhra Pradesh,Synthetic_District_20,12.063262,91.461114,79695.13,2,0.64,7,1,0.384,2024-12-19 07:04:25
CASE_01828,FIR/2025/901,2025-02-08 04:58:25,UPI_FRAUD,Telangana,Synthetic_District_48,34.233281,79.060373,28423.82,20,3.21,4,5,0.356,2025-03-05 04:58:25
CASE_01829,FIR/2025/484,2025-03-10 12:56:25,NET_BANKING_FRAUD,Kerala,Synthetic_District_6,16.660286,69.304455,137376.51,7,4.64,12,0,0.969,2025-04-09 12:56:25
CASE_01830,FIR/2026/442,2026-04-13 02:45:25,PHISHING,Telangana,Synthetic_District_5,29.129613,96.384322,148847.27,9,3.92,2,0,0.925,2026-04-22 02:45:25
CASE_01831,FIR/2026/648,2026-04-15 05:15:25,PHISHING,Tamil Nadu,Synthetic_District_37,8.023015,81.595838,36933.02,8,4.79,5,2,0.066,2026-05-15 05:15:25
CASE_01832,FIR/2025/185,2025-10-04 01:09:25,IMPERSONATION,Telangana,Synthetic_District_44,21.98385,84.82753,148048.49,7,0.83,1,5,0.093,2025-10-13 01:09:25
CASE_01833,FIR/2026/703,2026-09-13 11:14:25,INVESTMENT_SCAM,Telangana,Synthetic_District_14,9.842302,93.370609,541205.69,1,1.52,11,6,0.583,2026-09-23 11:14:25
CASE_01834,FIR/2025/197,2025-06-06 07:16:25,IMPERSONATION,West Bengal,Synthetic_District_13,9.501258,83.321758,87653.9,12,2.56,7,4,0.06,2025-06-30 07:16:25
CASE_01835,FIR/2026/311,2026-09-13 10:15:25,PHISHING,Uttar Pradesh,Synthetic_District_6,17.412602,95.211243,18069.05,9,1.22,10,6,0.481,2026-09-27 10:15:25
CASE_01836,FIR/2025/917,2025-03-23 12:51:25,OTHER,West Bengal,Synthetic_District_5,23.914987,70.822216,3941.65,20,3.39,12,6,0.631,2025-04-03 12:51:25
CASE_01837,FIR/2025/959,2025-12-07 01:53:25,CARD_FRAUD,Karnataka,Synthetic_District_27,26.62713,86.899237,152436.23,1,0.8,1,6,0.428,2025-12-26 01:53:25
CASE_01838,FIR/2026/481,2026-08-02 23:00:25,OTHER,Kerala,Synthetic_District_12,28.495134,73.689102,144575.72,13,0.26,23,6,0.185,2026-08-04 23:00:25
CASE_01839,FIR/2025/762,2025-04-07 09:12:25,OTHER,Telangana,Synthetic_District_45,8.54714,77.466787,67712.89,5,0.92,9,0,0.741,2025-04-11 09:12:25
CASE_01840,FIR/2025/137,2025-07-22 20:46:25,NET_BANKING_FRAUD,Maharashtra,Synthetic_District_21,10.186248,77.272997,82362.67,19,2.88,20,1,0.019,2025-08-19 20:46:25
CASE_01841,FIR/2025/857,2025-11-15 06:42:25,PHISHING,West Bengal,Synthetic_District_10,11.733025,92.733536,41955.53,9,0.28,6,5,0.991,2025-11-23 06:42:25
CASE_01842,FIR/2026/481,2026-05-23 20:56:25,IMPERSONATION,Andhra Pradesh,Synthetic_District_9,26.995436,70.772568,36044.05,20,3.81,20,5,0.85,2026-05-27 20:56:25
CASE_01843,FIR/2025/689,2025-04-30 01:19:25,CARD_FRAUD,Maharashtra,Synthetic_District_13,14.606923,73.05497,42606.11,6,2.63,1,2,0.955,2025-05-04 01:19:25
CASE_01844,FIR/2025/443,2025-05-06 22:00:25,IMPERSONATION,Andhra Pradesh,Synthetic_District_44,16.215939,71.660972,119943.27,10,1.01,22,1,0.4,2025-05-31 22:00:25
CASE_01845,FIR/2025/277,2025-08-01 12:13:25,NET_BANKING_FRAUD,Kerala,Synthetic_District_38,22.847966,80.452564,158817.2,9,0.95,12,4,0.055,2025-08-27 12:13:25
CASE_01846,FIR/2026/751,2026-05-20 04:00:25,NET_BANKING_FRAUD,Gujarat,Synthetic_District_41,34.242411,91.807398,150320.49,9,3.34,4,2,0.55,2026-06-10 04:00:25
CASE_01847,FIR/2025/464,2025-10-03 22:24:25,NET_BANKING_FRAUD,Andhra Pradesh,Synthetic_District_50,10.67134,87.962378,166245.12,13,4.91,22,4,0.404,2025-10-30 22:24:25
CASE_01848,FIR/2025/882,2025-09-05 11:39:25,UPI_FRAUD,Andhra Pradesh,Synthetic_District_11,18.722226,75.14236,13448.8,17,0.4,11,4,0.916,2025-09-19 11:39:25
CASE_01849,FIR/2025/478,2025-08-02 20:02:25,NET_BANKING_FRAUD,Tamil Nadu,Synthetic_District_16,19.725274,84.866542,156768.5,12,0.88,20,5,0.878,2025-08-27 20:02:25
CASE_01850,FIR/2025/338,2025-07-04 05:12:25,IMPERSONATION,Telangana,Synthetic_District_14,24.274597,88.263521,64238.37,14,0.72,5,4,0.634,2025-07-29 05:12:25
CASE_01851,FIR/2026/257,2026-05-13 10:41:25,CARD_FRAUD,Kerala,Synthetic_District_13,33.445462,88.505149,149839.6,13,2.52,10,2,0.592,2026-05-23 10:41:25
CASE_01852,FIR/2025/568,2025-01-13 03:15:25,UPI_FRAUD,Andhra Pradesh,Synthetic_District_13,29.603453,83.864516,7917.05,8,1.69,3,0,0.213,2025-02-04 03:15:25
CASE_01853,FIR/2025/539,2025-07-20 06:20:25,CARD_FRAUD,Tamil Nadu,Synthetic_District_43,24.754783,79.975805,100542.05,4,2.03,6,6,0.538,2025-07-30 06:20:25
CASE_01854,FIR/2026/723,2026-05-02 08:22:25,IMPERSONATION,West Bengal,Synthetic_District_43,10.237755,70.789264,48036.48,8,3.4,8,5,0.5,2026-05-06 08:22:25
CASE_01855,FIR/2025/190,2025-11-07 09:26:25,PHISHING,Karnataka,Synthetic_District_16,8.670521,91.385689,139233.0,16,0.74,9,4,0.059,2025-11-30 09:26:25
CASE_01856,FIR/2025/533,2025-03-18 16:51:25,CARD_FRAUD,Gujarat,Synthetic_District_36,34.211243,68.553871,107724.79,5,1.99,16,1,0.275,2025-03-25 16:51:25
CASE_01857,FIR/2025/301,2025-01-27 20:52:25,CARD_FRAUD,Uttar Pradesh,Synthetic_District_50,16.637656,90.424566,80248.15,13,1.0,20,0,0.642,2025-02-23 20:52:25
CASE_01858,FIR/2025/497,2025-02-24 16:22:25,OTHER,Kerala,Synthetic_District_23,29.768926,73.94833,126934.1,7,3.03,16,0,0.46,2025-03-20 16:22:25
CASE_01859,FIR/2026/504,2026-05-22 11:25:25,CARD_FRAUD,Uttar Pradesh,Synthetic_District_17,22.663186,87.28337,3258.28,4,0.99,11,4,0.414,2026-06-21 11:25:25
CASE_01860,FIR/2025/735,2025-10-27 15:03:25,INVESTMENT_SCAM,Andhra Pradesh,Synthetic_District_29,36.69766,68.74167,487156.36,18,1.2,15,0,0.329,2025-11-16 15:03:25
CASE_01861,FIR/2025/458,2025-01-20 17:51:25,NET_BANKING_FRAUD,Uttar Pradesh,Synthetic_District_2,11.294069,90.506049,22379.8,8,2.88,17,0,0.272,2025-02-08 17:51:25
CASE_01862,FIR/2024/378,2024-11-02 18:57:25,PHISHING,Tamil Nadu,Synthetic_District_31,34.611614,80.1586,47093.14,16,3.32,18,5,0.205,2024-11-24 18:57:25
CASE_01863,FIR/2025/945,2025-07-07 10:35:25,UPI_FRAUD,Uttar Pradesh,Synthetic_District_35,31.117131,75.693764,14144.2,2,4.78,10,0,0.865,2025-07-23 10:35:25
CASE_01864,FIR/2026/657,2026-06-05 22:47:25,UPI_FRAUD,Maharashtra,Synthetic_District_7,19.613244,96.284268,49699.38,19,3.31,22,4,0.59,2026-06-27 22:47:25
CASE_01865,FIR/2024/265,2024-12-23 16:48:25,OTHER,Karnataka,Synthetic_District_10,23.359468,92.093017,62998.55,14,4.28,16,0,0.926,2025-01-05 16:48:25
CASE_01866,FIR/2026/716,2026-04-09 18:32:25,UPI_FRAUD,Karnataka,Synthetic_District_16,16.467364,71.537823,43820.93,7,1.36,18,3,0.895,2026-05-09 18:32:25
CASE_01867,FIR/2025/161,2025-09-02 02:20:25,CARD_FRAUD,Tamil Nadu,Synthetic_District_21,13.726971,80.338546,177742.88,16,2.87,2,1,0.671,2025-09-18 02:20:25
CASE_01868,FIR/2026/181,2026-05-27 19:58:25,INVESTMENT_SCAM,Telangana,Synthetic_District_31,10.867579,88.354813,413049.7,3,3.97,19,2,0.116,2026-06-25 19:58:25
CASE_01869,FIR/2025/967,2025-02-15 14:51:25,INVESTMENT_SCAM,Karnataka,Synthetic_District_9,16.800198,81.453983,697752.91,1,0.89,14,5,0.933,2025-03-05 14:51:25
CASE_01870,FIR/2026/960,2026-07-31 19:03:25,UPI_FRAUD,West Bengal,Synthetic_District_30,32.681447,76.673145,6049.63,5,4.55,19,4,0.934,2026-08-03 19:03:25
CASE_01871,FIR/2026/477,2026-06-13 23:12:25,NET_BANKING_FRAUD,Gujarat,Synthetic_District_25,16.542357,80.432395,169977.5,20,0.45,23,5,0.554,2026-06-16 23:12:25
CASE_01872,FIR/2024/213,2024-11-07 13:16:25,CARD_FRAUD,Andhra Pradesh,Synthetic_District_8,30.691265,96.963919,123318.57,6,1.32,13,3,0.152,2024-11-19 13:16:25
CASE_01873,FIR/2025/443,2025-07-16 17:49:25,IMPERSONATION,Tamil Nadu,Synthetic_District_22,9.490576,85.307547,48256.25,14,4.83,17,2,0.186,2025-07-19 17:49:25
CASE_01874,FIR/2025/271,2025-11-20 10:01:25,OTHER,Telangana,Synthetic_District_12,29.972138,82.408595,69534.4,10,4.48,10,3,0.002,2025-12-11 10:01:25
CASE_01875,FIR/2025/824,2025-10-07 02:16:25,IMPERSONATION,Gujarat,Synthetic_District_38,23.741301,88.438813,161936.49,9,2.65,2,1,0.915,2025-10-19 02:16:25
CASE_01876,FIR/2025/712,2025-12-10 05:23:25,CARD_FRAUD,Tamil Nadu,Synthetic_District_4,8.88814,71.07304,101830.03,11,2.22,5,2,0.348,2026-01-01 05:23:25
CASE_01877,FIR/2025/403,2025-11-14 23:08:25,CARD_FRAUD,Delhi,Synthetic_District_12,20.99939,89.007918,155881.09,15,0.86,23,4,0.404,2025-12-09 23:08:25
CASE_01878,FIR/2026/491,2026-07-31 04:10:25,CARD_FRAUD,Karnataka,Synthetic_District_31,8.654105,69.242169,6152.18,10,4.31,4,4,0.654,2026-08-09 04:10:25
CASE_01879,FIR/2025/763,2025-01-20 23:45:25,OTHER,Andhra Pradesh,Synthetic_District_12,15.559633,90.836145,76236.54,17,2.28,23,0,0.808,2025-02-18 23:45:25
CASE_01880,FIR/2024/654,2024-10-04 17:25:25,OTHER,Uttar Pradesh,Synthetic_District_4,27.497159,96.659988,82958.16,4,2.48,17,4,0.536,2024-10-05 17:25:25
CASE_01881,FIR/2026/213,2026-01-26 05:55:25,PHISHING,Maharashtra,Synthetic_District_23,33.235267,87.128427,100798.94,5,1.22,5,0,0.552,2026-02-01 05:55:25
CASE_01882,FIR/2025/384,2025-03-28 09:54:25,CARD_FRAUD,Gujarat,Synthetic_District_21,33.123518,83.254256,3621.02,12,5.0,9,4,0.591,2025-04-07 09:54:25
CASE_01883,FIR/2024/869,2024-10-31 17:02:25,UPI_FRAUD,West Bengal,Synthetic_District_18,21.118763,91.273479,2046.78,8,1.93,17,3,0.782,2024-11-23 17:02:25
CASE_01884,FIR/2025/973,2025-01-26 00:07:25,IMPERSONATION,Telangana,Synthetic_District_13,17.241848,90.613292,6910.55,15,4.65,0,6,0.165,2025-02-16 00:07:25
CASE_01885,FIR/2026/547,2026-03-27 10:53:25,OTHER,Kerala,Synthetic_District_8,26.547141,95.144239,2523.5,12,4.79,10,4,0.557,2026-03-29 10:53:25
CASE_01886,FIR/2026/653,2026-06-05 07:18:25,PHISHING,Karnataka,Synthetic_District_5,8.688159,76.702956,6812.92,20,1.51,7,4,0.867,2026-06-16 07:18:25
CASE_01887,FIR/2025/877,2025-06-05 01:49:25,INVESTMENT_SCAM,Delhi,Synthetic_District_49,22.805619,94.285314,366270.52,9,1.51,1,3,0.556,2025-07-01 01:49:25
CASE_01888,FIR/2026/137,2026-01-08 02:31:25,IMPERSONATION,Delhi,Synthetic_District_6,26.605223,87.549906,26649.67,20,1.19,2,3,0.386,2026-02-02 02:31:25
CASE_01889,FIR/2025/125,2025-09-17 08:43:25,INVESTMENT_SCAM,Tamil Nadu,Synthetic_District_30,24.191023,90.420158,660351.64,5,0.58,8,2,0.824,2025-10-07 08:43:25
CASE_01890,FIR/2025/512,2025-12-29 01:44:25,PHISHING,Uttar Pradesh,Synthetic_District_37,8.398483,91.615315,164581.84,18,1.68,1,0,0.344,2026-01-14 01:44:25
CASE_01891,FIR/2025/121,2025-10-16 11:21:25,CARD_FRAUD,West Bengal,Synthetic_District_49,16.069463,84.701464,139876.68,1,4.19,11,3,0.603,2025-10-30 11:21:25
CASE_01892,FIR/2026/256,2026-05-03 12:48:25,IMPERSONATION,West Bengal,Synthetic_District_39,31.229076,80.445374,60309.43,13,0.43,12,6,0.048,2026-05-14 12:48:25
CASE_01893,FIR/2025/379,2025-12-04 07:00:25,PHISHING,Telangana,Synthetic_District_29,33.916717,70.406836,91017.07,11,0.81,7,3,0.414,2026-01-03 07:00:25
CASE_01894,FIR/2025/701,2025-05-16 06:27:25,INVESTMENT_SCAM,West Bengal,Synthetic_District_4,12.060389,74.378608,115656.51,1,2.61,6,4,0.194,2025-06-09 06:27:25
CASE_01895,FIR/2025/969,2025-11-12 12:24:25,PHISHING,Andhra Pradesh,Synthetic_District_19,15.811244,81.335127,128389.4,16,4.31,12,2,0.18,2025-12-08 12:24:25
CASE_01896,FIR/2024/861,2024-10-09 10:03:25,IMPERSONATION,Delhi,Synthetic_District_17,13.049158,76.742964,37652.95,1,3.86,10,2,0.274,2024-10-24 10:03:25
CASE_01897,FIR/2026/450,2026-09-25 21:04:25,UPI_FRAUD,Tamil Nadu,Synthetic_District_26,25.410225,77.501217,36035.3,11,1.65,21,4,0.282,2026-10-14 21:04:25
CASE_01898,FIR/2024/928,2024-10-29 04:56:25,OTHER,Andhra Pradesh,Synthetic_District_1,12.702394,72.771724,100298.52,15,0.4,4,1,0.997,2024-11-05 04:56:25
CASE_01899,FIR/2025/791,2025-05-14 13:54:25,INVESTMENT_SCAM,Uttar Pradesh,Synthetic_District_19,18.406254,94.996607,805086.81,3,1.68,13,2,0.538,2025-06-09 13:54:25
CASE_01900,FIR/2025/120,2025-02-19 09:09:25,PHISHING,Delhi,Synthetic_District_39,20.617417,73.330809,10171.94,20,3.04,9,2,0.443,2025-02-23 09:09:25
CASE_01901,FIR/2026/234,2026-02-09 01:55:25,INVESTMENT_SCAM,Karnataka,Synthetic_District_20,10.523373,81.456311,181892.83,6,4.54,1,0,0.359,2026-02-17 01:55:25
CASE_01902,FIR/2026/314,2026-05-26 22:42:25,NET_BANKING_FRAUD,Gujarat,Synthetic_District_1,19.490237,96.599872,77107.5,12,3.78,22,1,0.971,2026-05-30 22:42:25
CASE_01903,FIR/2025/644,2025-05-24 10:55:25,INVESTMENT_SCAM,Telangana,Synthetic_District_1,13.36345,69.307415,92899.8,4,3.39,10,5,0.049,2025-06-12 10:55:25
CASE_01904,FIR/2025/331,2025-06-02 13:00:25,PHISHING,Gujarat,Synthetic_District_39,22.129193,85.507382,75360.69,1,0.38,13,0,0.022,2025-06-25 13:00:25
CASE_01905,FIR/2026/249,2026-05-18 13:06:25,NET_BANKING_FRAUD,Delhi,Synthetic_District_22,18.920615,88.820307,20790.55,9,3.53,13,0,0.064,2026-06-11 13:06:25
CASE_01906,FIR/2025/560,2025-10-12 04:23:25,CARD_FRAUD,Uttar Pradesh,Synthetic_District_40,31.544969,72.136169,1489.02,1,1.5,4,6,0.78,2025-11-05 04:23:25
CASE_01907,FIR/2025/494,2025-05-09 21:32:25,PHISHING,Gujarat,Synthetic_District_30,34.565422,83.499764,17485.91,3,1.5,21,4,0.377,2025-05-24 21:32:25
CASE_01908,FIR/2025/221,2025-07-21 00:13:25,UPI_FRAUD,Uttar Pradesh,Synthetic_District_19,35.404446,78.229569,39140.33,20,3.53,0,0,0.104,2025-07-24 00:13:25
CASE_01909,FIR/2026/828,2026-08-17 07:16:25,NET_BANKING_FRAUD,Andhra Pradesh,Synthetic_District_22,9.693986,73.127059,193870.1,16,3.28,7,0,0.76,2026-08-20 07:16:25
CASE_01910,FIR/2025/188,2025-02-04 17:35:25,INVESTMENT_SCAM,Telangana,Synthetic_District_31,23.875759,79.796604,202114.93,3,4.01,17,1,0.625,2025-02-09 17:35:25
CASE_01911,FIR/2025/589,2025-02-11 23:49:25,IMPERSONATION,West Bengal,Synthetic_District_44,34.893466,68.697172,23661.56,16,3.2,23,1,0.204,2025-02-19 23:49:25
CASE_01912,FIR/2025/652,2025-02-14 20:57:25,IMPERSONATION,Telangana,Synthetic_District_38,12.504058,93.201136,97772.58,13,4.11,20,4,0.517,2025-02-24 20:57:25
CASE_01913,FIR/2026/609,2026-07-24 09:08:25,NET_BANKING_FRAUD,Maharashtra,Synthetic_District_6,16.295943,72.414435,44913.38,10,1.04,9,4,0.04,2026-08-17 09:08:25
CASE_01914,FIR/2025/351,2025-06-07 07:38:25,CARD_FRAUD,Uttar Pradesh,Synthetic_District_49,23.598346,94.328052,154808.92,5,4.38,7,5,0.703,2025-06-10 07:38:25
CASE_01915,FIR/2025/774,2025-04-29 21:01:25,NET_BANKING_FRAUD,West Bengal,Synthetic_District_25,19.019693,74.052062,69571.34,16,3.8,21,1,0.535,2025-05-08 21:01:25
CASE_01916,FIR/2025/799,2025-01-13 08:27:25,INVESTMENT_SCAM,Gujarat,Synthetic_District_27,17.932457,70.075772,241620.17,11,4.49,8,0,0.919,2025-01-18 08:27:25
CASE_01917,FIR/2024/991,2024-11-10 19:51:25,OTHER,Karnataka,Synthetic_District_25,31.311025,72.746357,55683.39,14,2.03,19,6,0.184,2024-11-25 19:51:25
CASE_01918,FIR/2025/287,2025-05-13 03:49:25,OTHER,Kerala,Synthetic_District_21,35.348947,74.397614,29755.48,8,2.5,3,1,0.834,2025-06-04 03:49:25
CASE_01919,FIR/2025/580,2025-11-05 03:44:25,OTHER,Andhra Pradesh,Synthetic_District_17,23.339111,82.827969,77794.67,19,2.19,3,2,0.165,2025-12-02 03:44:25
CASE_01920,FIR/2026/122,2026-05-14 02:30:25,CARD_FRAUD,Kerala,Synthetic_District_27,26.138754,77.132141,166261.73,14,2.94,2,3,0.971,2026-05-28 02:30:25
CASE_01921,FIR/2025/246,2025-08-30 05:19:25,CARD_FRAUD,Karnataka,Synthetic_District_27,30.211554,89.770121,171890.91,14,3.58,5,5,0.179,2025-09-07 05:19:25
CASE_01922,FIR/2025/896,2025-08-23 14:46:25,INVESTMENT_SCAM,Tamil Nadu,Synthetic_District_17,27.85963,75.809436,468807.18,5,0.46,14,5,0.576,2025-09-02 14:46:25
CASE_01923,FIR/2025/906,2025-12-21 14:08:25,UPI_FRAUD,Tamil Nadu,Synthetic_District_19,33.896408,81.382603,9383.72,1,1.51,14,6,0.345,2026-01-06 14:08:25
CASE_01924,FIR/2026/984,2026-05-03 07:39:25,PHISHING,West Bengal,Synthetic_District_19,28.24532,69.506247,75342.48,1,1.1,7,6,0.65,2026-05-20 07:39:25
CASE_01925,FIR/2025/961,2025-02-13 19:03:25,NET_BANKING_FRAUD,Delhi,Synthetic_District_50,15.047449,80.896514,111544.61,5,3.5,19,3,0.926,2025-03-08 19:03:25
CASE_01926,FIR/2026/504,2026-09-20 01:05:25,UPI_FRAUD,Gujarat,Synthetic_District_26,30.212182,80.912744,35916.61,13,1.07,1,6,0.63,2026-10-12 01:05:25
CASE_01927,FIR/2025/168,2025-02-20 09:12:25,PHISHING,Delhi,Synthetic_District_10,8.784932,95.525302,1864.51,2,4.47,9,3,0.72,2025-03-09 09:12:25
CASE_01928,FIR/2025/936,2025-07-26 09:43:25,CARD_FRAUD,Kerala,Synthetic_District_50,35.976,83.750974,26173.54,7,4.96,9,5,0.213,2025-08-23 09:43:25
CASE_01929,FIR/2026/908,2026-01-05 14:21:25,NET_BANKING_FRAUD,West Bengal,Synthetic_District_11,35.216639,88.048797,5565.25,20,2.09,14,0,0.724,2026-01-26 14:21:25
CASE_01930,FIR/2024/443,2024-12-26 14:58:25,NET_BANKING_FRAUD,Kerala,Synthetic_District_39,34.603281,93.828924,2736.69,20,0.75,14,3,0.562,2025-01-07 14:58:25
CASE_01931,FIR/2025/216,2025-12-03 01:21:25,IMPERSONATION,Tamil Nadu,Synthetic_District_10,15.584978,78.718144,166954.74,3,4.55,1,2,0.931,2025-12-15 01:21:25
CASE_01932,FIR/2024/210,2024-11-20 13:41:25,OTHER,Telangana,Synthetic_District_19,19.353629,81.78061,1181.97,17,3.61,13,2,0.895,2024-12-11 13:41:25
CASE_01933,FIR/2024/636,2024-11-30 10:41:25,UPI_FRAUD,West Bengal,Synthetic_District_37,26.528748,89.119341,10915.18,2,1.5,10,5,0.638,2024-12-02 10:41:25
CASE_01934,FIR/2025/515,2025-07-14 18:02:25,PHISHING,Andhra Pradesh,Synthetic_District_33,17.857983,87.926004,13711.0,11,1.04,18,0,0.634,2025-07-18 18:02:25
CASE_01935,FIR/2025/569,2025-07-08 09:26:25,PHISHING,Telangana,Synthetic_District_23,22.664889,73.715465,95985.05,20,3.23,9,1,0.103,2025-07-21 09:26:25
CASE_01936,FIR/2026/598,2026-03-12 03:09:25,CARD_FRAUD,Gujarat,Synthetic_District_36,15.605657,70.645104,90028.36,20,0.28,3,3,0.889,2026-04-07 03:09:25
CASE_01937,FIR/2026/672,2026-08-02 20:10:25,INVESTMENT_SCAM,Tamil Nadu,Synthetic_District_31,28.350075,80.642012,550759.51,4,1.89,20,6,0.928,2026-08-16 20:10:25
CASE_01938,FIR/2026/581,2026-03-13 05:52:25,UPI_FRAUD,Andhra Pradesh,Synthetic_District_29,18.331188,89.339452,28480.64,17,1.09,5,4,0.199,2026-03-27 05:52:25
CASE_01939,FIR/2024/985,2024-12-06 08:40:25,UPI_FRAUD,Karnataka,Synthetic_District_22,36.119751,83.552982,35998.92,12,1.03,8,4,0.357,2024-12-24 08:40:25
CASE_01940,FIR/2024/822,2024-12-07 11:07:25,NET_BANKING_FRAUD,Delhi,Synthetic_District_35,18.718908,78.577635,66102.66,8,4.94,11,5,0.579,2024-12-26 11:07:25
CASE_01941,FIR/2026/775,2026-03-04 22:03:25,PHISHING,Delhi,Synthetic_District_7,21.575613,90.526526,78191.37,16,1.74,22,2,0.043,2026-03-26 22:03:25
CASE_01942,FIR/2025/538,2025-09-03 10:37:25,CARD_FRAUD,West Bengal,Synthetic_District_32,25.537818,74.032507,185877.08,7,0.13,10,2,0.789,2025-09-14 10:37:25
CASE_01943,FIR/2025/590,2025-04-26 22:42:25,OTHER,Andhra Pradesh,Synthetic_District_28,25.183282,91.522452,92943.15,8,1.35,22,5,0.07,2025-05-08 22:42:25
CASE_01944,FIR/2026/630,2026-09-26 17:55:25,CARD_FRAUD,Telangana,Synthetic_District_20,20.367604,96.080144,26030.6,1,4.04,17,5,0.467,2026-10-03 17:55:25
CASE_01945,FIR/2024/228,2024-10-07 10:43:25,INVESTMENT_SCAM,Karnataka,Synthetic_District_41,21.243719,92.03089,927664.81,18,4.34,10,0,0.845,2024-10-23 10:43:25
CASE_01946,FIR/2026/218,2026-01-29 08:14:25,IMPERSONATION,Maharashtra,Synthetic_District_49,22.536618,72.066048,190075.16,5,3.5,8,3,0.481,2026-02-15 08:14:25
CASE_01947,FIR/2025/108,2025-11-02 22:45:25,OTHER,Gujarat,Synthetic_District_6,12.246379,69.393449,120905.29,5,3.61,22,6,0.279,2025-11-09 22:45:25
CASE_01948,FIR/2025/794,2025-07-29 14:03:25,NET_BANKING_FRAUD,Karnataka,Synthetic_District_23,29.426922,82.019426,44104.66,15,4.93,14,1,0.094,2025-08-18 14:03:25
CASE_01949,FIR/2026/696,2026-09-28 06:44:25,UPI_FRAUD,Gujarat,Synthetic_District_7,18.909748,88.583524,33925.0,14,1.81,6,0,0.399,2026-10-23 06:44:25
CASE_01950,FIR/2026/840,2026-01-09 06:03:25,UPI_FRAUD,Andhra Pradesh,Synthetic_District_34,32.786138,73.64837,30402.06,9,0.18,6,4,0.615,2026-01-21 06:03:25
CASE_01951,FIR/2025/241,2025-03-03 22:44:25,OTHER,Andhra Pradesh,Synthetic_District_44,28.666748,73.692023,168085.58,15,3.16,22,0,0.957,2025-03-09 22:44:25
CASE_01952,FIR/2025/349,2025-02-06 19:22:25,UPI_FRAUD,Uttar Pradesh,Synthetic_District_46,8.385271,68.616285,38035.93,10,2.44,19,3,0.243,2025-02-08 19:22:25
CASE_01953,FIR/2025/217,2025-01-24 03:16:25,OTHER,Maharashtra,Synthetic_District_22,9.077114,88.360871,128467.41,2,0.44,3,4,0.709,2025-02-23 03:16:25
CASE_01954,FIR/2025/237,2025-03-04 05:45:25,UPI_FRAUD,Andhra Pradesh,Synthetic_District_23,24.255226,88.815266,25245.58,9,4.24,5,1,0.91,2025-03-24 05:45:25
CASE_01955,FIR/2026/426,2026-01-09 10:43:25,OTHER,Kerala,Synthetic_District_33,22.511417,74.003464,41458.31,16,4.48,10,4,0.6,2026-01-13 10:43:25
CASE_01956,FIR/2025/937,2025-07-17 11:10:25,NET_BANKING_FRAUD,Kerala,Synthetic_District_25,15.031513,93.991149,114456.74,17,4.63,11,3,0.985,2025-07-30 11:10:25
CASE_01957,FIR/2025/123,2025-07-17 14:38:25,PHISHING,Tamil Nadu,Synthetic_District_6,35.329926,95.541548,162650.3,5,4.1,14,3,0.408,2025-07-29 14:38:25
CASE_01958,FIR/2025/441,2025-02-26 08:54:25,CARD_FRAUD,Kerala,Synthetic_District_38,34.14761,96.666537,79176.23,16,3.38,8,2,0.29,2025-02-28 08:54:25
CASE_01959,FIR/2024/244,2024-11-04 15:41:25,IMPERSONATION,Karnataka,Synthetic_District_35,19.342566,69.439255,135384.96,10,3.37,15,0,0.377,2024-11-05 15:41:25
CASE_01960,FIR/2025/446,2025-08-22 19:22:25,UPI_FRAUD,Kerala,Synthetic_District_14,31.893144,82.369711,28017.97,4,2.06,19,4,0.652,2025-09-15 19:22:25
CASE_01961,FIR/2024/340,2024-11-27 13:29:25,IMPERSONATION,Telangana,Synthetic_District_27,32.505457,94.377711,40431.35,13,3.03,13,2,0.763,2024-12-26 13:29:25
CASE_01962,FIR/2025/138,2025-04-22 16:50:25,UPI_FRAUD,Uttar Pradesh,Synthetic_District_4,23.263377,85.260471,2937.53,8,0.42,16,1,0.443,2025-04-26 16:50:25
CASE_01963,FIR/2024/145,2024-10-03 02:39:25,OTHER,Delhi,Synthetic_District_34,26.667219,95.502306,106807.21,11,3.53,2,3,0.279,2024-10-14 02:39:25
CASE_01964,FIR/2026/151,2026-04-09 12:33:25,PHISHING,Uttar Pradesh,Synthetic_District_48,14.673339,94.78041,125373.67,8,3.2,12,3,0.417,2026-04-12 12:33:25
CASE_01965,FIR/2025/758,2025-06-05 06:10:25,PHISHING,Karnataka,Synthetic_District_33,30.87722,70.388075,107224.13,5,3.4,6,3,0.429,2025-06-08 06:10:25
CASE_01966,FIR/2025/814,2025-09-22 11:04:25,OTHER,Kerala,Synthetic_District_50,21.281957,68.108631,92313.92,12,4.57,11,0,0.22,2025-10-19 11:04:25
CASE_01967,FIR/2024/317,2024-12-28 18:07:25,IMPERSONATION,Tamil Nadu,Synthetic_District_1,32.998521,80.546861,110147.55,7,3.06,18,5,0.619,2025-01-07 18:07:25
CASE_01968,FIR/2025/864,2025-02-18 20:20:25,INVESTMENT_SCAM,Kerala,Synthetic_District_9,27.350713,85.585719,988063.66,16,4.99,20,1,0.733,2025-03-02 20:20:25
CASE_01969,FIR/2026/931,2026-07-24 17:33:25,IMPERSONATION,Gujarat,Synthetic_District_28,21.88915,93.136444,21665.32,17,2.53,17,4,0.398,2026-08-22 17:33:25
CASE_01970,FIR/2025/321,2025-02-05 14:18:25,INVESTMENT_SCAM,Andhra Pradesh,Synthetic_District_16,20.540824,83.252974,819966.8,12,0.22,14,2,0.729,2025-02-18 14:18:25
CASE_01971,FIR/2026/262,2026-07-16 22:14:25,NET_BANKING_FRAUD,Delhi,Synthetic_District_28,20.535407,80.871744,35207.62,17,0.15,22,3,0.699,2026-07-23 22:14:25
CASE_01972,FIR/2026/936,2026-01-01 13:10:25,UPI_FRAUD,Telangana,Synthetic_District_11,13.430578,94.586524,47485.16,20,3.41,13,3,0.714,2026-01-21 13:10:25
CASE_01973,FIR/2024/927,2024-09-30 07:03:25,INVESTMENT_SCAM,Telangana,Synthetic_District_37,23.528359,71.931793,604545.44,11,3.15,7,0,0.48,2024-10-05 07:03:25
CASE_01974,FIR/2025/403,2025-12-18 03:23:25,OTHER,Karnataka,Synthetic_District_36,32.319534,94.451914,99705.11,12,4.8,3,3,0.532,2025-12-29 03:23:25
CASE_01975,FIR/2024/397,2024-10-29 19:43:25,IMPERSONATION,Maharashtra,Synthetic_District_50,20.783686,93.866307,188296.89,13,1.72,19,1,0.551,2024-11-05 19:43:25
CASE_01976,FIR/2026/983,2026-05-07 19:37:25,PHISHING,Telangana,Synthetic_District_26,18.176647,70.691564,118456.03,18,2.26,19,3,0.648,2026-06-03 19:37:25
CASE_01977,FIR/2025/767,2025-08-11 09:12:25,UPI_FRAUD,Telangana,Synthetic_District_50,9.26402,88.83358,2898.51,6,1.38,9,0,0.594,2025-09-01 09:12:25
CASE_01978,FIR/2025/603,2025-04-03 09:13:25,INVESTMENT_SCAM,Telangana,Synthetic_District_41,21.428611,69.443895,843507.12,8,3.25,9,3,0.774,2025-04-22 09:13:25
CASE_01979,FIR/2025/253,2025-04-17 16:52:25,UPI_FRAUD,Telangana,Synthetic_District_41,8.38259,86.668634,36581.21,13,4.19,16,3,0.036,2025-04-26 16:52:25
CASE_01980,FIR/2025/758,2025-03-24 11:33:25,UPI_FRAUD,Uttar Pradesh,Synthetic_District_23,12.327811,73.253585,20134.86,8,4.27,11,0,0.408,2025-03-31 11:33:25
CASE_01981,FIR/2025/142,2025-01-29 13:20:25,UPI_FRAUD,Karnataka,Synthetic_District_32,26.529221,68.574576,19283.64,5,4.08,13,2,0.785,2025-02-27 13:20:25
CASE_01982,FIR/2025/818,2025-10-29 13:30:25,NET_BANKING_FRAUD,Uttar Pradesh,Synthetic_District_29,18.540921,81.617633,28639.67,10,4.97,13,2,0.697,2025-11-09 13:30:25
CASE_01983,FIR/2026/383,2026-02-18 14:50:25,OTHER,Kerala,Synthetic_District_26,35.435075,95.869902,128758.2,12,4.52,14,2,0.678,2026-03-20 14:50:25
CASE_01984,FIR/2026/604,2026-02-19 00:48:25,IMPERSONATION,Tamil Nadu,Synthetic_District_24,26.732296,75.341409,76705.45,12,1.17,0,3,0.33,2026-02-22 00:48:25
CASE_01985,FIR/2025/649,2025-07-14 05:26:25,NET_BANKING_FRAUD,Andhra Pradesh,Synthetic_District_23,34.896875,82.909287,179368.37,9,2.58,5,0,0.787,2025-08-01 05:26:25
CASE_01986,FIR/2025/539,2025-05-22 14:44:25,CARD_FRAUD,Delhi,Synthetic_District_27,32.131625,74.259195,131327.91,13,4.17,14,3,0.518,2025-05-30 14:44:25
CASE_01987,FIR/2025/584,2025-03-05 17:40:25,IMPERSONATION,Telangana,Synthetic_District_34,21.658987,94.805038,162469.41,20,1.52,17,2,0.159,2025-04-03 17:40:25
CASE_01988,FIR/2026/323,2026-07-28 06:34:25,OTHER,Kerala,Synthetic_District_20,15.071796,96.286506,122406.72,14,4.98,6,1,0.691,2026-08-25 06:34:25
CASE_01989,FIR/2026/909,2026-03-31 18:07:25,UPI_FRAUD,Kerala,Synthetic_District_21,31.191586,78.474166,38181.63,2,3.02,18,1,0.532,2026-04-13 18:07:25
CASE_01990,FIR/2026/568,2026-01-16 22:31:25,OTHER,Tamil Nadu,Synthetic_District_18,12.994245,96.588536,2629.92,20,3.82,22,4,0.567,2026-02-08 22:31:25
CASE_01991,FIR/2026/245,2026-01-21 06:59:25,IMPERSONATION,Uttar Pradesh,Synthetic_District_21,15.819591,90.8656,98514.45,12,3.37,6,2,0.969,2026-01-22 06:59:25
CASE_01992,FIR/2025/241,2025-06-04 10:44:25,UPI_FRAUD,Telangana,Synthetic_District_36,36.791396,71.188222,3265.44,2,3.42,10,2,0.689,2025-06-25 10:44:25
CASE_01993,FIR/2024/675,2024-10-04 02:06:25,UPI_FRAUD,Maharashtra,Synthetic_District_20,14.081814,74.582299,32930.89,3,0.78,2,4,0.464,2024-10-13 02:06:25
CASE_01994,FIR/2026/329,2026-08-31 14:28:25,IMPERSONATION,Gujarat,Synthetic_District_40,32.895702,89.994541,47275.53,7,0.49,14,0,0.722,2026-09-29 14:28:25
CASE_01995,FIR/2025/689,2025-01-09 19:54:25,PHISHING,Karnataka,Synthetic_District_18,36.819003,72.839225,131707.25,12,1.0,19,3,0.461,2025-01-18 19:54:25
CASE_01996,FIR/2025/287,2025-03-01 10:12:25,OTHER,Telangana,Synthetic_District_8,28.065121,83.183605,135453.16,16,1.19,10,5,0.192,2025-03-24 10:12:25
CASE_01997,FIR/2026/182,2026-08-24 04:07:25,CARD_FRAUD,Kerala,Synthetic_District_41,29.94137,96.327175,69102.08,20,4.14,4,0,0.626,2026-09-12 04:07:25
CASE_01998,FIR/2025/411,2025-05-25 02:51:25,UPI_FRAUD,Telangana,Synthetic_District_23,17.06727,87.843631,23884.16,15,3.52,2,6,0.924,2025-06-08 02:51:25
CASE_01999,FIR/2025/525,2025-02-15 07:56:25,INVESTMENT_SCAM,Gujarat,Synthetic_District_13,15.176071,75.255214,852941.01,4,4.99,7,5,0.14,2025-02-18 07:56:25
CASE_02000,FIR/2026/533,2026-08-14 03:38:25,NET_BANKING_FRAUD,Delhi,Synthetic_District_49,20.336657,93.606135,75535.81,6,3.79,3,4,0.029,2026-08-23 03:38:25
CASE_02001,FIR/2026/501,2026-03-21 20:17:25,OTHER,Delhi,Synthetic_District_1,25.085508,95.05437,131345.54,14,2.9,20,5,0.084,2026-04-17 20:17:25
CASE_02002,FIR/2025/733,2025-12-14 23:46:25,OTHER,Uttar Pradesh,Synthetic_District_22,35.544791,80.638971,168972.39,16,4.71,23,6,0.311,2025-12-16 23:46:25
CASE_02003,FIR/2026/652,2026-09-29 03:31:25,INVESTMENT_SCAM,Delhi,Synthetic_District_9,34.517007,88.413066,830430.75,14,2.26,3,1,0.677,2026-10-03 03:31:25
CASE_02004,FIR/2025/894,2025-03-25 23:02:25,OTHER,West Bengal,Synthetic_District_36,23.387187,69.115871,46601.2,17,1.79,23,1,0.936,2025-04-16 23:02:25
CASE_02005,FIR/2025/722,2025-07-25 12:54:25,UPI_FRAUD,Tamil Nadu,Synthetic_District_26,16.635618,69.33974,7347.96,5,2.81,12,4,0.785,2025-08-02 12:54:25
CASE_02006,FIR/2025/885,2025-01-17 00:01:25,PHISHING,Telangana,Synthetic_District_29,18.979305,73.359355,94804.75,20,0.41,0,4,0.718,2025-01-27 00:01:25
CASE_02007,FIR/2026/298,2026-05-26 17:32:25,CARD_FRAUD,Maharashtra,Synthetic_District_34,32.674346,73.890575,126113.45,10,1.32,17,1,0.883,2026-06-07 17:32:25
CASE_02008,FIR/2025/976,2025-05-17 19:41:25,UPI_FRAUD,Delhi,Synthetic_District_43,36.458348,82.030461,34315.23,4,3.42,19,5,0.107,2025-05-18 19:41:25
CASE_02009,FIR/2025/789,2025-11-20 21:28:25,INVESTMENT_SCAM,Gujarat,Synthetic_District_39,11.668705,94.194249,158957.68,11,4.06,21,3,0.91,2025-11-27 21:28:25
CASE_02010,FIR/2025/801,2025-03-14 08:52:25,OTHER,Uttar Pradesh,Synthetic_District_6,29.565539,89.203474,86044.78,16,1.22,8,4,0.619,2025-03-20 08:52:25
CASE_02011,FIR/2025/177,2025-01-08 11:20:25,PHISHING,Telangana,Synthetic_District_29,14.317105,81.354773,80016.97,16,0.66,11,2,0.027,2025-01-13 11:20:25
CASE_02012,FIR/2026/552,2026-05-01 09:28:25,NET_BANKING_FRAUD,Kerala,Synthetic_District_23,32.662837,89.474068,97977.46,3,1.93,9,4,0.196,2026-05-10 09:28:25
CASE_02013,FIR/2025/281,2025-07-07 02:48:25,UPI_FRAUD,Karnataka,Synthetic_District_9,30.507298,78.941228,40462.34,17,1.3,2,0,0.494,2025-07-27 02:48:25
CASE_02014,FIR/2024/156,2024-11-03 23:32:25,CARD_FRAUD,Delhi,Synthetic_District_39,17.170043,79.593187,127952.29,13,0.33,23,6,0.649,2024-11-05 23:32:25
CASE_02015,FIR/2025/310,2025-07-04 17:23:25,OTHER,Kerala,Synthetic_District_27,27.860479,81.317909,144046.49,12,1.56,17,4,0.069,2025-07-27 17:23:25
CASE_02016,FIR/2025/198,2025-02-26 00:35:25,NET_BANKING_FRAUD,Karnataka,Synthetic_District_5,33.771309,92.073031,108799.0,5,2.29,0,2,0.072,2025-03-26 00:35:25
CASE_02017,FIR/2025/161,2025-08-16 20:00:25,PHISHING,Maharashtra,Synthetic_District_35,17.004627,72.31802,56882.64,4,1.25,20,5,0.658,2025-08-22 20:00:25
CASE_02018,FIR/2025/857,2025-10-04 23:56:25,UPI_FRAUD,Tamil Nadu,Synthetic_District_44,29.204918,93.563031,38570.32,13,2.66,23,5,0.724,2025-10-25 23:56:25
CASE_02019,FIR/2025/650,2025-11-24 00:11:25,OTHER,Uttar Pradesh,Synthetic_District_44,27.359368,70.492657,2798.48,16,4.95,0,0,0.738,2025-12-14 00:11:25
CASE_02020,FIR/2024/413,2024-10-12 07:32:25,INVESTMENT_SCAM,Gujarat,Synthetic_District_28,21.982139,69.339016,612885.42,1,1.83,7,5,0.081,2024-11-04 07:32:25
CASE_02021,FIR/2025/544,2025-01-09 18:15:25,UPI_FRAUD,Tamil Nadu,Synthetic_District_18,24.25823,93.269484,22891.93,1,3.99,18,3,0.671,2025-02-05 18:15:25
CASE_02022,FIR/2026/106,2026-06-13 02:51:25,PHISHING,West Bengal,Synthetic_District_24,10.346882,71.193746,44121.63,19,3.79,2,5,0.622,2026-07-09 02:51:25
CASE_02023,FIR/2026/530,2026-07-20 02:08:25,CARD_FRAUD,Uttar Pradesh,Synthetic_District_31,12.111275,79.467409,187013.29,11,2.01,2,0,0.115,2026-07-26 02:08:25
CASE_02024,FIR/2026/556,2026-01-07 06:16:25,UPI_FRAUD,Maharashtra,Synthetic_District_45,29.902213,82.529749,11892.74,14,3.78,6,2,0.846,2026-01-15 06:16:25
CASE_02025,FIR/2026/511,2026-05-21 04:10:25,UPI_FRAUD,Andhra Pradesh,Synthetic_District_50,20.77796,74.344002,6810.15,1,1.92,4,3,0.494,2026-06-05 04:10:25
CASE_02026,FIR/2025/589,2025-01-07 23:19:25,OTHER,Kerala,Synthetic_District_3,12.810325,72.053906,170562.43,10,3.37,23,1,0.961,2025-01-17 23:19:25
CASE_02027,FIR/2025/534,2025-07-31 05:41:25,NET_BANKING_FRAUD,Tamil Nadu,Synthetic_District_47,14.333958,76.608849,36005.84,4,0.45,5,3,0.457,2025-08-25 05:41:25
CASE_02028,FIR/2025/204,2025-01-07 14:04:25,PHISHING,Telangana,Synthetic_District_12,16.570126,74.576162,125615.68,20,2.04,14,1,0.532,2025-01-21 14:04:25
CASE_02029,FIR/2025/356,2025-04-30 06:01:25,NET_BANKING_FRAUD,Andhra Pradesh,Synthetic_District_21,18.936123,96.331764,6415.42,13,3.01,6,2,0.902,2025-05-30 06:01:25
CASE_02030,FIR/2024/336,2024-10-21 23:09:25,INVESTMENT_SCAM,Karnataka,Synthetic_District_2,16.070814,74.37679,580796.05,20,4.61,23,0,0.228,2024-11-14 23:09:25
CASE_02031,FIR/2025/690,2025-05-20 15:38:25,UPI_FRAUD,Delhi,Synthetic_District_48,35.610569,90.604466,38298.84,20,0.66,15,1,0.644,2025-06-05 15:38:25
CASE_02032,FIR/2024/165,2024-11-28 05:06:25,INVESTMENT_SCAM,Karnataka,Synthetic_District_17,9.446508,89.541977,261901.49,5,2.94,5,3,0.082,2024-12-13 05:06:25
CASE_02033,FIR/2025/227,2025-03-22 21:17:25,PHISHING,West Bengal,Synthetic_District_13,8.592245,83.557733,56872.4,15,3.51,21,5,0.773,2025-04-04 21:17:25
CASE_02034,FIR/2026/793,2026-07-28 18:39:25,OTHER,Gujarat,Synthetic_District_34,25.771837,90.911701,96611.24,17,3.32,18,1,0.833,2026-08-13 18:39:25
CASE_02035,FIR/2025/158,2025-07-18 11:24:25,NET_BANKING_FRAUD,Telangana,Synthetic_District_11,34.965896,71.909834,125232.14,16,0.71,11,4,0.279,2025-08-15 11:24:25
CASE_02036,FIR/2025/197,2025-11-23 03:11:25,CARD_FRAUD,West Bengal,Synthetic_District_40,23.501578,70.958159,103839.96,1,2.22,3,6,0.493,2025-12-14 03:11:25
CASE_02037,FIR/2026/196,2026-09-01 15:05:25,NET_BANKING_FRAUD,Andhra Pradesh,Synthetic_District_13,32.043625,72.876726,172452.54,15,4.91,15,1,0.367,2026-09-13 15:05:25
CASE_02038,FIR/2026/205,2026-01-01 22:32:25,OTHER,Andhra Pradesh,Synthetic_District_39,16.847561,79.905101,150905.6,16,4.58,22,3,0.507,2026-01-04 22:32:25
CASE_02039,FIR/2026/704,2026-05-09 23:18:25,OTHER,Uttar Pradesh,Synthetic_District_38,9.553007,83.381637,138258.56,6,3.52,23,5,0.114,2026-05-16 23:18:25
CASE_02040,FIR/2026/605,2026-07-19 17:16:25,UPI_FRAUD,Telangana,Synthetic_District_13,31.064994,88.172613,21358.31,4,2.01,17,6,0.802,2026-08-11 17:16:25
CASE_02041,FIR/2025/347,2025-04-17 06:43:25,UPI_FRAUD,Maharashtra,Synthetic_District_31,25.803687,83.279619,40136.29,9,2.93,6,3,0.754,2025-04-19 06:43:25
CASE_02042,FIR/2025/587,2025-08-13 15:23:25,OTHER,Delhi,Synthetic_District_39,18.360457,76.579753,12200.18,17,3.9,15,2,0.504,2025-08-24 15:23:25
CASE_02043,FIR/2026/796,2026-09-11 06:42:25,OTHER,Uttar Pradesh,Synthetic_District_38,23.896603,92.095086,173647.38,5,2.46,6,4,0.278,2026-10-05 06:42:25
CASE_02044,FIR/2025/429,2025-05-11 12:25:25,PHISHING,Telangana,Synthetic_District_7,20.700416,75.897543,29954.49,20,3.53,12,6,0.184,2025-05-29 12:25:25
CASE_02045,FIR/2024/951,2024-12-07 13:32:25,OTHER,Kerala,Synthetic_District_32,33.161743,94.042879,196309.51,4,4.11,13,5,0.991,2024-12-30 13:32:25
CASE_02046,FIR/2025/655,2025-04-10 05:36:25,UPI_FRAUD,Andhra Pradesh,Synthetic_District_15,24.572001,75.572484,6163.56,9,0.58,5,3,0.208,2025-05-05 05:36:25
CASE_02047,FIR/2026/498,2026-04-21 01:05:25,PHISHING,Tamil Nadu,Synthetic_District_50,9.528917,75.028482,19669.39,16,3.03,1,1,0.521,2026-05-15 01:05:25
CASE_02048,FIR/2025/812,2025-09-10 11:47:25,IMPERSONATION,Kerala,Synthetic_District_24,33.575949,84.799551,117841.51,15,0.76,11,2,0.278,2025-10-04 11:47:25
CASE_02049,FIR/2024/280,2024-11-01 10:32:25,INVESTMENT_SCAM,Maharashtra,Synthetic_District_30,22.0202,90.515595,625084.1,7,1.71,10,4,0.946,2024-12-01 10:32:25
CASE_02050,FIR/2025/998,2025-01-03 06:10:25,INVESTMENT_SCAM,Tamil Nadu,Synthetic_District_14,35.926742,81.643588,111153.32,14,2.32,6,4,0.478,2025-01-08 06:10:25
CASE_02051,FIR/2025/111,2025-01-31 08:27:25,PHISHING,Delhi,Synthetic_District_20,11.845519,72.977875,141615.87,6,3.7,8,4,0.945,2025-02-04 08:27:25
CASE_02052,FIR/2026/335,2026-09-04 12:18:25,OTHER,Karnataka,Synthetic_District_27,27.537571,75.123373,168057.69,8,2.23,12,4,0.309,2026-09-05 12:18:25
CASE_02053,FIR/2025/397,2025-01-04 09:51:25,IMPERSONATION,Kerala,Synthetic_District_11,16.599396,96.188696,158389.63,9,0.86,9,5,0.985,2025-01-05 09:51:25
CASE_02054,FIR/2025/872,2025-03-10 15:02:25,PHISHING,Telangana,Synthetic_District_1,28.233493,76.92186,161893.46,14,1.82,15,0,0.894,2025-03-13 15:02:25
CASE_02055,FIR/2025/166,2025-01-28 14:32:25,INVESTMENT_SCAM,Telangana,Synthetic_District_27,36.701108,68.233867,454506.85,19,1.5,14,1,0.309,2025-02-09 14:32:25
CASE_02056,FIR/2025/297,2025-04-15 12:19:25,INVESTMENT_SCAM,Gujarat,Synthetic_District_3,17.277651,92.093723,721347.21,5,1.57,12,1,0.325,2025-04-18 12:19:25
CASE_02057,FIR/2026/944,2026-08-31 13:24:25,UPI_FRAUD,Delhi,Synthetic_District_25,32.942259,87.35452,25477.69,3,0.23,13,0,0.2,2026-09-13 13:24:25
CASE_02058,FIR/2025/707,2025-08-23 12:02:25,PHISHING,Delhi,Synthetic_District_3,26.391026,73.060486,150120.44,16,1.97,12,5,0.382,2025-09-11 12:02:25
CASE_02059,FIR/2026/683,2026-08-10 06:23:25,PHISHING,Telangana,Synthetic_District_15,14.719671,79.127978,155298.18,19,1.33,6,0,0.835,2026-08-31 06:23:25
CASE_02060,FIR/2026/736,2026-04-06 23:23:25,IMPERSONATION,Tamil Nadu,Synthetic_District_20,11.67768,86.957445,4232.28,5,1.54,23,0,0.379,2026-04-28 23:23:25
CASE_02061,FIR/2025/295,2025-03-30 09:32:25,PHISHING,Tamil Nadu,Synthetic_District_20,27.561829,83.625141,54761.62,8,4.77,9,6,0.257,2025-04-15 09:32:25
CASE_02062,FIR/2025/726,2025-10-13 20:32:25,INVESTMENT_SCAM,Kerala,Synthetic_District_47,9.081192,80.605075,412186.49,12,4.08,20,0,0.176,2025-10-21 20:32:25
CASE_02063,FIR/2026/667,2026-04-27 22:09:25,INVESTMENT_SCAM,Telangana,Synthetic_District_22,8.603883,75.800668,947478.76,11,4.12,22,0,0.022,2026-05-25 22:09:25
CASE_02064,FIR/2025/635,2025-09-19 22:33:25,OTHER,Uttar Pradesh,Synthetic_District_24,25.65458,93.495,112329.03,16,4.23,22,4,0.866,2025-09-27 22:33:25
CASE_02065,FIR/2026/532,2026-05-05 06:36:25,INVESTMENT_SCAM,Kerala,Synthetic_District_21,14.076349,85.427252,879943.29,16,2.08,6,1,0.045,2026-05-20 06:36:25
CASE_02066,FIR/2025/880,2025-02-04 10:18:25,PHISHING,Uttar Pradesh,Synthetic_District_38,17.866466,71.954853,1901.51,17,4.75,10,1,0.212,2025-02-13 10:18:25
CASE_02067,FIR/2025/782,2025-07-18 16:31:25,INVESTMENT_SCAM,Andhra Pradesh,Synthetic_District_34,35.923273,80.461285,662803.4,19,2.74,16,4,0.579,2025-08-02 16:31:25
CASE_02068,FIR/2024/973,2024-10-16 06:29:25,UPI_FRAUD,Karnataka,Synthetic_District_28,24.94302,70.465102,22933.05,9,3.14,6,2,0.908,2024-10-19 06:29:25
CASE_02069,FIR/2024/833,2024-10-25 23:36:25,INVESTMENT_SCAM,Gujarat,Synthetic_District_7,17.764948,81.932599,297674.46,12,2.15,23,4,0.728,2024-10-26 23:36:25
CASE_02070,FIR/2026/532,2026-07-30 02:49:25,INVESTMENT_SCAM,Karnataka,Synthetic_District_44,10.781736,82.250449,741572.76,10,1.38,2,3,0.887,2026-08-21 02:49:25
CASE_02071,FIR/2025/476,2025-04-02 23:03:25,IMPERSONATION,Uttar Pradesh,Synthetic_District_41,36.518099,84.689027,42289.95,11,0.19,23,2,0.976,2025-05-02 23:03:25
CASE_02072,FIR/2025/900,2025-07-11 03:33:25,UPI_FRAUD,Andhra Pradesh,Synthetic_District_27,32.849292,84.72181,32321.08,8,2.47,3,4,0.311,2025-07-16 03:33:25
CASE_02073,FIR/2026/914,2026-09-29 16:42:25,CARD_FRAUD,West Bengal,Synthetic_District_28,10.090929,92.111725,180346.97,18,2.98,16,1,0.9,2026-10-25 16:42:25
CASE_02074,FIR/2025/438,2025-12-29 20:04:25,UPI_FRAUD,Karnataka,Synthetic_District_44,32.918688,83.628601,42239.77,16,2.2,20,0,0.172,2026-01-11 20:04:25
CASE_02075,FIR/2025/878,2025-08-04 09:35:25,UPI_FRAUD,Tamil Nadu,Synthetic_District_34,26.757926,84.616137,31496.33,14,4.31,9,0,0.868,2025-08-26 09:35:25
CASE_02076,FIR/2025/119,2025-10-28 23:05:25,INVESTMENT_SCAM,Maharashtra,Synthetic_District_2,30.323634,92.654463,383254.26,5,2.25,23,1,0.578,2025-11-17 23:05:25
CASE_02077,FIR/2025/101,2025-09-05 19:36:25,INVESTMENT_SCAM,Kerala,Synthetic_District_42,34.69916,92.929977,666096.04,5,4.54,19,4,0.904,2025-09-21 19:36:25
CASE_02078,FIR/2026/149,2026-01-13 04:18:25,NET_BANKING_FRAUD,Tamil Nadu,Synthetic_District_25,17.498889,72.253749,152038.35,7,3.76,4,1,0.216,2026-01-23 04:18:25
CASE_02079,FIR/2026/512,2026-08-27 01:58:25,IMPERSONATION,West Bengal,Synthetic_District_50,25.334732,89.669044,119431.55,8,1.24,1,3,0.537,2026-09-18 01:58:25
CASE_02080,FIR/2025/531,2025-03-02 22:59:25,CARD_FRAUD,Maharashtra,Synthetic_District_31,28.707868,89.540754,88509.14,2,2.3,22,6,0.22,2025-03-06 22:59:25
CASE_02081,FIR/2025/572,2025-12-31 02:02:25,OTHER,Andhra Pradesh,Synthetic_District_12,27.580859,93.815573,72108.28,13,1.3,2,2,0.392,2026-01-18 02:02:25
CASE_02082,FIR/2025/667,2025-08-16 14:47:25,INVESTMENT_SCAM,Uttar Pradesh,Synthetic_District_32,31.597802,75.684017,633540.55,16,4.83,14,5,0.859,2025-09-05 14:47:25
CASE_02083,FIR/2025/392,2025-07-06 14:03:25,IMPERSONATION,West Bengal,Synthetic_District_46,17.694186,85.035562,48645.97,7,2.29,14,6,0.46,2025-07-15 14:03:25
CASE_02084,FIR/2024/670,2024-10-28 00:15:25,NET_BANKING_FRAUD,Gujarat,Synthetic_District_19,8.725643,93.29146,93680.46,1,4.8,0,0,0.48,2024-11-12 00:15:25
CASE_02085,FIR/2025/304,2025-09-27 19:04:25,INVESTMENT_SCAM,Kerala,Synthetic_District_6,10.204909,89.877052,472894.55,7,3.29,19,5,0.208,2025-10-17 19:04:25
CASE_02086,FIR/2026/147,2026-05-24 18:35:25,UPI_FRAUD,Uttar Pradesh,Synthetic_District_18,29.41577,91.092954,32203.15,12,2.05,18,6,0.726,2026-05-29 18:35:25
CASE_02087,FIR/2025/350,2025-06-04 16:03:25,IMPERSONATION,West Bengal,Synthetic_District_22,26.98613,80.257327,53414.92,8,1.78,16,2,0.18,2025-06-11 16:03:25
CASE_02088,FIR/2026/746,2026-08-23 21:11:25,NET_BANKING_FRAUD,Karnataka,Synthetic_District_3,15.546624,68.838192,196786.81,19,3.71,21,6,0.07,2026-09-16 21:11:25
CASE_02089,FIR/2025/944,2025-06-08 02:22:25,OTHER,Andhra Pradesh,Synthetic_District_5,10.281268,87.993611,133469.3,20,2.56,2,6,0.592,2025-06-21 02:22:25
CASE_02090,FIR/2025/425,2025-08-16 18:50:25,INVESTMENT_SCAM,West Bengal,Synthetic_District_14,29.717397,80.986838,146712.2,9,2.07,18,5,0.077,2025-09-09 18:50:25
CASE_02091,FIR/2025/622,2025-08-09 08:13:25,NET_BANKING_FRAUD,Andhra Pradesh,Synthetic_District_33,22.118963,68.001738,184740.05,15,3.69,8,5,0.412,2025-08-31 08:13:25
CASE_02092,FIR/2026/116,2026-07-28 05:20:25,PHISHING,Telangana,Synthetic_District_46,11.86185,79.719366,141925.79,20,2.97,5,1,0.017,2026-08-18 05:20:25
CASE_02093,FIR/2026/338,2026-06-24 19:02:25,IMPERSONATION,Tamil Nadu,Synthetic_District_1,29.169855,84.653295,33650.18,6,2.53,19,2,0.908,2026-07-22 19:02:25
CASE_02094,FIR/2024/347,2024-10-17 03:02:25,OTHER,Uttar Pradesh,Synthetic_District_35,20.2476,94.524147,96754.56,3,1.34,3,3,0.355,2024-10-24 03:02:25
CASE_02095,FIR/2024/596,2024-12-29 10:09:25,NET_BANKING_FRAUD,Kerala,Synthetic_District_29,33.160831,74.183207,7414.07,19,4.21,10,6,0.253,2025-01-22 10:09:25
CASE_02096,FIR/2026/985,2026-02-24 02:55:25,CARD_FRAUD,Kerala,Synthetic_District_9,8.07722,77.492117,91586.23,9,1.48,2,1,0.017,2026-03-25 02:55:25
CASE_02097,FIR/2026/616,2026-08-18 22:43:25,IMPERSONATION,Gujarat,Synthetic_District_42,14.544149,78.363115,45960.1,3,2.73,22,1,0.748,2026-09-10 22:43:25
CASE_02098,FIR/2025/590,2025-11-20 06:04:25,OTHER,Kerala,Synthetic_District_7,13.909822,96.111861,173040.98,12,0.47,6,3,0.674,2025-11-21 06:04:25
CASE_02099,FIR/2025/528,2025-02-21 04:17:25,CARD_FRAUD,Telangana,Synthetic_District_35,31.626728,78.128592,39923.48,20,4.68,4,4,0.776,2025-03-05 04:17:25
CASE_02100,FIR/2026/716,2026-07-14 22:29:25,UPI_FRAUD,Telangana,Synthetic_District_22,33.427906,91.395204,24499.07,2,4.06,22,1,0.523,2026-08-06 22:29:25
CASE_02101,FIR/2026/667,2026-08-23 19:43:25,PHISHING,Andhra Pradesh,Synthetic_District_22,18.469172,83.046048,194253.99,4,1.95,19,6,0.345,2026-09-12 19:43:25
CASE_02102,FIR/2025/199,2025-03-30 23:19:25,PHISHING,Uttar Pradesh,Synthetic_District_15,17.02042,90.103934,188550.34,19,0.55,23,6,0.892,2025-04-24 23:19:25
CASE_02103,FIR/2024/166,2024-11-11 15:48:25,PHISHING,Kerala,Synthetic_District_25,13.483279,71.686923,192142.95,20,4.91,15,0,0.173,2024-12-11 15:48:25
CASE_02104,FIR/2025/688,2025-03-08 20:29:25,INVESTMENT_SCAM,Gujarat,Synthetic_District_48,32.394339,96.364173,882486.48,2,4.22,20,5,0.736,2025-03-12 20:29:25
CASE_02105,FIR/2025/297,2025-03-25 19:17:25,CARD_FRAUD,Kerala,Synthetic_District_6,36.714241,76.575965,31792.79,13,0.53,19,1,0.249,2025-04-05 19:17:25
CASE_02106,FIR/2026/164,2026-07-18 04:08:25,PHISHING,Telangana,Synthetic_District_15,9.130752,69.707696,169946.0,10,1.55,4,5,0.45,2026-08-05 04:08:25
CASE_02107,FIR/2024/731,2024-12-29 14:30:25,UPI_FRAUD,Andhra Pradesh,Synthetic_District_24,25.80343,76.789296,44695.8,11,1.67,14,6,0.407,2025-01-25 14:30:25
CASE_02108,FIR/2026/433,2026-09-24 06:00:25,IMPERSONATION,Kerala,Synthetic_District_8,30.709478,89.517492,160243.8,6,3.03,6,3,0.098,2026-10-08 06:00:25
CASE_02109,FIR/2026/526,2026-06-20 12:02:25,CARD_FRAUD,Kerala,Synthetic_District_44,10.378989,85.925586,31387.48,4,0.21,12,5,0.972,2026-07-20 12:02:25
CASE_02110,FIR/2026/730,2026-09-11 16:09:25,IMPERSONATION,Maharashtra,Synthetic_District_2,9.707329,89.858907,76726.54,17,3.22,16,4,0.16,2026-09-20 16:09:25
CASE_02111,FIR/2025/527,2025-02-14 15:52:25,NET_BANKING_FRAUD,West Bengal,Synthetic_District_9,12.406404,70.427842,107573.9,16,1.84,15,4,0.638,2025-02-20 15:52:25
CASE_02112,FIR/2026/490,2026-07-27 05:38:25,INVESTMENT_SCAM,Delhi,Synthetic_District_2,23.343266,86.311389,590056.71,16,2.91,5,0,0.932,2026-07-30 05:38:25
CASE_02113,FIR/2024/777,2024-10-02 17:07:25,INVESTMENT_SCAM,Telangana,Synthetic_District_32,11.755681,71.847407,268874.82,15,0.34,17,2,0.201,2024-10-07 17:07:25
CASE_02114,FIR/2024/965,2024-10-30 18:26:25,IMPERSONATION,Kerala,Synthetic_District_36,17.848409,82.307027,93197.21,5,1.35,18,2,0.191,2024-11-14 18:26:25
CASE_02115,FIR/2025/442,2025-02-01 21:24:25,CARD_FRAUD,Delhi,Synthetic_District_46,31.530659,77.604297,18586.09,17,4.43,21,5,0.803,2025-02-02 21:24:25
CASE_02116,FIR/2026/509,2026-09-22 21:43:25,IMPERSONATION,Karnataka,Synthetic_District_25,9.273617,84.020124,189597.31,6,3.98,21,1,0.832,2026-10-01 21:43:25
CASE_02117,FIR/2024/588,2024-10-13 06:35:25,CARD_FRAUD,Kerala,Synthetic_District_29,35.683961,79.575042,169592.48,20,4.83,6,6,0.042,2024-11-01 06:35:25
CASE_02118,FIR/2024/846,2024-10-23 01:40:25,UPI_FRAUD,Uttar Pradesh,Synthetic_District_33,17.583978,79.372135,31764.76,9,1.1,1,2,0.094,2024-11-05 01:40:25
CASE_02119,FIR/2025/237,2025-09-02 13:38:25,CARD_FRAUD,Tamil Nadu,Synthetic_District_33,24.207056,83.394451,86851.62,17,2.27,13,1,0.88,2025-09-14 13:38:25
CASE_02120,FIR/2025/343,2025-12-09 15:43:25,INVESTMENT_SCAM,Maharashtra,Synthetic_District_14,19.291232,95.810466,642268.31,14,3.27,15,1,0.885,2025-12-14 15:43:25
CASE_02121,FIR/2026/918,2026-05-27 17:41:25,UPI_FRAUD,Tamil Nadu,Synthetic_District_36,19.083526,94.741042,49615.28,16,4.17,17,2,0.277,2026-06-21 17:41:25
CASE_02122,FIR/2025/319,2025-12-30 19:33:25,INVESTMENT_SCAM,West Bengal,Synthetic_District_2,14.012121,71.516343,634628.75,9,4.3,19,1,0.521,2026-01-25 19:33:25
CASE_02123,FIR/2025/835,2025-08-26 16:00:25,INVESTMENT_SCAM,Uttar Pradesh,Synthetic_District_19,16.933152,85.084519,210064.02,4,1.37,16,1,0.809,2025-09-19 16:00:25
CASE_02124,FIR/2024/674,2024-11-17 03:59:25,CARD_FRAUD,Tamil Nadu,Synthetic_District_38,18.393804,70.696297,88659.45,14,2.42,3,6,0.64,2024-12-14 03:59:25
CASE_02125,FIR/2026/847,2026-04-30 03:31:25,PHISHING,Andhra Pradesh,Synthetic_District_32,8.22697,84.141202,26092.82,17,3.82,3,3,0.404,2026-05-21 03:31:25
CASE_02126,FIR/2026/439,2026-03-25 16:34:25,NET_BANKING_FRAUD,Andhra Pradesh,Synthetic_District_45,27.164056,85.197034,167107.92,6,1.9,16,2,0.664,2026-04-16 16:34:25
CASE_02127,FIR/2026/638,2026-03-31 13:56:25,OTHER,Delhi,Synthetic_District_46,23.559119,68.046702,177295.3,4,2.68,13,1,0.154,2026-04-12 13:56:25
CASE_02128,FIR/2025/537,2025-05-01 18:12:25,INVESTMENT_SCAM,West Bengal,Synthetic_District_47,16.642756,95.32153,538527.26,14,2.48,18,3,0.41,2025-05-17 18:12:25
CASE_02129,FIR/2026/920,2026-02-25 17:24:25,NET_BANKING_FRAUD,West Bengal,Synthetic_District_15,21.90927,75.795224,56429.83,9,2.92,17,2,0.831,2026-03-13 17:24:25
CASE_02130,FIR/2025/305,2025-09-06 20:50:25,PHISHING,Maharashtra,Synthetic_District_31,17.348939,77.993775,72125.43,11,3.04,20,5,0.159,2025-09-23 20:50:25
CASE_02131,FIR/2026/568,2026-09-16 12:16:25,CARD_FRAUD,Kerala,Synthetic_District_6,36.042071,69.86673,107952.36,10,4.86,12,2,0.386,2026-10-15 12:16:25
CASE_02132,FIR/2025/959,2025-03-09 06:13:25,CARD_FRAUD,Maharashtra,Synthetic_District_40,25.94574,80.307623,152361.98,11,1.2,6,6,0.613,2025-03-21 06:13:25
CASE_02133,FIR/2025/546,2025-08-20 19:34:25,CARD_FRAUD,Kerala,Synthetic_District_8,25.729943,80.777392,155951.3,20,2.19,19,2,0.935,2025-08-21 19:34:25
CASE_02134,FIR/2024/937,2024-11-20 10:58:25,CARD_FRAUD,Delhi,Synthetic_District_4,32.217037,79.484075,147543.2,7,4.2,10,2,0.086,2024-12-14 10:58:25
CASE_02135,FIR/2025/276,2025-08-31 11:15:25,IMPERSONATION,Kerala,Synthetic_District_10,11.661328,76.142166,128220.98,18,3.98,11,6,0.215,2025-09-25 11:15:25
CASE_02136,FIR/2026/666,2026-08-09 11:55:25,NET_BANKING_FRAUD,Karnataka,Synthetic_District_37,26.224456,90.222475,76932.51,14,3.31,11,6,0.049,2026-08-12 11:55:25
CASE_02137,FIR/2026/308,2026-07-10 08:47:25,CARD_FRAUD,Tamil Nadu,Synthetic_District_20,24.052914,70.087695,2613.23,11,4.37,8,4,0.439,2026-07-18 08:47:25
CASE_02138,FIR/2025/597,2025-10-18 09:10:25,NET_BANKING_FRAUD,Maharashtra,Synthetic_District_23,17.462584,75.904403,197366.15,1,1.79,9,5,0.586,2025-11-16 09:10:25
CASE_02139,FIR/2025/373,2025-11-05 18:24:25,NET_BANKING_FRAUD,Andhra Pradesh,Synthetic_District_41,28.314939,82.377406,97426.59,2,3.18,18,2,0.749,2025-11-18 18:24:25
CASE_02140,FIR/2026/713,2026-09-13 02:24:25,INVESTMENT_SCAM,Delhi,Synthetic_District_46,23.390753,96.462583,109818.19,14,2.28,2,6,0.627,2026-10-05 02:24:25
CASE_02141,FIR/2025/187,2025-03-06 09:08:25,IMPERSONATION,Telangana,Synthetic_District_21,28.956991,92.643953,9472.18,7,2.83,9,3,0.861,2025-03-28 09:08:25
CASE_02142,FIR/2026/242,2026-02-21 07:06:25,OTHER,Maharashtra,Synthetic_District_11,19.202043,80.086765,64685.09,7,4.72,7,5,0.371,2026-03-09 07:06:25
CASE_02143,FIR/2026/102,2026-07-18 09:02:25,CARD_FRAUD,Gujarat,Synthetic_District_36,25.675799,92.13367,149929.27,16,4.17,9,5,0.082,2026-08-13 09:02:25
CASE_02144,FIR/2026/166,2026-04-29 15:21:25,UPI_FRAUD,Gujarat,Synthetic_District_31,18.864685,69.987129,30396.78,19,3.42,15,2,0.277,2026-05-03 15:21:25
CASE_02145,FIR/2025/788,2025-08-10 12:34:25,PHISHING,Maharashtra,Synthetic_District_28,34.611933,85.977463,68471.59,6,2.65,12,6,0.673,2025-08-18 12:34:25
CASE_02146,FIR/2026/378,2026-03-13 13:06:25,IMPERSONATION,Gujarat,Synthetic_District_29,20.596819,78.997825,114502.54,11,2.95,13,4,0.037,2026-03-14 13:06:25
CASE_02147,FIR/2025/764,2025-10-05 03:04:25,IMPERSONATION,Tamil Nadu,Synthetic_District_41,32.224987,74.456998,122938.65,14,2.73,3,6,0.657,2025-10-09 03:04:25
CASE_02148,FIR/2025/244,2025-09-09 06:36:25,INVESTMENT_SCAM,Karnataka,Synthetic_District_38,15.703313,85.762254,215985.27,2,2.49,6,1,0.947,2025-10-02 06:36:25
CASE_02149,FIR/2025/468,2025-06-03 02:40:25,UPI_FRAUD,Uttar Pradesh,Synthetic_District_30,21.532015,96.829171,17354.13,2,0.64,2,1,0.95,2025-06-24 02:40:25
CASE_02150,FIR/2025/394,2025-06-15 07:14:25,OTHER,Uttar Pradesh,Synthetic_District_17,14.971366,70.08094,46514.52,9,3.5,7,6,0.484,2025-06-21 07:14:25
CASE_02151,FIR/2025/360,2025-09-25 04:14:25,INVESTMENT_SCAM,Maharashtra,Synthetic_District_15,17.935655,86.796576,369928.15,16,1.61,4,3,0.394,2025-10-06 04:14:25
CASE_02152,FIR/2026/421,2026-07-26 04:14:25,PHISHING,Delhi,Synthetic_District_16,32.960399,83.555794,124295.33,12,1.81,4,6,0.018,2026-08-20 04:14:25
CASE_02153,FIR/2026/452,2026-08-21 16:22:25,OTHER,Gujarat,Synthetic_District_48,25.336335,92.153067,193625.62,12,4.65,16,4,0.098,2026-09-04 16:22:25
CASE_02154,FIR/2025/643,2025-11-15 17:54:25,OTHER,Kerala,Synthetic_District_41,26.567976,90.524145,179687.32,14,0.92,17,5,0.213,2025-12-09 17:54:25
CASE_02155,FIR/2026/118,2026-08-01 13:04:25,NET_BANKING_FRAUD,Gujarat,Synthetic_District_7,15.297057,91.399049,1374.31,15,3.2,13,5,0.096,2026-08-25 13:04:25
CASE_02156,FIR/2026/925,2026-02-16 14:22:25,NET_BANKING_FRAUD,Tamil Nadu,Synthetic_District_19,11.610081,78.129685,144352.49,11,2.9,14,0,0.995,2026-03-05 14:22:25
CASE_02157,FIR/2026/884,2026-09-28 23:16:25,CARD_FRAUD,Andhra Pradesh,Synthetic_District_3,11.557175,68.73655,75199.8,20,4.14,23,0,0.101,2026-10-01 23:16:25
CASE_02158,FIR/2026/966,2026-01-14 04:24:25,IMPERSONATION,Karnataka,Synthetic_District_49,11.040945,89.741435,7216.72,13,2.35,4,2,0.791,2026-01-23 04:24:25
CASE_02159,FIR/2026/711,2026-05-10 18:16:25,INVESTMENT_SCAM,Delhi,Synthetic_District_34,17.065431,87.717218,460852.35,13,4.53,18,6,0.156,2026-06-03 18:16:25
CASE_02160,FIR/2025/662,2025-10-08 11:36:25,OTHER,Uttar Pradesh,Synthetic_District_28,20.909919,87.628822,48033.79,12,4.99,11,2,0.791,2025-10-24 11:36:25
CASE_02161,FIR/2025/820,2025-06-02 04:41:25,IMPERSONATION,West Bengal,Synthetic_District_39,19.818058,82.182443,159321.14,15,0.73,4,0,0.534,2025-06-09 04:41:25
CASE_02162,FIR/2025/939,2025-07-02 18:58:25,PHISHING,Maharashtra,Synthetic_District_49,13.621648,68.211739,160368.25,9,1.03,18,2,0.604,2025-08-01 18:58:25
CASE_02163,FIR/2025/729,2025-08-12 22:16:25,IMPERSONATION,Tamil Nadu,Synthetic_District_28,19.750469,87.498791,62641.44,8,1.64,22,1,0.712,2025-09-05 22:16:25
CASE_02164,FIR/2026/164,2026-05-04 06:13:25,OTHER,Kerala,Synthetic_District_34,35.9347,73.684499,164216.55,1,3.35,6,0,0.914,2026-05-26 06:13:25
CASE_02165,FIR/2025/473,2025-05-21 04:34:25,IMPERSONATION,West Bengal,Synthetic_District_10,19.305125,68.730507,87953.63,6,4.87,4,2,0.343,2025-06-12 04:34:25
CASE_02166,FIR/2025/705,2025-11-29 00:42:25,IMPERSONATION,Kerala,Synthetic_District_46,30.573709,69.980977,94704.23,17,4.33,0,5,0.523,2025-12-13 00:42:25
CASE_02167,FIR/2026/231,2026-05-19 19:50:25,OTHER,Tamil Nadu,Synthetic_District_11,10.191206,86.172067,26124.9,6,1.68,19,1,0.159,2026-06-01 19:50:25
CASE_02168,FIR/2024/659,2024-12-22 20:22:25,NET_BANKING_FRAUD,Uttar Pradesh,Synthetic_District_10,32.444155,91.490347,158153.9,10,2.03,20,6,0.758,2025-01-02 20:22:25
CASE_02169,FIR/2026/481,2026-01-05 01:25:25,IMPERSONATION,Tamil Nadu,Synthetic_District_12,18.868756,91.75019,55296.83,9,1.5,1,0,0.076,2026-01-22 01:25:25
CASE_02170,FIR/2025/812,2025-01-07 15:19:25,IMPERSONATION,Telangana,Synthetic_District_6,14.201046,94.719625,170150.34,7,2.6,15,1,0.018,2025-01-18 15:19:25
CASE_02171,FIR/2025/758,2025-02-23 17:58:25,INVESTMENT_SCAM,West Bengal,Synthetic_District_7,28.010485,74.275245,834253.0,14,2.61,17,6,0.78,2025-03-13 17:58:25
CASE_02172,FIR/2025/237,2025-07-13 07:50:25,CARD_FRAUD,Delhi,Synthetic_District_2,35.43744,75.570029,77018.37,17,1.29,7,6,0.243,2025-07-22 07:50:25
CASE_02173,FIR/2024/654,2024-11-29 19:52:25,PHISHING,Tamil Nadu,Synthetic_District_25,8.33112,68.046964,89140.26,16,4.4,19,4,0.395,2024-12-09 19:52:25
CASE_02174,FIR/2026/531,2026-01-22 07:47:25,IMPERSONATION,Gujarat,Synthetic_District_28,11.143814,83.760429,115028.98,15,1.95,7,3,0.74,2026-02-03 07:47:25
CASE_02175,FIR/2024/958,2024-10-02 08:11:25,IMPERSONATION,Maharashtra,Synthetic_District_41,20.065043,95.795373,97073.29,16,0.82,8,2,0.282,2024-10-19 08:11:25
CASE_02176,FIR/2026/205,2026-03-12 05:20:25,UPI_FRAUD,West Bengal,Synthetic_District_25,31.60375,74.44874,32872.86,8,4.44,5,3,0.671,2026-03-25 05:20:25
CASE_02177,FIR/2025/729,2025-07-31 13:06:25,OTHER,Andhra Pradesh,Synthetic_District_30,16.656808,85.075848,80720.53,3,2.07,13,3,0.323,2025-08-29 13:06:25
CASE_02178,FIR/2026/903,2026-09-01 00:23:25,IMPERSONATION,Kerala,Synthetic_District_37,8.96252,84.372233,5066.2,16,3.26,0,1,0.229,2026-09-06 00:23:25
CASE_02179,FIR/2025/561,2025-09-09 13:52:25,IMPERSONATION,Karnataka,Synthetic_District_8,24.01703,89.384395,192304.29,12,2.84,13,1,0.1,2025-09-22 13:52:25
CASE_02180,FIR/2026/111,2026-04-09 21:22:25,NET_BANKING_FRAUD,Gujarat,Synthetic_District_18,13.079394,95.86104,93444.83,8,0.43,21,3,0.249,2026-05-08 21:22:25
CASE_02181,FIR/2025/275,2025-11-11 15:53:25,OTHER,Andhra Pradesh,Synthetic_District_1,12.077275,71.279366,175051.21,19,3.7,15,1,0.757,2025-11-29 15:53:25
CASE_02182,FIR/2026/626,2026-09-24 09:14:25,CARD_FRAUD,Karnataka,Synthetic_District_10,33.080345,94.913638,158740.79,8,1.08,9,3,0.994,2026-10-12 09:14:25
CASE_02183,FIR/2025/959,2025-05-24 09:37:25,CARD_FRAUD,Uttar Pradesh,Synthetic_District_41,10.397804,79.839355,39232.7,15,1.27,9,5,0.803,2025-06-21 09:37:25
CASE_02184,FIR/2024/486,2024-12-25 08:04:25,CARD_FRAUD,Uttar Pradesh,Synthetic_District_14,30.373162,88.474535,183736.98,4,0.23,8,2,0.163,2024-12-28 08:04:25
CASE_02185,FIR/2025/254,2025-08-06 18:43:25,OTHER,West Bengal,Synthetic_District_16,13.492552,84.569347,153266.3,12,2.61,18,2,0.635,2025-08-29 18:43:25
CASE_02186,FIR/2026/447,2026-02-05 11:22:25,UPI_FRAUD,Uttar Pradesh,Synthetic_District_30,10.899022,94.939465,46593.42,3,4.3,11,3,0.699,2026-02-12 11:22:25
CASE_02187,FIR/2024/158,2024-11-02 04:11:25,INVESTMENT_SCAM,Uttar Pradesh,Synthetic_District_20,10.137702,75.355827,479306.19,13,0.12,4,5,0.093,2024-11-15 04:11:25
CASE_02188,FIR/2025/746,2025-06-16 10:36:25,PHISHING,West Bengal,Synthetic_District_38,17.302045,74.932966,152392.47,13,2.84,10,0,0.115,2025-07-04 10:36:25
CASE_02189,FIR/2026/546,2026-01-07 05:14:25,NET_BANKING_FRAUD,Karnataka,Synthetic_District_1,19.245438,74.50878,173268.21,11,4.71,5,2,0.656,2026-01-30 05:14:25
CASE_02190,FIR/2026/962,2026-05-24 15:14:25,IMPERSONATION,Tamil Nadu,Synthetic_District_6,26.53253,81.700155,127369.45,8,0.32,15,6,0.226,2026-06-02 15:14:25
CASE_02191,FIR/2026/562,2026-05-17 06:32:25,OTHER,Telangana,Synthetic_District_49,36.525354,93.987973,144789.9,9,4.97,6,6,0.34,2026-06-11 06:32:25
CASE_02192,FIR/2024/979,2024-09-30 02:19:25,CARD_FRAUD,Karnataka,Synthetic_District_38,16.800647,93.324131,179484.1,15,3.65,2,0,0.217,2024-10-04 02:19:25
CASE_02193,FIR/2026/449,2026-04-06 19:07:25,NET_BANKING_FRAUD,Kerala,Synthetic_District_11,22.025814,81.195411,4887.21,19,4.47,19,0,0.36,2026-04-25 19:07:25
CASE_02194,FIR/2025/210,2025-08-02 08:11:25,OTHER,Karnataka,Synthetic_District_31,35.647532,84.70778,24356.03,13,1.6,8,5,0.45,2025-08-12 08:11:25
CASE_02195,FIR/2026/253,2026-08-20 16:07:25,NET_BANKING_FRAUD,West Bengal,Synthetic_District_37,30.917217,72.39932,68942.68,13,3.45,16,3,0.21,2026-09-06 16:07:25
CASE_02196,FIR/2025/693,2025-09-10 01:28:25,UPI_FRAUD,Karnataka,Synthetic_District_39,22.716648,95.74251,37934.77,13,2.69,1,2,0.349,2025-09-24 01:28:25
CASE_02197,FIR/2024/711,2024-10-11 06:09:25,IMPERSONATION,Delhi,Synthetic_District_42,28.817033,79.823985,118436.42,7,2.65,6,4,0.931,2024-11-06 06:09:25
CASE_02198,FIR/2026/553,2026-04-14 07:47:25,INVESTMENT_SCAM,Gujarat,Synthetic_District_30,20.731953,78.862972,779153.25,2,3.81,7,1,0.205,2026-05-03 07:47:25
CASE_02199,FIR/2025/703,2025-11-19 21:09:25,PHISHING,Delhi,Synthetic_District_48,31.429016,94.761148,99903.48,3,3.38,21,2,0.085,2025-12-04 21:09:25
CASE_02200,FIR/2025/529,2025-06-01 03:52:25,PHISHING,Delhi,Synthetic_District_12,27.159977,68.941979,111225.83,18,4.84,3,6,0.653,2025-06-07 03:52:25
CASE_02201,FIR/2025/894,2025-07-20 22:55:25,PHISHING,Tamil Nadu,Synthetic_District_4,30.846012,74.254579,39325.88,19,4.65,22,6,0.252,2025-08-02 22:55:25
CASE_02202,FIR/2024/954,2024-10-23 05:37:25,IMPERSONATION,Andhra Pradesh,Synthetic_District_37,36.56241,75.499111,178029.8,8,3.43,5,2,0.002,2024-11-12 05:37:25
CASE_02203,FIR/2025/650,2025-09-17 12:53:25,PHISHING,Andhra Pradesh,Synthetic_District_21,30.577312,85.364785,68863.68,3,0.77,12,2,0.344,2025-10-03 12:53:25
CASE_02204,FIR/2024/371,2024-11-17 18:35:25,NET_BANKING_FRAUD,Kerala,Synthetic_District_34,33.687656,84.114908,172435.69,10,2.71,18,6,0.78,2024-11-28 18:35:25
CASE_02205,FIR/2025/883,2025-06-07 19:52:25,INVESTMENT_SCAM,West Bengal,Synthetic_District_1,15.421827,78.50119,650163.62,10,4.53,19,5,0.529,2025-06-08 19:52:25
CASE_02206,FIR/2025/409,2025-08-27 00:13:25,NET_BANKING_FRAUD,Delhi,Synthetic_District_24,17.657619,68.866044,152266.39,18,4.31,0,2,0.951,2025-09-14 00:13:25
CASE_02207,FIR/2026/795,2026-03-26 13:13:25,INVESTMENT_SCAM,Delhi,Synthetic_District_3,14.631862,85.11266,427043.04,5,0.93,13,3,0.249,2026-03-29 13:13:25
CASE_02208,FIR/2026/834,2026-02-03 18:42:25,UPI_FRAUD,Telangana,Synthetic_District_36,19.637229,80.026465,31109.46,7,4.76,18,1,0.776,2026-02-25 18:42:25
CASE_02209,FIR/2025/895,2025-02-11 10:36:25,NET_BANKING_FRAUD,Gujarat,Synthetic_District_11,34.670881,83.062443,113606.2,7,4.15,10,1,0.7,2025-02-20 10:36:25
CASE_02210,FIR/2025/277,2025-03-10 02:21:25,CARD_FRAUD,Uttar Pradesh,Synthetic_District_8,21.742794,87.329458,159643.51,13,1.62,2,0,0.115,2025-03-11 02:21:25
CASE_02211,FIR/2025/618,2025-05-27 23:33:25,PHISHING,Karnataka,Synthetic_District_31,8.130183,77.40126,108838.49,2,0.98,23,1,0.488,2025-06-07 23:33:25
CASE_02212,FIR/2026/263,2026-08-31 18:54:25,UPI_FRAUD,Karnataka,Synthetic_District_6,28.971597,82.183853,7442.26,10,1.9,18,0,0.272,2026-09-13 18:54:25
CASE_02213,FIR/2025/985,2025-07-09 09:16:25,INVESTMENT_SCAM,Maharashtra,Synthetic_District_4,33.184869,75.802744,180614.62,14,0.74,9,2,0.466,2025-07-30 09:16:25
CASE_02214,FIR/2024/796,2024-10-17 20:07:25,PHISHING,Uttar Pradesh,Synthetic_District_29,15.333008,72.953495,81745.0,2,1.23,20,3,0.721,2024-10-19 20:07:25
CASE_02215,FIR/2026/852,2026-02-04 10:43:25,OTHER,West Bengal,Synthetic_District_13,13.848232,84.613082,68989.22,12,2.59,10,2,0.493,2026-03-05 10:43:25
CASE_02216,FIR/2025/824,2025-05-31 15:20:25,PHISHING,Karnataka,Synthetic_District_28,9.420257,70.549812,80181.39,9,1.74,15,5,0.978,2025-06-05 15:20:25
CASE_02217,FIR/2025/859,2025-05-21 21:10:25,NET_BANKING_FRAUD,West Bengal,Synthetic_District_22,22.504861,70.891967,16019.98,15,0.13,21,2,0.365,2025-06-14 21:10:25
CASE_02218,FIR/2025/967,2025-01-17 11:12:25,NET_BANKING_FRAUD,Gujarat,Synthetic_District_43,11.834799,85.90533,122251.58,12,0.46,11,4,0.131,2025-01-21 11:12:25
CASE_02219,FIR/2026/229,2026-04-27 21:20:25,IMPERSONATION,Tamil Nadu,Synthetic_District_15,28.445927,96.11641,144453.23,15,4.22,21,0,0.831,2026-05-16 21:20:25
CASE_02220,FIR/2026/617,2026-07-23 23:33:25,NET_BANKING_FRAUD,Delhi,Synthetic_District_38,34.375244,77.966459,117512.63,12,4.58,23,3,0.811,2026-07-26 23:33:25
CASE_02221,FIR/2025/185,2025-12-12 23:36:25,INVESTMENT_SCAM,Kerala,Synthetic_District_39,12.781337,68.562521,663628.22,15,1.74,23,4,0.936,2025-12-22 23:36:25
CASE_02222,FIR/2026/406,2026-09-11 20:35:25,CARD_FRAUD,West Bengal,Synthetic_District_30,31.97505,84.901893,183033.32,6,1.99,20,4,0.346,2026-09-14 20:35:25
CASE_02223,FIR/2026/407,2026-03-13 10:00:25,IMPERSONATION,Uttar Pradesh,Synthetic_District_31,29.1009,74.833399,14947.88,14,3.57,10,4,0.461,2026-03-19 10:00:25
CASE_02224,FIR/2025/744,2025-06-21 01:57:25,IMPERSONATION,Telangana,Synthetic_District_20,26.056441,81.410755,61837.6,16,0.91,1,5,0.974,2025-07-04 01:57:25
CASE_02225,FIR/2025/870,2025-10-05 07:52:25,CARD_FRAUD,Kerala,Synthetic_District_15,33.935487,93.129921,180896.71,2,4.19,7,6,0.613,2025-10-24 07:52:25
CASE_02226,FIR/2024/756,2024-11-17 00:02:25,INVESTMENT_SCAM,Kerala,Synthetic_District_9,16.497333,84.854289,664910.37,14,4.81,0,6,0.626,2024-12-11 00:02:25
CASE_02227,FIR/2024/529,2024-11-20 11:03:25,UPI_FRAUD,Telangana,Synthetic_District_31,14.613581,80.04079,30110.23,10,4.41,11,2,0.406,2024-12-13 11:03:25
CASE_02228,FIR/2026/257,2026-09-09 20:53:25,CARD_FRAUD,Karnataka,Synthetic_District_15,19.96515,85.388265,53078.11,2,3.02,20,2,0.085,2026-09-18 20:53:25
CASE_02229,FIR/2026/251,2026-07-05 18:43:25,UPI_FRAUD,Gujarat,Synthetic_District_16,11.153262,88.611589,33970.62,15,1.0,18,6,0.182,2026-07-15 18:43:25
CASE_02230,FIR/2024/685,2024-12-06 01:16:25,OTHER,Karnataka,Synthetic_District_1,26.389898,83.129397,66323.5,5,4.6,1,4,0.797,2024-12-13 01:16:25
CASE_02231,FIR/2025/920,2025-09-02 12:18:25,IMPERSONATION,Kerala,Synthetic_District_11,12.579524,83.622416,55306.58,8,4.19,12,1,0.963,2025-09-23 12:18:25
CASE_02232,FIR/2025/810,2025-08-26 12:11:25,IMPERSONATION,Gujarat,Synthetic_District_31,31.120261,70.390179,83672.26,12,1.32,12,1,0.595,2025-09-21 12:11:25
CASE_02233,FIR/2025/859,2025-03-20 22:12:25,OTHER,Kerala,Synthetic_District_30,29.129228,74.852051,182642.37,11,0.15,22,3,0.72,2025-03-25 22:12:25
CASE_02234,FIR/2026/751,2026-06-11 10:46:25,INVESTMENT_SCAM,Karnataka,Synthetic_District_28,16.717806,81.145196,86038.81,3,4.34,10,3,0.645,2026-06-21 10:46:25
CASE_02235,FIR/2025/855,2025-02-26 07:17:25,NET_BANKING_FRAUD,Telangana,Synthetic_District_21,15.534421,95.211872,50634.49,10,0.96,7,2,0.249,2025-03-11 07:17:25
CASE_02236,FIR/2026/867,2026-06-26 08:23:25,PHISHING,Karnataka,Synthetic_District_48,20.55317,95.560573,145099.56,9,4.74,8,4,0.225,2026-07-03 08:23:25
CASE_02237,FIR/2025/119,2025-08-09 00:28:25,INVESTMENT_SCAM,Kerala,Synthetic_District_21,32.756478,89.44091,430233.24,19,4.34,0,5,0.791,2025-09-01 00:28:25
CASE_02238,FIR/2025/327,2025-09-19 22:17:25,NET_BANKING_FRAUD,Telangana,Synthetic_District_30,13.745712,91.989829,112029.25,17,0.58,22,4,0.221,2025-09-20 22:17:25
CASE_02239,FIR/2026/958,2026-02-04 00:02:25,CARD_FRAUD,Tamil Nadu,Synthetic_District_4,13.242867,74.67008,50461.87,10,0.6,0,2,0.179,2026-02-14 00:02:25
CASE_02240,FIR/2026/483,2026-01-30 00:46:25,IMPERSONATION,Tamil Nadu,Synthetic_District_46,31.749022,72.561193,114441.32,8,1.23,0,4,0.045,2026-03-01 00:46:25
CASE_02241,FIR/2024/235,2024-12-13 04:48:25,PHISHING,Telangana,Synthetic_District_7,31.746754,82.136737,50459.08,3,1.89,4,4,0.356,2024-12-31 04:48:25
CASE_02242,FIR/2026/373,2026-02-21 18:36:25,INVESTMENT_SCAM,Karnataka,Synthetic_District_18,12.404679,93.965468,958221.06,10,4.74,18,5,0.393,2026-02-24 18:36:25
CASE_02243,FIR/2024/481,2024-12-19 11:24:25,PHISHING,Maharashtra,Synthetic_District_9,17.301515,82.810061,74895.81,2,4.71,11,3,0.771,2024-12-22 11:24:25
CASE_02244,FIR/2026/850,2026-05-22 19:39:25,PHISHING,Telangana,Synthetic_District_2,18.129599,89.544754,164636.81,10,3.1,19,4,0.254,2026-06-16 19:39:25
CASE_02245,FIR/2024/441,2024-12-09 12:30:25,OTHER,Gujarat,Synthetic_District_49,17.10771,82.389152,94618.78,4,4.48,12,0,0.392,2025-01-04 12:30:25
CASE_02246,FIR/2025/384,2025-05-23 22:17:25,IMPERSONATION,Andhra Pradesh,Synthetic_District_16,8.506033,90.731186,130269.43,4,3.75,22,4,0.134,2025-06-20 22:17:25
CASE_02247,FIR/2024/473,2024-12-15 14:27:25,OTHER,Andhra Pradesh,Synthetic_District_16,17.162339,68.268486,107752.9,1,2.35,14,6,0.94,2024-12-26 14:27:25
CASE_02248,FIR/2024/675,2024-11-11 01:54:25,UPI_FRAUD,Andhra Pradesh,Synthetic_District_33,31.451595,87.361694,15788.18,14,3.02,1,0,0.461,2024-11-14 01:54:25
CASE_02249,FIR/2025/532,2025-08-08 23:28:25,PHISHING,Karnataka,Synthetic_District_33,9.218953,90.198395,138853.35,2,0.64,23,4,0.079,2025-08-18 23:28:25
CASE_02250,FIR/2025/321,2025-12-01 15:51:25,OTHER,Uttar Pradesh,Synthetic_District_10,22.082173,82.889883,10960.98,17,2.83,15,0,0.538,2025-12-08 15:51:25
CASE_02251,FIR/2024/495,2024-11-08 01:36:25,NET_BANKING_FRAUD,Tamil Nadu,Synthetic_District_36,23.167079,79.821322,131632.28,17,2.42,1,4,0.536,2024-11-20 01:36:25
CASE_02252,FIR/2024/530,2024-12-29 09:37:25,IMPERSONATION,Uttar Pradesh,Synthetic_District_3,36.797324,86.203605,71291.01,19,1.97,9,6,0.993,2025-01-23 09:37:25
CASE_02253,FIR/2026/280,2026-04-23 10:33:25,PHISHING,West Bengal,Synthetic_District_3,8.348914,95.528145,76658.51,16,0.87,10,3,0.002,2026-05-14 10:33:25
CASE_02254,FIR/2026/397,2026-04-19 20:28:25,IMPERSONATION,Gujarat,Synthetic_District_10,26.335935,81.28494,188784.28,12,2.16,20,6,0.018,2026-05-06 20:28:25
CASE_02255,FIR/2025/646,2025-05-16 16:31:25,IMPERSONATION,Tamil Nadu,Synthetic_District_4,30.290749,85.506153,156432.65,17,3.83,16,4,0.584,2025-06-04 16:31:25
CASE_02256,FIR/2025/390,2025-10-14 20:26:25,CARD_FRAUD,Uttar Pradesh,Synthetic_District_36,13.928167,81.382067,69989.21,3,1.38,20,1,0.481,2025-11-02 20:26:25
CASE_02257,FIR/2024/527,2024-11-05 06:09:25,INVESTMENT_SCAM,Gujarat,Synthetic_District_24,9.982965,84.274415,539347.05,16,4.48,6,1,0.084,2024-11-15 06:09:25
CASE_02258,FIR/2025/914,2025-09-27 05:47:25,CARD_FRAUD,Telangana,Synthetic_District_26,14.009618,76.806436,134098.22,3,2.57,5,5,0.916,2025-10-18 05:47:25
CASE_02259,FIR/2025/133,2025-12-22 23:22:25,PHISHING,Delhi,Synthetic_District_23,23.348423,95.878421,4235.24,14,1.72,23,0,0.791,2025-12-30 23:22:25
CASE_02260,FIR/2026/118,2026-01-23 15:15:25,NET_BANKING_FRAUD,Tamil Nadu,Synthetic_District_7,18.977316,87.937872,159125.78,16,0.63,15,4,0.783,2026-02-19 15:15:25
CASE_02261,FIR/2025/789,2025-11-28 20:08:25,CARD_FRAUD,Delhi,Synthetic_District_1,32.711304,72.163742,109953.68,2,0.78,20,4,0.375,2025-12-25 20:08:25
CASE_02262,FIR/2025/450,2025-07-24 03:05:25,UPI_FRAUD,Kerala,Synthetic_District_38,36.784018,82.711144,32943.39,2,3.36,3,3,0.586,2025-08-11 03:05:25
CASE_02263,FIR/2025/569,2025-05-01 11:39:25,NET_BANKING_FRAUD,Tamil Nadu,Synthetic_District_34,22.790055,71.918034,80890.86,13,0.58,11,3,0.215,2025-05-08 11:39:25
CASE_02264,FIR/2025/160,2025-07-15 00:18:25,PHISHING,Karnataka,Synthetic_District_2,24.82763,76.440441,154716.95,11,0.87,0,1,0.307,2025-08-14 00:18:25
CASE_02265,FIR/2025/384,2025-05-18 17:16:25,IMPERSONATION,Maharashtra,Synthetic_District_29,36.756102,84.425413,194757.99,14,1.64,17,6,0.271,2025-06-12 17:16:25
CASE_02266,FIR/2025/299,2025-10-30 21:17:25,INVESTMENT_SCAM,Telangana,Synthetic_District_7,23.1342,91.15497,521704.22,6,0.81,21,3,0.155,2025-11-24 21:17:25
CASE_02267,FIR/2025/230,2025-08-31 13:10:25,UPI_FRAUD,Tamil Nadu,Synthetic_District_3,11.759539,94.002548,308.46,10,0.29,13,6,0.382,2025-09-15 13:10:25
CASE_02268,FIR/2026/477,2026-01-04 19:56:25,CARD_FRAUD,West Bengal,Synthetic_District_37,29.360786,91.955907,16683.69,4,4.62,19,6,0.851,2026-01-10 19:56:25
CASE_02269,FIR/2026/541,2026-03-02 17:06:25,UPI_FRAUD,Karnataka,Synthetic_District_46,23.725684,71.327996,20699.61,6,1.17,17,0,0.127,2026-03-19 17:06:25
CASE_02270,FIR/2026/728,2026-04-19 02:34:25,CARD_FRAUD,Karnataka,Synthetic_District_38,24.149341,91.190064,97696.92,14,0.51,2,6,0.141,2026-05-02 02:34:25
CASE_02271,FIR/2026/976,2026-06-18 03:38:25,INVESTMENT_SCAM,Kerala,Synthetic_District_20,16.784998,68.429582,819797.9,6,4.02,3,3,0.26,2026-07-06 03:38:25
CASE_02272,FIR/2025/295,2025-03-01 01:19:25,INVESTMENT_SCAM,Maharashtra,Synthetic_District_16,33.180884,74.806459,844572.54,3,1.57,1,5,0.042,2025-03-04 01:19:25
CASE_02273,FIR/2025/795,2025-01-20 09:47:25,IMPERSONATION,Andhra Pradesh,Synthetic_District_41,25.027652,71.531724,31347.42,9,3.96,9,0,0.604,2025-01-28 09:47:25
CASE_02274,FIR/2026/125,2026-08-16 11:11:25,UPI_FRAUD,Kerala,Synthetic_District_30,34.989702,90.850728,19223.42,17,2.88,11,6,0.744,2026-09-12 11:11:25
CASE_02275,FIR/2025/851,2025-01-12 11:36:25,OTHER,Telangana,Synthetic_District_25,35.735979,87.619703,123512.08,5,4.45,11,6,0.726,2025-01-26 11:36:25
CASE_02276,FIR/2026/164,2026-04-26 10:27:25,OTHER,Karnataka,Synthetic_District_15,15.593175,76.146207,43072.26,7,3.8,10,6,0.516,2026-04-30 10:27:25
CASE_02277,FIR/2026/450,2026-04-28 12:51:25,CARD_FRAUD,Maharashtra,Synthetic_District_45,28.41227,72.540599,2931.79,4,2.28,12,1,0.587,2026-04-29 12:51:25
CASE_02278,FIR/2025/524,2025-08-13 02:13:25,UPI_FRAUD,Karnataka,Synthetic_District_37,29.600364,90.979162,25166.17,13,2.32,2,2,0.296,2025-09-09 02:13:25
CASE_02279,FIR/2026/302,2026-02-27 07:18:25,PHISHING,Maharashtra,Synthetic_District_17,31.470402,78.256936,14772.58,13,1.43,7,4,0.474,2026-03-24 07:18:25
CASE_02280,FIR/2025/714,2025-03-05 07:05:25,IMPERSONATION,Kerala,Synthetic_District_4,21.194824,75.764142,195366.62,8,1.15,7,2,0.993,2025-03-20 07:05:25
CASE_02281,FIR/2025/637,2025-06-28 01:24:25,IMPERSONATION,Gujarat,Synthetic_District_1,25.52379,74.660444,116544.27,20,0.62,1,5,0.229,2025-07-22 01:24:25
CASE_02282,FIR/2026/514,2026-06-21 01:50:25,PHISHING,Kerala,Synthetic_District_5,8.124903,79.173941,163348.25,8,0.92,1,6,0.759,2026-07-06 01:50:25
CASE_02283,FIR/2025/146,2025-09-23 23:49:25,IMPERSONATION,Telangana,Synthetic_District_32,34.83833,79.500746,129534.85,3,3.46,23,1,0.036,2025-09-24 23:49:25
CASE_02284,FIR/2026/516,2026-03-30 12:10:25,IMPERSONATION,Maharashtra,Synthetic_District_11,17.341456,79.488779,67125.17,13,4.66,12,0,0.021,2026-04-08 12:10:25
CASE_02285,FIR/2025/407,2025-12-25 02:18:25,NET_BANKING_FRAUD,West Bengal,Synthetic_District_25,30.472025,86.448341,93311.95,17,3.0,2,3,0.509,2026-01-11 02:18:25
CASE_02286,FIR/2024/927,2024-12-10 06:45:25,IMPERSONATION,Maharashtra,Synthetic_District_2,36.658606,94.719242,50044.82,15,4.01,6,1,0.004,2024-12-13 06:45:25
CASE_02287,FIR/2025/592,2025-12-29 08:33:25,OTHER,Telangana,Synthetic_District_37,34.316141,85.270032,45162.78,7,4.1,8,0,0.934,2026-01-13 08:33:25
CASE_02288,FIR/2026/687,2026-03-23 19:52:25,UPI_FRAUD,Andhra Pradesh,Synthetic_District_4,36.788314,76.062928,22173.25,1,0.93,19,0,0.093,2026-04-02 19:52:25
CASE_02289,FIR/2025/706,2025-07-26 19:36:25,CARD_FRAUD,Andhra Pradesh,Synthetic_District_29,16.100166,74.738501,67503.33,17,1.58,19,5,0.565,2025-08-09 19:36:25
CASE_02290,FIR/2026/211,2026-09-18 03:08:25,PHISHING,Gujarat,Synthetic_District_50,27.711475,91.737762,46533.55,8,1.86,3,4,0.907,2026-10-17 03:08:25
CASE_02291,FIR/2024/697,2024-11-25 02:24:25,IMPERSONATION,Delhi,Synthetic_District_25,26.168724,96.418455,159596.48,7,3.62,2,0,0.718,2024-12-19 02:24:25
CASE_02292,FIR/2026/206,2026-06-20 08:26:25,OTHER,Gujarat,Synthetic_District_14,35.884342,93.202543,91816.04,14,3.5,8,5,0.155,2026-07-07 08:26:25
CASE_02293,FIR/2026/300,2026-02-19 15:31:25,PHISHING,West Bengal,Synthetic_District_23,32.528128,78.907358,185889.8,11,4.85,15,3,0.244,2026-03-11 15:31:25
CASE_02294,FIR/2025/564,2025-03-06 08:27:25,OTHER,Maharashtra,Synthetic_District_17,28.337566,96.739956,78216.04,8,1.44,8,3,0.201,2025-03-10 08:27:25
CASE_02295,FIR/2026/540,2026-02-05 12:09:25,NET_BANKING_FRAUD,Karnataka,Synthetic_District_24,18.551288,86.591433,187507.89,16,4.38,12,3,0.825,2026-02-20 12:09:25
CASE_02296,FIR/2026/239,2026-06-13 20:52:25,IMPERSONATION,Telangana,Synthetic_District_2,19.402843,91.532542,25165.6,18,3.1,20,5,0.934,2026-06-25 20:52:25
CASE_02297,FIR/2025/706,2025-06-26 05:04:25,NET_BANKING_FRAUD,West Bengal,Synthetic_District_45,25.283133,68.45169,42516.56,10,3.35,5,3,0.628,2025-07-07 05:04:25
CASE_02298,FIR/2025/713,2025-10-04 07:45:25,OTHER,Tamil Nadu,Synthetic_District_17,27.180948,81.787647,174912.28,4,3.65,7,5,0.986,2025-10-17 07:45:25
CASE_02299,FIR/2026/953,2026-05-19 21:08:25,CARD_FRAUD,Karnataka,Synthetic_District_22,8.691754,94.79358,26102.49,13,4.93,21,1,0.007,2026-06-10 21:08:25
CASE_02300,FIR/2024/185,2024-12-20 20:27:25,OTHER,Telangana,Synthetic_District_28,10.140188,70.041983,150219.34,19,2.35,20,4,0.562,2025-01-15 20:27:25
CASE_02301,FIR/2025/242,2025-06-15 16:24:25,IMPERSONATION,Maharashtra,Synthetic_District_15,8.035012,87.504992,103339.73,18,2.61,16,6,0.655,2025-06-22 16:24:25
CASE_02302,FIR/2026/739,2026-03-27 02:27:25,NET_BANKING_FRAUD,Karnataka,Synthetic_District_49,27.731577,95.553242,166609.41,18,4.28,2,4,0.478,2026-04-03 02:27:25
CASE_02303,FIR/2026/368,2026-08-20 22:49:25,UPI_FRAUD,West Bengal,Synthetic_District_8,22.319917,93.780072,13258.43,15,4.75,22,3,0.245,2026-09-03 22:49:25
CASE_02304,FIR/2025/241,2025-10-06 03:31:25,NET_BANKING_FRAUD,Delhi,Synthetic_District_5,30.390902,83.378882,14971.25,5,4.41,3,0,0.021,2025-10-13 03:31:25
CASE_02305,FIR/2024/224,2024-12-22 09:31:25,NET_BANKING_FRAUD,Gujarat,Synthetic_District_25,9.830785,86.2611,164567.53,8,4.16,9,6,0.156,2025-01-05 09:31:25
CASE_02306,FIR/2025/344,2025-06-24 20:29:25,IMPERSONATION,Andhra Pradesh,Synthetic_District_33,13.488951,94.478765,87836.03,20,3.0,20,1,0.414,2025-07-09 20:29:25
CASE_02307,FIR/2025/330,2025-12-18 00:45:25,OTHER,Uttar Pradesh,Synthetic_District_43,9.963874,84.57539,49519.82,8,3.33,0,3,0.978,2025-12-23 00:45:25
CASE_02308,FIR/2026/924,2026-03-29 21:41:25,IMPERSONATION,Gujarat,Synthetic_District_7,13.069341,93.75384,161203.21,8,2.36,21,6,0.26,2026-04-26 21:41:25
CASE_02309,FIR/2026/290,2026-07-01 11:05:25,OTHER,Telangana,Synthetic_District_12,34.302926,80.019755,172155.09,9,1.36,11,2,0.684,2026-07-10 11:05:25
CASE_02310,FIR/2025/847,2025-06-11 16:25:25,NET_BANKING_FRAUD,West Bengal,Synthetic_District_28,22.711573,93.291137,153582.04,4,0.46,16,2,0.783,2025-06-19 16:25:25
CASE_02311,FIR/2025/824,2025-05-13 18:12:25,CARD_FRAUD,West Bengal,Synthetic_District_2,17.293763,82.490782,5837.33,3,4.22,18,1,0.317,2025-05-25 18:12:25
CASE_02312,FIR/2026/889,2026-05-31 14:27:25,OTHER,Andhra Pradesh,Synthetic_District_45,33.77456,90.619964,139156.13,17,2.45,14,6,0.61,2026-06-06 14:27:25
CASE_02313,FIR/2025/830,2025-09-29 10:51:25,IMPERSONATION,Kerala,Synthetic_District_25,35.657766,81.5709,31236.87,4,2.12,10,0,0.886,2025-10-12 10:51:25
CASE_02314,FIR/2025/431,2025-11-08 15:46:25,PHISHING,West Bengal,Synthetic_District_20,10.101348,91.092817,30005.09,6,3.15,15,5,0.345,2025-11-28 15:46:25
CASE_02315,FIR/2026/838,2026-05-26 11:16:25,NET_BANKING_FRAUD,Gujarat,Synthetic_District_37,13.671396,92.086772,154142.81,16,4.28,11,1,0.316,2026-06-07 11:16:25
CASE_02316,FIR/2024/837,2024-12-08 11:26:25,OTHER,Gujarat,Synthetic_District_18,27.783499,70.131223,30063.71,16,3.41,11,6,0.988,2025-01-07 11:26:25
CASE_02317,FIR/2026/251,2026-01-08 16:58:25,IMPERSONATION,Telangana,Synthetic_District_26,35.777411,81.427477,106013.5,14,0.61,16,3,0.16,2026-01-26 16:58:25
CASE_02318,FIR/2025/131,2025-07-25 16:39:25,PHISHING,Karnataka,Synthetic_District_35,9.245875,79.53976,41851.97,8,0.26,16,4,0.948,2025-08-17 16:39:25
CASE_02319,FIR/2025/752,2025-02-26 10:55:25,IMPERSONATION,West Bengal,Synthetic_District_9,22.827014,74.471977,51296.48,6,4.02,10,2,0.039,2025-03-14 10:55:25
CASE_02320,FIR/2026/275,2026-08-30 15:18:25,INVESTMENT_SCAM,Gujarat,Synthetic_District_15,28.771804,96.466106,242586.65,10,2.77,15,6,0.149,2026-08-31 15:18:25
CASE_02321,FIR/2026/965,2026-01-25 20:45:25,UPI_FRAUD,Karnataka,Synthetic_District_36,16.552873,83.79833,30897.42,9,4.17,20,6,0.069,2026-02-16 20:45:25
CASE_02322,FIR/2025/314,2025-03-13 08:24:25,IMPERSONATION,Andhra Pradesh,Synthetic_District_21,9.92045,86.116463,86546.51,11,1.83,8,3,0.091,2025-04-05 08:24:25
CASE_02323,FIR/2024/217,2024-10-18 17:08:25,UPI_FRAUD,Uttar Pradesh,Synthetic_District_20,27.970432,90.288922,1714.82,5,0.73,17,4,0.877,2024-10-25 17:08:25
CASE_02324,FIR/2026/562,2026-09-05 17:45:25,PHISHING,Delhi,Synthetic_District_9,14.978186,69.110304,84249.98,17,1.23,17,5,0.705,2026-09-12 17:45:25
CASE_02325,FIR/2026/755,2026-08-16 01:28:25,PHISHING,Kerala,Synthetic_District_13,36.877174,77.595927,175553.91,7,2.91,1,6,0.981,2026-09-10 01:28:25
CASE_02326,FIR/2026/720,2026-05-08 21:39:25,INVESTMENT_SCAM,Maharashtra,Synthetic_District_27,28.574462,74.412292,78629.08,14,4.22,21,4,0.785,2026-05-28 21:39:25
CASE_02327,FIR/2025/109,2025-10-29 10:15:25,IMPERSONATION,Tamil Nadu,Synthetic_District_14,32.885714,75.372935,135536.2,9,4.56,10,2,0.064,2025-10-30 10:15:25
CASE_02328,FIR/2025/575,2025-11-01 20:12:25,NET_BANKING_FRAUD,Karnataka,Synthetic_District_2,27.887453,76.334435,53516.74,11,2.81,20,5,0.1,2025-11-25 20:12:25
CASE_02329,FIR/2026/694,2026-08-01 20:16:25,NET_BANKING_FRAUD,Andhra Pradesh,Synthetic_District_45,12.928736,68.104195,60565.42,5,1.55,20,5,0.119,2026-08-02 20:16:25
CASE_02330,FIR/2025/517,2025-08-20 17:26:25,INVESTMENT_SCAM,Uttar Pradesh,Synthetic_District_37,36.368522,80.055368,966107.53,7,0.7,17,2,0.836,2025-09-12 17:26:25
CASE_02331,FIR/2025/266,2025-09-04 03:55:25,IMPERSONATION,Delhi,Synthetic_District_43,31.002316,84.02756,49663.91,2,1.69,3,3,0.837,2025-09-11 03:55:25
CASE_02332,FIR/2026/458,2026-01-09 13:13:25,IMPERSONATION,Kerala,Synthetic_District_48,9.660713,88.283664,61527.97,10,2.54,13,4,0.405,2026-01-20 13:13:25
CASE_02333,FIR/2026/209,2026-08-22 23:23:25,CARD_FRAUD,Maharashtra,Synthetic_District_8,34.524428,90.512511,10297.85,11,1.66,23,5,0.686,2026-09-18 23:23:25
CASE_02334,FIR/2025/651,2025-04-03 07:13:25,IMPERSONATION,Delhi,Synthetic_District_26,9.170928,70.391225,109116.28,15,1.45,7,3,0.588,2025-04-11 07:13:25
CASE_02335,FIR/2024/646,2024-10-20 01:43:25,CARD_FRAUD,West Bengal,Synthetic_District_1,28.494261,85.197258,160665.99,4,4.2,1,6,0.432,2024-11-15 01:43:25
CASE_02336,FIR/2025/325,2025-08-11 20:56:25,INVESTMENT_SCAM,Telangana,Synthetic_District_45,17.525827,88.071957,992071.55,10,3.34,20,0,0.364,2025-09-09 20:56:25
CASE_02337,FIR/2025/677,2025-04-02 18:05:25,IMPERSONATION,Andhra Pradesh,Synthetic_District_29,17.31408,82.381836,158896.87,20,4.91,18,2,0.088,2025-04-24 18:05:25
CASE_02338,FIR/2025/118,2025-04-10 07:22:25,OTHER,Kerala,Synthetic_District_49,17.60939,79.938638,110102.14,5,2.27,7,3,0.25,2025-05-05 07:22:25
CASE_02339,FIR/2026/683,2026-08-29 19:50:25,NET_BANKING_FRAUD,Telangana,Synthetic_District_34,24.542764,94.435348,1111.91,2,4.01,19,5,0.109,2026-09-10 19:50:25
CASE_02340,FIR/2026/306,2026-08-05 21:56:25,UPI_FRAUD,Andhra Pradesh,Synthetic_District_46,23.128949,90.528715,38851.72,2,0.14,21,2,0.514,2026-08-14 21:56:25
CASE_02341,FIR/2026/787,2026-01-12 06:28:25,IMPERSONATION,West Bengal,Synthetic_District_41,24.755246,82.970237,14999.25,20,3.64,6,0,0.007,2026-02-11 06:28:25
CASE_02342,FIR/2026/865,2026-02-19 01:09:25,UPI_FRAUD,Tamil Nadu,Synthetic_District_47,32.275945,85.524641,37049.63,16,2.93,1,3,0.86,2026-03-11 01:09:25
CASE_02343,FIR/2025/436,2025-02-06 06:51:25,IMPERSONATION,Andhra Pradesh,Synthetic_District_4,34.458595,92.832722,181366.24,8,1.14,6,3,0.677,2025-03-02 06:51:25
CASE_02344,FIR/2026/249,2026-04-06 09:28:25,CARD_FRAUD,West Bengal,Synthetic_District_24,29.282531,95.933832,176620.45,18,4.32,9,0,0.512,2026-04-23 09:28:25
CASE_02345,FIR/2026/894,2026-07-28 20:19:25,OTHER,Tamil Nadu,Synthetic_District_37,21.554937,88.203621,153630.84,2,3.59,20,1,0.897,2026-07-29 20:19:25
CASE_02346,FIR/2026/391,2026-07-21 17:15:25,PHISHING,Uttar Pradesh,Synthetic_District_38,36.42632,92.639943,99791.85,10,3.93,17,1,0.313,2026-08-12 17:15:25
CASE_02347,FIR/2026/383,2026-07-19 14:01:25,OTHER,Maharashtra,Synthetic_District_3,21.105085,84.864382,160194.21,6,3.74,14,6,0.135,2026-08-09 14:01:25
CASE_02348,FIR/2025/562,2025-09-16 02:26:25,PHISHING,Telangana,Synthetic_District_37,11.16463,79.338977,60245.93,9,1.32,2,1,0.58,2025-10-16 02:26:25
CASE_02349,FIR/2026/741,2026-03-10 23:43:25,INVESTMENT_SCAM,Uttar Pradesh,Synthetic_District_48,9.571515,91.558874,539938.46,19,4.83,23,1,0.364,2026-04-07 23:43:25
CASE_02350,FIR/2025/788,2025-08-17 07:17:25,OTHER,Gujarat,Synthetic_District_22,20.082552,96.600446,45370.7,18,0.45,7,6,0.477,2025-08-27 07:17:25
CASE_02351,FIR/2025/810,2025-05-11 02:28:25,UPI_FRAUD,Tamil Nadu,Synthetic_District_4,36.886282,86.912487,24491.4,4,4.05,2,6,0.84,2025-05-26 02:28:25
CASE_02352,FIR/2025/297,2025-10-31 20:41:25,IMPERSONATION,Telangana,Synthetic_District_43,8.740678,86.166125,127727.37,16,2.59,20,4,0.218,2025-11-19 20:41:25
CASE_02353,FIR/2025/613,2025-03-08 20:57:25,PHISHING,Telangana,Synthetic_District_19,8.395967,94.22151,143383.81,14,2.95,20,5,0.604,2025-03-13 20:57:25
CASE_02354,FIR/2026/291,2026-04-20 03:28:25,OTHER,Tamil Nadu,Synthetic_District_6,30.1844,95.898154,9600.39,13,1.64,3,0,0.159,2026-04-28 03:28:25
CASE_02355,FIR/2025/221,2025-08-17 15:27:25,IMPERSONATION,Kerala,Synthetic_District_40,21.064219,75.611969,66871.9,2,1.02,15,6,0.969,2025-08-25 15:27:25
CASE_02356,FIR/2025/911,2025-07-01 08:16:25,UPI_FRAUD,Uttar Pradesh,Synthetic_District_22,33.700666,84.969642,14671.76,12,1.64,8,1,0.345,2025-07-16 08:16:25
CASE_02357,FIR/2024/581,2024-11-10 20:47:25,UPI_FRAUD,Kerala,Synthetic_District_5,13.642286,96.256876,20612.56,9,4.69,20,6,0.793,2024-11-29 20:47:25
CASE_02358,FIR/2025/263,2025-07-07 08:36:25,NET_BANKING_FRAUD,Maharashtra,Synthetic_District_36,24.347835,94.887975,23120.26,20,0.56,8,0,0.635,2025-07-23 08:36:25
CASE_02359,FIR/2026/528,2026-08-24 16:33:25,OTHER,Telangana,Synthetic_District_2,20.690384,79.751413,3839.56,5,0.93,16,0,0.149,2026-09-11 16:33:25
CASE_02360,FIR/2026/473,2026-07-26 00:26:25,IMPERSONATION,Andhra Pradesh,Synthetic_District_19,16.215218,84.16626,126831.76,12,1.32,0,6,0.004,2026-08-04 00:26:25
CASE_02361,FIR/2025/694,2025-10-14 04:05:25,OTHER,Telangana,Synthetic_District_4,11.656008,79.828808,187975.98,11,2.2,4,1,0.5,2025-10-30 04:05:25
CASE_02362,FIR/2026/912,2026-04-04 12:36:25,IMPERSONATION,Tamil Nadu,Synthetic_District_15,26.738814,82.1566,63011.07,7,2.93,12,5,0.601,2026-04-13 12:36:25
CASE_02363,FIR/2026/810,2026-08-25 05:47:25,UPI_FRAUD,Tamil Nadu,Synthetic_District_26,24.401389,88.905309,26025.47,5,4.75,5,1,0.424,2026-09-24 05:47:25
CASE_02364,FIR/2026/163,2026-04-28 16:56:25,IMPERSONATION,Uttar Pradesh,Synthetic_District_29,18.861218,77.777602,37568.55,1,2.06,16,1,0.458,2026-05-18 16:56:25
CASE_02365,FIR/2024/838,2024-11-07 06:26:25,NET_BANKING_FRAUD,Maharashtra,Synthetic_District_22,27.668242,73.00666,5727.64,2,1.12,6,3,0.848,2024-11-16 06:26:25
CASE_02366,FIR/2025/587,2025-08-12 11:47:25,NET_BANKING_FRAUD,Delhi,Synthetic_District_8,19.089384,89.115359,87848.31,18,3.28,11,1,0.686,2025-09-06 11:47:25
CASE_02367,FIR/2026/959,2026-09-02 00:22:25,IMPERSONATION,Maharashtra,Synthetic_District_48,25.291793,84.761752,127403.43,13,3.94,0,2,0.609,2026-09-06 00:22:25
CASE_02368,FIR/2024/263,2024-10-02 02:59:25,UPI_FRAUD,Delhi,Synthetic_District_27,9.221588,69.613946,24071.16,18,0.72,2,2,0.145,2024-10-10 02:59:25
CASE_02369,FIR/2026/564,2026-07-30 07:13:25,IMPERSONATION,Karnataka,Synthetic_District_21,16.296086,84.230134,56665.93,16,3.7,7,3,0.535,2026-08-14 07:13:25
CASE_02370,FIR/2025/298,2025-03-19 10:44:25,PHISHING,Delhi,Synthetic_District_11,28.096117,83.03804,13365.76,1,4.8,10,2,0.981,2025-03-25 10:44:25
CASE_02371,FIR/2025/364,2025-12-05 11:20:25,UPI_FRAUD,Andhra Pradesh,Synthetic_District_46,20.153501,82.594813,45086.68,11,0.77,11,4,0.881,2025-12-21 11:20:25
CASE_02372,FIR/2025/809,2025-11-21 17:39:25,INVESTMENT_SCAM,Karnataka,Synthetic_District_42,20.371022,92.079132,446108.17,9,2.26,17,4,0.695,2025-11-30 17:39:25
CASE_02373,FIR/2025/663,2025-09-14 22:08:25,NET_BANKING_FRAUD,Gujarat,Synthetic_District_45,15.267644,82.349723,44286.26,18,1.38,22,6,0.442,2025-10-10 22:08:25
CASE_02374,FIR/2026/590,2026-09-13 15:23:25,CARD_FRAUD,Gujarat,Synthetic_District_30,30.487649,69.532875,83898.26,14,0.52,15,6,0.905,2026-09-30 15:23:25
CASE_02375,FIR/2026/258,2026-02-24 12:14:25,PHISHING,Andhra Pradesh,Synthetic_District_34,9.777605,85.363432,109605.42,17,4.0,12,1,0.147,2026-03-09 12:14:25
CASE_02376,FIR/2026/486,2026-09-03 15:49:25,IMPERSONATION,Kerala,Synthetic_District_8,20.688858,68.037984,129136.34,7,4.34,15,3,0.075,2026-09-20 15:49:25
CASE_02377,FIR/2025/507,2025-12-07 18:06:25,NET_BANKING_FRAUD,West Bengal,Synthetic_District_33,8.30666,73.836678,145998.52,13,1.95,18,6,0.999,2026-01-04 18:06:25
CASE_02378,FIR/2026/696,2026-05-14 04:25:25,UPI_FRAUD,West Bengal,Synthetic_District_13,34.029443,93.523401,7302.83,9,0.75,4,3,0.685,2026-05-22 04:25:25
CASE_02379,FIR/2025/508,2025-10-17 14:28:25,CARD_FRAUD,Karnataka,Synthetic_District_6,24.727226,70.482397,17557.96,20,2.83,14,4,0.262,2025-10-18 14:28:25
CASE_02380,FIR/2026/101,2026-03-18 06:45:25,IMPERSONATION,West Bengal,Synthetic_District_50,28.99399,79.611199,24581.47,4,1.9,6,2,0.039,2026-04-02 06:45:25
CASE_02381,FIR/2026/392,2026-07-25 20:31:25,UPI_FRAUD,Karnataka,Synthetic_District_19,14.556577,80.314816,23617.65,18,2.94,20,5,0.732,2026-08-14 20:31:25
CASE_02382,FIR/2025/400,2025-10-23 07:29:25,PHISHING,Andhra Pradesh,Synthetic_District_6,27.421036,77.498169,129975.22,3,0.55,7,3,0.926,2025-11-11 07:29:25
CASE_02383,FIR/2024/208,2024-09-29 18:28:25,NET_BANKING_FRAUD,Gujarat,Synthetic_District_36,29.370368,68.814234,11148.26,6,0.16,18,6,0.048,2024-10-11 18:28:25
CASE_02384,FIR/2026/880,2026-08-12 02:21:25,NET_BANKING_FRAUD,Tamil Nadu,Synthetic_District_46,27.797654,73.09313,33530.99,3,0.16,2,2,0.675,2026-09-01 02:21:25
CASE_02385,FIR/2026/584,2026-01-24 04:42:25,INVESTMENT_SCAM,Kerala,Synthetic_District_42,21.360659,88.091744,801028.07,11,3.24,4,5,0.868,2026-02-07 04:42:25
CASE_02386,FIR/2025/866,2025-08-25 12:40:25,IMPERSONATION,Kerala,Synthetic_District_17,32.11108,72.84295,197565.05,5,1.98,12,0,0.678,2025-09-14 12:40:25
CASE_02387,FIR/2025/185,2025-06-21 14:26:25,PHISHING,Andhra Pradesh,Synthetic_District_19,11.277168,90.578249,12175.11,7,2.26,14,5,0.039,2025-07-17 14:26:25
CASE_02388,FIR/2026/899,2026-08-27 03:50:25,PHISHING,Uttar Pradesh,Synthetic_District_50,14.663314,80.880018,48432.74,14,4.0,3,3,0.395,2026-09-15 03:50:25
CASE_02389,FIR/2026/861,2026-09-03 12:13:25,NET_BANKING_FRAUD,Andhra Pradesh,Synthetic_District_50,34.599769,92.286997,107181.07,11,1.78,12,3,0.767,2026-09-29 12:13:25
CASE_02390,FIR/2026/471,2026-01-11 02:23:25,IMPERSONATION,West Bengal,Synthetic_District_20,25.845933,79.338579,10238.87,17,0.49,2,6,0.273,2026-01-31 02:23:25
CASE_02391,FIR/2024/916,2024-11-04 08:48:25,PHISHING,Telangana,Synthetic_District_33,19.622265,76.214002,191244.51,2,3.4,8,0,0.444,2024-11-13 08:48:25
CASE_02392,FIR/2025/547,2025-09-02 17:21:25,INVESTMENT_SCAM,Tamil Nadu,Synthetic_District_12,15.494675,90.180726,598680.87,11,0.81,17,1,0.441,2025-09-21 17:21:25
CASE_02393,FIR/2025/158,2025-01-18 20:42:25,UPI_FRAUD,West Bengal,Synthetic_District_24,31.219744,92.986465,4617.41,18,1.33,20,5,0.677,2025-02-16 20:42:25
CASE_02394,FIR/2026/429,2026-03-07 12:20:25,IMPERSONATION,Uttar Pradesh,Synthetic_District_15,31.736686,70.214851,199097.66,12,4.15,12,5,0.412,2026-03-24 12:20:25
CASE_02395,FIR/2026/840,2026-08-11 22:48:25,OTHER,Tamil Nadu,Synthetic_District_42,15.97495,95.172833,132156.83,18,0.14,22,1,0.759,2026-09-09 22:48:25
CASE_02396,FIR/2025/258,2025-03-07 21:27:25,OTHER,Telangana,Synthetic_District_40,36.066364,82.364862,84299.63,5,0.14,21,4,0.852,2025-03-17 21:27:25
CASE_02397,FIR/2026/595,2026-04-11 22:37:25,INVESTMENT_SCAM,West Bengal,Synthetic_District_7,28.829588,72.086283,541189.57,3,4.28,22,5,0.804,2026-04-27 22:37:25
CASE_02398,FIR/2026/557,2026-08-30 01:23:25,IMPERSONATION,Kerala,Synthetic_District_25,8.142676,73.060643,108426.64,8,4.68,1,6,0.958,2026-09-15 01:23:25
CASE_02399,FIR/2026/284,2026-04-13 01:28:25,NET_BANKING_FRAUD,Maharashtra,Synthetic_District_17,20.463622,81.282325,197346.66,16,1.75,1,0,0.047,2026-04-22 01:28:25
CASE_02400,FIR/2025/533,2025-09-16 21:24:25,OTHER,Gujarat,Synthetic_District_28,25.970532,82.599963,179514.1,20,2.33,21,1,0.993,2025-10-03 21:24:25
CASE_02401,FIR/2026/625,2026-01-15 08:06:25,CARD_FRAUD,Kerala,Synthetic_District_29,29.996259,96.027809,56477.36,8,1.46,8,3,0.116,2026-02-04 08:06:25
CASE_02402,FIR/2025/318,2025-02-16 16:44:25,INVESTMENT_SCAM,Andhra Pradesh,Synthetic_District_1,28.046419,95.914269,991568.38,14,0.99,16,6,0.454,2025-03-10 16:44:25
CASE_02403,FIR/2024/355,2024-12-04 15:22:25,PHISHING,West Bengal,Synthetic_District_39,8.789246,72.442545,50982.41,9,4.22,15,2,0.528,2024-12-30 15:22:25
CASE_02404,FIR/2025/907,2025-07-28 08:23:25,PHISHING,Telangana,Synthetic_District_27,11.446025,93.725519,84964.53,12,2.11,8,0,0.803,2025-08-02 08:23:25
CASE_02405,FIR/2026/163,2026-09-21 21:29:25,PHISHING,Gujarat,Synthetic_District_2,27.059695,77.723348,173694.46,9,2.64,21,0,0.866,2026-09-29 21:29:25
CASE_02406,FIR/2025/560,2025-01-12 04:47:25,PHISHING,Kerala,Synthetic_District_16,15.194198,74.182215,141604.05,15,4.81,4,6,0.176,2025-02-10 04:47:25
CASE_02407,FIR/2026/523,2026-07-28 15:33:25,NET_BANKING_FRAUD,Delhi,Synthetic_District_19,16.649293,93.293941,14413.75,12,2.15,15,1,0.862,2026-08-23 15:33:25
CASE_02408,FIR/2025/815,2025-01-14 21:25:25,UPI_FRAUD,Karnataka,Synthetic_District_32,23.791393,73.394234,10564.38,16,2.74,21,1,0.798,2025-02-12 21:25:25
CASE_02409,FIR/2025/405,2025-11-08 05:49:25,CARD_FRAUD,Telangana,Synthetic_District_40,32.991217,77.608546,139693.94,13,1.95,5,5,0.354,2025-11-19 05:49:25
CASE_02410,FIR/2026/269,2026-09-25 01:50:25,INVESTMENT_SCAM,West Bengal,Synthetic_District_44,23.145349,77.819068,933587.69,3,4.7,1,4,0.915,2026-10-12 01:50:25
CASE_02411,FIR/2026/423,2026-09-21 10:09:25,NET_BANKING_FRAUD,Uttar Pradesh,Synthetic_District_18,19.313285,94.747932,117215.94,20,2.68,10,0,0.31,2026-10-09 10:09:25
CASE_02412,FIR/2026/393,2026-02-24 22:29:25,OTHER,Gujarat,Synthetic_District_3,17.521818,69.289224,106990.52,3,3.38,22,1,0.84,2026-03-02 22:29:25
CASE_02413,FIR/2026/193,2026-06-23 10:20:25,OTHER,Delhi,Synthetic_District_14,29.627972,94.620961,181023.7,7,4.35,10,1,0.945,2026-07-10 10:20:25
CASE_02414,FIR/2025/993,2025-12-20 01:53:25,OTHER,Gujarat,Synthetic_District_35,19.28677,80.396798,89060.28,18,3.54,1,5,0.778,2025-12-26 01:53:25
CASE_02415,FIR/2026/129,2026-01-24 21:18:25,NET_BANKING_FRAUD,Tamil Nadu,Synthetic_District_10,8.182473,96.8243,148017.42,16,2.3,21,5,0.226,2026-02-02 21:18:25
CASE_02416,FIR/2025/781,2025-12-21 19:32:25,UPI_FRAUD,West Bengal,Synthetic_District_15,31.892492,75.712834,20394.32,12,4.09,19,6,0.754,2026-01-11 19:32:25
CASE_02417,FIR/2026/535,2026-09-21 04:15:25,PHISHING,Delhi,Synthetic_District_13,35.667155,71.742894,69082.5,15,2.55,4,0,0.714,2026-09-23 04:15:25
CASE_02418,FIR/2024/465,2024-11-26 01:06:25,PHISHING,Uttar Pradesh,Synthetic_District_31,14.331396,95.304031,68591.72,15,1.18,1,1,0.636,2024-12-23 01:06:25
CASE_02419,FIR/2025/929,2025-02-05 22:20:25,CARD_FRAUD,Gujarat,Synthetic_District_2,17.053001,72.733293,163347.13,9,0.3,22,2,0.727,2025-02-10 22:20:25
CASE_02420,FIR/2025/633,2025-09-04 03:06:25,CARD_FRAUD,Uttar Pradesh,Synthetic_District_47,30.902669,87.834062,181740.12,19,4.0,3,3,0.892,2025-09-19 03:06:25
CASE_02421,FIR/2026/588,2026-07-25 18:03:25,UPI_FRAUD,West Bengal,Synthetic_District_35,32.760459,70.005365,5289.55,19,2.16,18,5,0.784,2026-08-04 18:03:25
CASE_02422,FIR/2025/961,2025-11-13 13:14:25,PHISHING,Telangana,Synthetic_District_25,25.652942,76.613579,106001.04,9,2.62,13,3,0.927,2025-11-22 13:14:25
CASE_02423,FIR/2026/291,2026-08-18 06:16:25,IMPERSONATION,Delhi,Synthetic_District_40,32.596081,95.98044,46424.55,6,1.49,6,1,0.602,2026-08-30 06:16:25
CASE_02424,FIR/2026/110,2026-03-31 07:43:25,IMPERSONATION,Andhra Pradesh,Synthetic_District_11,14.935406,85.833844,88102.95,11,2.96,7,1,0.593,2026-04-27 07:43:25
CASE_02425,FIR/2025/522,2025-07-11 22:11:25,CARD_FRAUD,Karnataka,Synthetic_District_41,24.099598,77.367898,7322.98,2,0.52,22,4,0.944,2025-07-13 22:11:25
CASE_02426,FIR/2025/220,2025-05-18 00:21:25,INVESTMENT_SCAM,Tamil Nadu,Synthetic_District_47,35.414351,82.465172,77489.06,13,0.8,0,6,0.224,2025-05-30 00:21:25
CASE_02427,FIR/2025/661,2025-12-08 10:24:25,UPI_FRAUD,Maharashtra,Synthetic_District_3,23.684305,68.490349,16091.38,4,1.89,10,0,0.218,2025-12-23 10:24:25
CASE_02428,FIR/2025/232,2025-07-12 23:05:25,NET_BANKING_FRAUD,Gujarat,Synthetic_District_32,12.805322,90.241451,92218.46,3,4.99,23,5,0.926,2025-07-24 23:05:25
CASE_02429,FIR/2026/813,2026-06-14 06:27:25,INVESTMENT_SCAM,Uttar Pradesh,Synthetic_District_43,34.041244,78.250144,399686.34,16,1.77,6,6,0.343,2026-07-03 06:27:25
CASE_02430,FIR/2025/764,2025-10-14 03:46:25,CARD_FRAUD,Tamil Nadu,Synthetic_District_45,26.246617,71.886108,65517.82,3,2.27,3,1,0.3,2025-10-26 03:46:25
CASE_02431,FIR/2025/264,2025-07-19 19:20:25,PHISHING,Telangana,Synthetic_District_9,29.432988,87.221321,125228.86,12,0.8,19,5,0.933,2025-08-03 19:20:25
CASE_02432,FIR/2026/877,2026-08-15 09:26:25,INVESTMENT_SCAM,Maharashtra,Synthetic_District_26,26.853229,70.79214,205824.27,3,3.09,9,5,0.71,2026-08-18 09:26:25
CASE_02433,FIR/2025/427,2025-08-02 04:16:25,CARD_FRAUD,Delhi,Synthetic_District_4,31.3111,69.170445,142395.98,5,2.42,4,5,0.386,2025-08-22 04:16:25
CASE_02434,FIR/2025/893,2025-06-25 06:57:25,UPI_FRAUD,West Bengal,Synthetic_District_10,16.70538,69.643821,25693.25,12,3.45,6,2,0.242,2025-07-19 06:57:25
CASE_02435,FIR/2024/392,2024-12-31 22:32:25,CARD_FRAUD,Karnataka,Synthetic_District_48,28.364689,84.899737,175732.61,14,1.24,22,1,0.644,2025-01-26 22:32:25
CASE_02436,FIR/2024/833,2024-10-22 11:01:25,UPI_FRAUD,Maharashtra,Synthetic_District_36,34.134169,78.489225,8883.77,6,1.83,11,1,0.572,2024-11-10 11:01:25
CASE_02437,FIR/2026/936,2026-05-03 18:30:25,UPI_FRAUD,Gujarat,Synthetic_District_39,34.479847,70.567678,14187.42,8,4.53,18,6,0.325,2026-05-17 18:30:25
CASE_02438,FIR/2024/900,2024-10-07 19:20:25,INVESTMENT_SCAM,Maharashtra,Synthetic_District_14,31.19757,89.48942,132612.38,8,1.38,19,0,0.502,2024-10-19 19:20:25
CASE_02439,FIR/2026/802,2026-01-26 18:57:25,PHISHING,Uttar Pradesh,Synthetic_District_28,28.065232,93.88232,120564.49,14,2.78,18,0,0.087,2026-02-11 18:57:25
CASE_02440,FIR/2025/219,2025-06-01 02:37:25,PHISHING,Delhi,Synthetic_District_2,30.424891,85.958129,24078.93,7,2.56,2,6,0.994,2025-06-03 02:37:25
CASE_02441,FIR/2025/135,2025-01-02 02:22:25,OTHER,Delhi,Synthetic_District_40,23.243633,85.467914,61757.76,18,2.77,2,3,0.528,2025-01-05 02:22:25
CASE_02442,FIR/2026/469,2026-05-15 05:28:25,NET_BANKING_FRAUD,Delhi,Synthetic_District_13,11.393499,84.596095,61101.7,19,4.36,5,4,0.036,2026-05-20 05:28:25
CASE_02443,FIR/2024/675,2024-12-10 13:58:25,PHISHING,Tamil Nadu,Synthetic_District_7,20.825791,72.39653,64865.75,14,4.42,13,1,0.626,2024-12-26 13:58:25
CASE_02444,FIR/2024/170,2024-11-24 02:44:25,IMPERSONATION,Gujarat,Synthetic_District_6,8.32901,87.000644,176119.2,18,4.52,2,6,0.092,2024-11-28 02:44:25
CASE_02445,FIR/2026/987,2026-03-02 08:03:25,UPI_FRAUD,Karnataka,Synthetic_District_8,14.936155,73.972383,16120.87,6,0.21,8,0,0.887,2026-03-10 08:03:25
CASE_02446,FIR/2025/604,2025-07-05 01:22:25,CARD_FRAUD,Maharashtra,Synthetic_District_17,33.93661,81.767728,86541.61,13,1.79,1,5,0.826,2025-07-21 01:22:25
CASE_02447,FIR/2026/824,2026-01-07 04:33:25,IMPERSONATION,Gujarat,Synthetic_District_10,14.556716,91.939778,31545.72,7,0.68,4,2,0.026,2026-01-14 04:33:25
CASE_02448,FIR/2026/195,2026-08-09 08:26:25,INVESTMENT_SCAM,Karnataka,Synthetic_District_21,30.345753,88.01077,741684.84,15,4.89,8,6,0.971,2026-08-16 08:26:25
CASE_02449,FIR/2026/161,2026-05-10 12:09:25,OTHER,Andhra Pradesh,Synthetic_District_26,33.219744,68.658587,154525.74,12,3.01,12,6,0.281,2026-06-09 12:09:25
CASE_02450,FIR/2026/981,2026-06-03 05:10:25,IMPERSONATION,Delhi,Synthetic_District_50,15.186739,88.010632,121314.61,2,0.24,5,2,0.108,2026-06-25 05:10:25
CASE_02451,FIR/2025/693,2025-08-21 09:37:25,UPI_FRAUD,Gujarat,Synthetic_District_5,15.9561,69.408129,39089.41,14,1.07,9,3,0.183,2025-08-31 09:37:25
CASE_02452,FIR/2025/647,2025-05-07 17:36:25,OTHER,Gujarat,Synthetic_District_19,16.274111,88.179497,81837.94,17,2.81,17,2,0.623,2025-05-28 17:36:25
CASE_02453,FIR/2025/105,2025-03-24 00:14:25,CARD_FRAUD,Uttar Pradesh,Synthetic_District_32,13.40862,83.213369,120355.95,11,4.58,0,0,0.838,2025-03-29 00:14:25
CASE_02454,FIR/2026/464,2026-09-02 04:20:25,CARD_FRAUD,Telangana,Synthetic_District_8,14.135615,90.309583,148796.21,19,4.78,4,2,0.782,2026-09-09 04:20:25
CASE_02455,FIR/2025/340,2025-08-14 09:40:25,PHISHING,Andhra Pradesh,Synthetic_District_32,23.737168,94.357394,155878.81,18,3.58,9,3,0.195,2025-09-12 09:40:25
CASE_02456,FIR/2026/644,2026-04-29 12:57:25,PHISHING,Karnataka,Synthetic_District_3,15.484831,74.826184,190616.65,9,2.25,12,2,0.519,2026-05-13 12:57:25
CASE_02457,FIR/2025/828,2025-12-05 01:18:25,NET_BANKING_FRAUD,Kerala,Synthetic_District_7,19.39395,82.24172,147872.8,3,0.74,1,4,0.4,2025-12-09 01:18:25
CASE_02458,FIR/2026/592,2026-01-11 03:07:25,PHISHING,Andhra Pradesh,Synthetic_District_3,11.53302,78.392157,115442.39,10,0.12,3,6,0.103,2026-02-04 03:07:25
CASE_02459,FIR/2025/282,2025-07-02 01:36:25,UPI_FRAUD,West Bengal,Synthetic_District_8,28.495275,88.628839,18556.59,13,4.47,1,2,0.073,2025-07-20 01:36:25
CASE_02460,FIR/2025/131,2025-10-24 19:51:25,CARD_FRAUD,Tamil Nadu,Synthetic_District_25,10.207712,82.975514,77955.38,6,2.06,19,4,0.748,2025-11-19 19:51:25
CASE_02461,FIR/2025/488,2025-09-05 03:06:25,IMPERSONATION,Telangana,Synthetic_District_17,13.088048,79.54886,126487.92,8,1.96,3,4,0.753,2025-10-05 03:06:25
CASE_02462,FIR/2025/926,2025-05-25 08:13:25,UPI_FRAUD,Karnataka,Synthetic_District_13,16.411966,91.17958,49433.07,9,3.2,8,6,0.315,2025-06-05 08:13:25
CASE_02463,FIR/2026/129,2026-05-03 04:28:25,NET_BANKING_FRAUD,Karnataka,Synthetic_District_15,36.781811,92.685578,157797.93,3,3.04,4,6,0.414,2026-05-08 04:28:25
CASE_02464,FIR/2025/635,2025-03-04 08:34:25,PHISHING,Andhra Pradesh,Synthetic_District_38,21.675721,75.744614,191335.78,5,3.48,8,1,0.652,2025-03-28 08:34:25
CASE_02465,FIR/2025/916,2025-12-29 16:40:25,OTHER,West Bengal,Synthetic_District_15,23.5173,87.085486,42324.22,2,4.72,16,0,0.325,2026-01-20 16:40:25
CASE_02466,FIR/2026/364,2026-07-08 06:46:25,OTHER,Karnataka,Synthetic_District_50,28.767943,84.634015,117509.92,14,3.45,6,2,0.907,2026-07-10 06:46:25
CASE_02467,FIR/2026/809,2026-04-08 19:49:25,PHISHING,Kerala,Synthetic_District_49,30.435686,68.558555,82960.79,9,4.1,19,2,0.628,2026-04-26 19:49:25
CASE_02468,FIR/2025/932,2025-07-04 23:40:25,IMPERSONATION,Gujarat,Synthetic_District_3,8.452276,80.1792,192280.38,16,4.65,23,4,0.331,2025-07-26 23:40:25
CASE_02469,FIR/2026/930,2026-05-13 03:41:25,IMPERSONATION,Delhi,Synthetic_District_39,35.685006,75.397408,25698.6,20,3.77,3,2,0.428,2026-05-24 03:41:25
CASE_02470,FIR/2025/869,2025-07-26 21:38:25,UPI_FRAUD,Gujarat,Synthetic_District_45,28.24675,78.258123,49050.48,14,0.74,21,5,0.343,2025-08-12 21:38:25
CASE_02471,FIR/2024/860,2024-10-06 16:52:25,NET_BANKING_FRAUD,Maharashtra,Synthetic_District_42,36.791929,73.936116,193401.87,10,2.36,16,6,0.662,2024-10-16 16:52:25
CASE_02472,FIR/2026/790,2026-09-13 03:22:25,PHISHING,Maharashtra,Synthetic_District_27,28.636365,83.973281,47612.74,6,2.17,3,6,0.909,2026-09-30 03:22:25
CASE_02473,FIR/2026/799,2026-06-12 08:30:25,UPI_FRAUD,Karnataka,Synthetic_District_4,10.624425,68.370017,34373.89,18,4.83,8,4,0.103,2026-07-04 08:30:25
CASE_02474,FIR/2026/559,2026-09-29 12:03:25,IMPERSONATION,Andhra Pradesh,Synthetic_District_5,29.392341,74.942822,131566.52,9,4.38,12,1,0.778,2026-10-18 12:03:25
CASE_02475,FIR/2025/973,2025-08-04 10:03:25,UPI_FRAUD,Kerala,Synthetic_District_12,26.139886,93.839781,34972.66,8,1.64,10,0,0.351,2025-08-09 10:03:25
CASE_02476,FIR/2026/790,2026-04-06 23:25:25,PHISHING,West Bengal,Synthetic_District_31,28.675312,92.923913,97195.26,16,2.91,23,0,0.555,2026-04-28 23:25:25
CASE_02477,FIR/2025/433,2025-04-30 18:43:25,PHISHING,Andhra Pradesh,Synthetic_District_18,26.479197,95.566981,83496.64,16,0.57,18,2,0.083,2025-05-17 18:43:25
CASE_02478,FIR/2026/166,2026-04-25 21:41:25,IMPERSONATION,West Bengal,Synthetic_District_30,35.833791,87.578937,146060.7,17,3.97,21,5,0.278,2026-05-25 21:41:25
CASE_02479,FIR/2024/526,2024-10-02 08:31:25,INVESTMENT_SCAM,Maharashtra,Synthetic_District_5,16.720206,79.638534,164780.16,9,1.97,8,2,0.65,2024-10-06 08:31:25
CASE_02480,FIR/2026/568,2026-05-19 09:00:25,UPI_FRAUD,Telangana,Synthetic_District_20,13.001395,90.255945,37936.6,16,1.14,9,1,0.732,2026-06-13 09:00:25
CASE_02481,FIR/2026/883,2026-08-17 09:43:25,INVESTMENT_SCAM,Telangana,Synthetic_District_46,13.357015,82.414209,865079.74,16,4.86,9,0,0.56,2026-09-13 09:43:25
CASE_02482,FIR/2026/673,2026-02-19 06:45:25,UPI_FRAUD,Maharashtra,Synthetic_District_41,12.263916,75.025263,23490.93,11,4.66,6,3,0.157,2026-03-16 06:45:25
CASE_02483,FIR/2026/663,2026-07-27 16:34:25,INVESTMENT_SCAM,Delhi,Synthetic_District_49,12.813916,82.009055,836896.71,19,0.4,16,0,0.409,2026-08-09 16:34:25
CASE_02484,FIR/2025/469,2025-11-25 15:46:25,PHISHING,Tamil Nadu,Synthetic_District_36,36.789774,92.039398,108687.38,12,2.35,15,1,0.41,2025-12-08 15:46:25
CASE_02485,FIR/2026/101,2026-08-15 08:53:25,UPI_FRAUD,Karnataka,Synthetic_District_13,27.803102,89.605688,38449.94,1,4.18,8,5,0.749,2026-09-11 08:53:25
CASE_02486,FIR/2024/632,2024-10-21 06:47:25,OTHER,Karnataka,Synthetic_District_34,26.313896,89.802613,49947.5,14,4.6,6,0,0.705,2024-11-04 06:47:25
CASE_02487,FIR/2026/960,2026-05-15 23:55:25,UPI_FRAUD,Karnataka,Synthetic_District_37,35.953171,93.813464,24985.65,8,1.44,23,4,0.271,2026-05-20 23:55:25
CASE_02488,FIR/2026/411,2026-08-19 15:29:25,NET_BANKING_FRAUD,West Bengal,Synthetic_District_29,33.091724,95.082221,98849.87,6,3.12,15,2,0.348,2026-09-16 15:29:25
CASE_02489,FIR/2026/448,2026-01-29 02:28:25,OTHER,Andhra Pradesh,Synthetic_District_21,20.807612,80.385045,54535.27,13,1.87,2,3,0.276,2026-02-23 02:28:25
CASE_02490,FIR/2026/700,2026-06-04 08:55:25,INVESTMENT_SCAM,Kerala,Synthetic_District_32,21.822242,78.150724,147814.73,2,1.05,8,3,0.334,2026-06-09 08:55:25
CASE_02491,FIR/2025/506,2025-02-28 17:56:25,NET_BANKING_FRAUD,Uttar Pradesh,Synthetic_District_15,9.69208,71.625213,195018.75,13,3.35,17,4,0.904,2025-03-12 17:56:25
CASE_02492,FIR/2025/726,2025-03-24 04:13:25,PHISHING,Karnataka,Synthetic_District_30,29.851087,91.780508,49062.9,2,3.69,4,0,0.227,2025-03-27 04:13:25
CASE_02493,FIR/2025/378,2025-12-17 09:06:25,PHISHING,Gujarat,Synthetic_District_26,29.594318,78.674783,129811.93,5,1.78,9,2,0.558,2026-01-02 09:06:25
CASE_02494,FIR/2026/917,2026-07-10 11:22:25,UPI_FRAUD,Telangana,Synthetic_District_14,19.583773,94.800338,3186.25,14,3.04,11,4,0.209,2026-07-15 11:22:25
CASE_02495,FIR/2026/232,2026-02-16 05:59:25,PHISHING,Delhi,Synthetic_District_35,35.36662,88.217409,198588.97,6,3.89,5,0,0.771,2026-02-24 05:59:25
CASE_02496,FIR/2026/933,2026-01-18 21:42:25,OTHER,Tamil Nadu,Synthetic_District_32,27.550913,73.400918,166747.02,19,1.12,21,6,0.035,2026-02-13 21:42:25
CASE_02497,FIR/2025/815,2025-05-22 15:15:25,OTHER,Karnataka,Synthetic_District_1,23.75333,84.937954,153597.74,5,3.31,15,3,0.251,2025-06-20 15:15:25
CASE_02498,FIR/2024/302,2024-11-02 23:32:25,NET_BANKING_FRAUD,Tamil Nadu,Synthetic_District_15,33.719787,73.702934,3216.97,4,3.2,23,5,0.537,2024-11-28 23:32:25
CASE_02499,FIR/2026/749,2026-03-09 23:19:25,CARD_FRAUD,Maharashtra,Synthetic_District_9,18.441374,82.119107,74059.73,18,3.17,23,0,0.013,2026-03-24 23:19:25
CASE_02500,FIR/2025/827,2025-05-12 06:51:25,INVESTMENT_SCAM,Telangana,Synthetic_District_49,35.122183,87.648417,547576.56,16,4.75,6,0,0.571,2025-05-25 06:51:25
CASE_02501,FIR/2026/402,2026-04-05 17:42:25,IMPERSONATION,Telangana,Synthetic_District_46,18.339725,76.7711,125938.88,5,0.57,17,6,0.489,2026-04-28 17:42:25
CASE_02502,FIR/2026/545,2026-04-05 00:14:25,INVESTMENT_SCAM,Kerala,Synthetic_District_2,17.373056,88.685365,685281.36,15,1.07,0,6,0.97,2026-04-25 00:14:25
CASE_02503,FIR/2025/369,2025-12-12 09:18:25,CARD_FRAUD,Delhi,Synthetic_District_34,36.769298,74.188156,123731.33,19,0.29,9,4,0.603,2026-01-01 09:18:25
CASE_02504,FIR/2026/983,2026-06-13 07:43:25,IMPERSONATION,Tamil Nadu,Synthetic_District_44,14.12558,88.108187,134753.92,1,1.27,7,5,0.095,2026-06-30 07:43:25
CASE_02505,FIR/2025/453,2025-10-18 11:37:25,IMPERSONATION,Telangana,Synthetic_District_50,10.340218,87.863494,84700.58,1,0.73,11,5,0.012,2025-11-01 11:37:25
CASE_02506,FIR/2025/787,2025-12-18 16:26:25,INVESTMENT_SCAM,Karnataka,Synthetic_District_26,26.740738,74.471466,434546.97,10,2.52,16,3,0.471,2026-01-15 16:26:25
CASE_02507,FIR/2025/352,2025-07-31 11:21:25,IMPERSONATION,Delhi,Synthetic_District_36,24.923677,89.000612,106846.57,3,4.46,11,3,0.001,2025-08-17 11:21:25
CASE_02508,FIR/2025/490,2025-09-06 22:04:25,PHISHING,Delhi,Synthetic_District_10,10.991738,78.22162,171446.74,13,1.29,22,5,0.677,2025-09-16 22:04:25
CASE_02509,FIR/2025/718,2025-04-28 11:28:25,NET_BANKING_FRAUD,Kerala,Synthetic_District_40,17.76769,85.297759,46342.57,1,1.09,11,0,0.563,2025-05-09 11:28:25
CASE_02510,FIR/2025/768,2025-07-19 06:08:25,NET_BANKING_FRAUD,Telangana,Synthetic_District_13,10.160106,69.688026,155960.35,16,1.16,6,5,0.054,2025-08-12 06:08:25
CASE_02511,FIR/2024/578,2024-12-31 17:27:25,PHISHING,Tamil Nadu,Synthetic_District_25,27.472948,74.421973,147523.96,6,1.82,17,1,0.391,2025-01-26 17:27:25
CASE_02512,FIR/2026/274,2026-01-14 23:31:25,IMPERSONATION,Tamil Nadu,Synthetic_District_19,34.625601,81.108509,165539.11,19,1.15,23,2,0.98,2026-01-28 23:31:25
CASE_02513,FIR/2026/226,2026-08-14 04:45:25,OTHER,Karnataka,Synthetic_District_39,8.300919,83.91275,20111.6,14,2.04,4,4,0.97,2026-08-15 04:45:25
CASE_02514,FIR/2025/416,2025-12-25 23:39:25,IMPERSONATION,Kerala,Synthetic_District_49,20.970947,90.295018,31696.13,19,3.18,23,3,0.198,2026-01-10 23:39:25
CASE_02515,FIR/2026/386,2026-03-10 04:24:25,CARD_FRAUD,Maharashtra,Synthetic_District_31,36.759871,91.053823,126390.08,20,3.39,4,1,0.599,2026-03-26 04:24:25
CASE_02516,FIR/2025/777,2025-01-07 06:03:25,OTHER,Telangana,Synthetic_District_41,35.538025,71.115827,141744.32,10,1.82,6,1,0.491,2025-01-15 06:03:25
CASE_02517,FIR/2025/361,2025-07-05 06:12:25,INVESTMENT_SCAM,Gujarat,Synthetic_District_14,27.971319,96.087378,843622.02,18,2.26,6,5,0.549,2025-07-07 06:12:25
CASE_02518,FIR/2026/130,2026-09-28 02:53:25,INVESTMENT_SCAM,Telangana,Synthetic_District_25,20.665552,94.633335,946215.54,3,2.81,2,0,0.443,2026-10-24 02:53:25
CASE_02519,FIR/2025/641,2025-08-06 16:13:25,NET_BANKING_FRAUD,West Bengal,Synthetic_District_33,14.855295,80.906757,19023.61,8,4.09,16,2,0.355,2025-08-26 16:13:25
CASE_02520,FIR/2025/141,2025-11-16 09:05:25,INVESTMENT_SCAM,Andhra Pradesh,Synthetic_District_11,29.660287,69.674977,253605.75,8,0.32,9,6,0.861,2025-12-07 09:05:25
CASE_02521,FIR/2026/722,2026-05-28 14:09:25,CARD_FRAUD,Delhi,Synthetic_District_17,34.979828,76.646938,79262.97,8,1.86,14,3,0.528,2026-06-17 14:09:25
CASE_02522,FIR/2025/802,2025-09-01 21:52:25,PHISHING,Telangana,Synthetic_District_25,8.933614,74.818901,164229.3,15,0.41,21,0,0.521,2025-09-03 21:52:25
CASE_02523,FIR/2025/397,2025-05-02 03:40:25,CARD_FRAUD,Andhra Pradesh,Synthetic_District_28,8.020061,76.689993,84501.9,2,1.14,3,4,0.402,2025-05-17 03:40:25
CASE_02524,FIR/2025/225,2025-07-09 07:12:25,IMPERSONATION,Maharashtra,Synthetic_District_28,10.35085,73.14516,182887.22,11,0.32,7,2,0.755,2025-08-02 07:12:25
CASE_02525,FIR/2026/459,2026-05-11 14:10:25,IMPERSONATION,West Bengal,Synthetic_District_27,28.594659,88.617754,63288.93,3,3.23,14,0,0.903,2026-05-13 14:10:25
CASE_02526,FIR/2024/326,2024-11-12 01:52:25,CARD_FRAUD,Tamil Nadu,Synthetic_District_14,18.811399,92.50768,104705.62,14,3.6,1,1,0.662,2024-11-13 01:52:25
CASE_02527,FIR/2025/100,2025-01-10 00:17:25,CARD_FRAUD,Karnataka,Synthetic_District_11,24.997508,90.776727,63815.03,16,1.05,0,4,0.519,2025-01-14 00:17:25
CASE_02528,FIR/2024/462,2024-10-30 18:56:25,OTHER,Gujarat,Synthetic_District_7,35.930145,70.686635,59566.36,12,2.84,18,2,0.385,2024-11-29 18:56:25
CASE_02529,FIR/2026/889,2026-07-30 19:23:25,CARD_FRAUD,Uttar Pradesh,Synthetic_District_8,13.50109,79.633985,121909.51,12,0.28,19,3,0.356,2026-08-03 19:23:25
CASE_02530,FIR/2026/707,2026-05-11 20:27:25,OTHER,Tamil Nadu,Synthetic_District_37,19.941742,80.702643,148199.31,17,2.22,20,0,0.66,2026-05-14 20:27:25
CASE_02531,FIR/2026/724,2026-02-05 17:19:25,UPI_FRAUD,Delhi,Synthetic_District_39,32.670004,88.506924,32136.32,18,4.55,17,3,0.954,2026-03-05 17:19:25
CASE_02532,FIR/2025/532,2025-10-08 17:16:25,IMPERSONATION,Maharashtra,Synthetic_District_10,35.922329,74.380094,21181.22,5,0.46,17,2,0.195,2025-10-27 17:16:25
CASE_02533,FIR/2025/980,2025-09-25 21:53:25,UPI_FRAUD,Kerala,Synthetic_District_3,27.306034,95.366409,28170.63,7,2.44,21,3,0.676,2025-10-25 21:53:25
CASE_02534,FIR/2026/494,2026-01-25 08:08:25,INVESTMENT_SCAM,Delhi,Synthetic_District_46,21.020009,83.686138,577887.76,13,2.06,8,6,0.068,2026-02-24 08:08:25
CASE_02535,FIR/2025/133,2025-04-03 06:35:25,IMPERSONATION,Tamil Nadu,Synthetic_District_4,36.845643,85.165361,27130.33,12,4.72,6,3,0.429,2025-04-19 06:35:25
CASE_02536,FIR/2026/541,2026-08-19 18:55:25,UPI_FRAUD,Karnataka,Synthetic_District_42,9.840699,70.374195,5982.2,4,3.37,18,2,0.132,2026-09-10 18:55:25
CASE_02537,FIR/2026/729,2026-09-27 13:34:25,PHISHING,Uttar Pradesh,Synthetic_District_15,13.674345,73.28118,175085.52,12,2.96,13,6,0.746,2026-10-22 13:34:25
CASE_02538,FIR/2026/906,2026-02-19 11:31:25,PHISHING,Delhi,Synthetic_District_15,11.335641,76.250179,12853.96,11,3.04,11,3,0.555,2026-03-14 11:31:25
CASE_02539,FIR/2026/966,2026-03-01 15:23:25,OTHER,Karnataka,Synthetic_District_38,28.412889,86.36471,163276.22,19,3.84,15,6,0.86,2026-03-03 15:23:25
CASE_02540,FIR/2025/166,2025-07-22 03:46:25,CARD_FRAUD,Delhi,Synthetic_District_49,9.419642,74.297418,33492.18,14,0.13,3,1,0.122,2025-08-17 03:46:25
CASE_02541,FIR/2025/359,2025-07-06 20:29:25,INVESTMENT_SCAM,Kerala,Synthetic_District_48,31.091147,79.805024,780245.36,2,4.39,20,6,0.701,2025-07-29 20:29:25
CASE_02542,FIR/2026/923,2026-06-17 08:43:25,UPI_FRAUD,West Bengal,Synthetic_District_16,15.922079,84.353767,12907.05,9,1.47,8,2,0.875,2026-06-18 08:43:25
CASE_02543,FIR/2025/857,2025-11-16 17:22:25,IMPERSONATION,Telangana,Synthetic_District_33,9.007214,92.003177,162499.45,15,1.39,17,6,0.398,2025-12-06 17:22:25
CASE_02544,FIR/2026/953,2026-04-23 00:28:25,INVESTMENT_SCAM,Telangana,Synthetic_District_37,26.961976,82.126236,655794.24,5,3.08,0,3,0.274,2026-05-03 00:28:25
CASE_02545,FIR/2025/735,2025-02-23 14:24:25,IMPERSONATION,Telangana,Synthetic_District_30,34.967469,96.907574,4199.16,15,4.55,14,6,0.179,2025-03-23 14:24:25
CASE_02546,FIR/2025/565,2025-04-13 14:33:25,IMPERSONATION,Andhra Pradesh,Synthetic_District_49,19.325498,70.481684,107197.15,20,4.05,14,6,0.195,2025-04-17 14:33:25
CASE_02547,FIR/2025/745,2025-11-04 02:16:25,PHISHING,Andhra Pradesh,Synthetic_District_8,21.612983,76.5113,105362.84,13,4.46,2,1,0.32,2025-12-04 02:16:25
CASE_02548,FIR/2024/723,2024-10-13 21:35:25,IMPERSONATION,Gujarat,Synthetic_District_25,10.459268,89.998094,78096.68,13,0.77,21,6,0.719,2024-10-26 21:35:25
CASE_02549,FIR/2025/634,2025-12-18 17:34:25,PHISHING,Delhi,Synthetic_District_18,31.429497,79.600598,62379.86,18,3.01,17,3,0.631,2026-01-13 17:34:25
CASE_02550,FIR/2026/505,2026-08-22 06:15:25,IMPERSONATION,Telangana,Synthetic_District_25,12.564638,82.431463,10148.59,16,4.13,6,5,0.295,2026-08-28 06:15:25
CASE_02551,FIR/2024/311,2024-12-03 04:37:25,NET_BANKING_FRAUD,Maharashtra,Synthetic_District_46,35.196535,77.346392,190417.26,9,0.98,4,1,0.203,2024-12-08 04:37:25
CASE_02552,FIR/2025/633,2025-09-14 16:09:25,OTHER,Telangana,Synthetic_District_48,32.270605,92.292886,7735.45,10,3.04,16,6,0.879,2025-09-29 16:09:25
CASE_02553,FIR/2025/891,2025-04-01 20:08:25,OTHER,Delhi,Synthetic_District_1,26.152185,94.337587,12256.5,8,1.72,20,1,0.768,2025-04-08 20:08:25
CASE_02554,FIR/2025/117,2025-01-29 09:02:25,CARD_FRAUD,Telangana,Synthetic_District_40,35.859718,86.086612,183789.87,10,3.35,9,2,0.242,2025-02-03 09:02:25
CASE_02555,FIR/2026/250,2026-09-27 19:45:25,INVESTMENT_SCAM,Uttar Pradesh,Synthetic_District_18,34.576098,93.784071,130937.53,8,3.66,19,6,0.793,2026-10-06 19:45:25
CASE_02556,FIR/2026/131,2026-09-15 13:36:25,UPI_FRAUD,West Bengal,Synthetic_District_32,22.847817,75.691936,14123.77,7,3.44,13,1,0.635,2026-10-14 13:36:25
CASE_02557,FIR/2026/994,2026-02-05 11:33:25,INVESTMENT_SCAM,Kerala,Synthetic_District_3,29.933423,70.803397,193573.91,4,2.19,11,3,0.531,2026-02-13 11:33:25
CASE_02558,FIR/2025/986,2025-01-01 23:16:25,INVESTMENT_SCAM,West Bengal,Synthetic_District_6,22.565199,86.941164,943306.28,2,4.04,23,2,0.567,2025-01-06 23:16:25
CASE_02559,FIR/2025/631,2025-08-13 22:11:25,CARD_FRAUD,Uttar Pradesh,Synthetic_District_49,31.360445,91.512282,198682.52,11,1.87,22,2,0.473,2025-08-23 22:11:25
CASE_02560,FIR/2025/407,2025-09-19 21:11:25,PHISHING,West Bengal,Synthetic_District_34,35.560156,72.167476,153681.67,16,4.14,21,4,0.149,2025-09-29 21:11:25
CASE_02561,FIR/2025/307,2025-07-29 15:56:25,PHISHING,Telangana,Synthetic_District_8,9.960645,81.512292,128239.52,17,3.43,15,1,0.757,2025-08-16 15:56:25
CASE_02562,FIR/2024/474,2024-10-25 02:47:25,PHISHING,Tamil Nadu,Synthetic_District_36,29.350284,73.413949,51101.3,16,0.88,2,4,0.987,2024-11-09 02:47:25
CASE_02563,FIR/2025/825,2025-11-10 08:12:25,NET_BANKING_FRAUD,Karnataka,Synthetic_District_35,11.726619,83.833477,183101.26,16,1.57,8,0,0.707,2025-12-07 08:12:25
CASE_02564,FIR/2026/156,2026-02-24 06:50:25,IMPERSONATION,Gujarat,Synthetic_District_21,14.020609,87.836417,133360.17,7,3.61,6,1,0.39,2026-03-08 06:50:25
CASE_02565,FIR/2026/826,2026-06-09 22:51:25,CARD_FRAUD,Delhi,Synthetic_District_26,11.723443,87.043343,155649.98,2,2.46,22,1,0.296,2026-07-08 22:51:25
CASE_02566,FIR/2024/750,2024-12-23 01:35:25,CARD_FRAUD,Maharashtra,Synthetic_District_1,31.352813,70.366966,44753.68,10,1.84,1,0,0.591,2025-01-20 01:35:25
CASE_02567,FIR/2026/572,2026-06-03 05:44:25,CARD_FRAUD,Kerala,Synthetic_District_18,35.015631,74.192473,71152.92,20,4.0,5,2,0.85,2026-06-07 05:44:25
CASE_02568,FIR/2025/938,2025-02-02 14:39:25,CARD_FRAUD,Tamil Nadu,Synthetic_District_18,30.779239,95.05227,46129.55,6,3.15,14,6,0.842,2025-02-17 14:39:25
CASE_02569,FIR/2024/310,2024-10-28 18:46:25,OTHER,Kerala,Synthetic_District_15,16.540292,85.392908,10095.91,16,1.89,18,0,0.711,2024-11-20 18:46:25
CASE_02570,FIR/2025/851,2025-09-29 10:30:25,NET_BANKING_FRAUD,West Bengal,Synthetic_District_34,22.691062,92.298217,125752.88,16,2.61,10,0,0.054,2025-10-22 10:30:25
CASE_02571,FIR/2025/611,2025-02-09 20:08:25,INVESTMENT_SCAM,Uttar Pradesh,Synthetic_District_17,14.303161,80.676043,611225.26,8,2.62,20,6,0.491,2025-02-19 20:08:25
CASE_02572,FIR/2026/264,2026-05-19 18:43:25,PHISHING,Delhi,Synthetic_District_12,14.644241,85.460377,43662.88,9,2.83,18,1,0.929,2026-06-03 18:43:25
CASE_02573,FIR/2024/419,2024-10-14 02:13:25,PHISHING,West Bengal,Synthetic_District_14,31.129118,84.111691,137466.7,10,2.35,2,0,0.723,2024-10-30 02:13:25
CASE_02574,FIR/2025/494,2025-06-17 17:14:25,UPI_FRAUD,Andhra Pradesh,Synthetic_District_49,18.244315,68.36313,11136.89,15,1.95,17,1,0.717,2025-06-23 17:14:25
CASE_02575,FIR/2026/906,2026-04-14 20:52:25,OTHER,West Bengal,Synthetic_District_9,11.506745,92.040813,193443.7,7,4.31,20,1,0.503,2026-05-12 20:52:25
CASE_02576,FIR/2026/880,2026-04-02 22:15:25,INVESTMENT_SCAM,Gujarat,Synthetic_District_9,20.373189,88.541133,800629.39,7,3.03,22,3,0.198,2026-04-03 22:15:25
CASE_02577,FIR/2025/958,2025-08-02 16:34:25,CARD_FRAUD,Andhra Pradesh,Synthetic_District_37,12.816893,90.054215,129125.55,13,2.06,16,5,0.967,2025-08-04 16:34:25
CASE_02578,FIR/2025/307,2025-07-06 10:07:25,PHISHING,Kerala,Synthetic_District_42,34.510229,73.961935,19805.65,11,2.65,10,6,0.727,2025-07-25 10:07:25
CASE_02579,FIR/2026/980,2026-04-27 18:52:25,INVESTMENT_SCAM,Andhra Pradesh,Synthetic_District_23,10.844262,96.039274,674932.64,6,0.68,18,0,0.873,2026-05-21 18:52:25
CASE_02580,FIR/2025/875,2025-05-28 07:20:25,IMPERSONATION,Karnataka,Synthetic_District_20,24.214224,89.049299,18581.3,8,3.97,7,2,0.252,2025-06-14 07:20:25
CASE_02581,FIR/2025/693,2025-01-04 19:29:25,NET_BANKING_FRAUD,Telangana,Synthetic_District_24,29.405279,91.787765,145595.67,12,2.91,19,5,0.258,2025-01-07 19:29:25
CASE_02582,FIR/2026/206,2026-06-29 00:16:25,INVESTMENT_SCAM,Tamil Nadu,Synthetic_District_49,32.742012,73.609216,766970.24,13,1.75,0,0,0.497,2026-07-15 00:16:25
CASE_02583,FIR/2025/599,2025-11-13 07:12:25,INVESTMENT_SCAM,Telangana,Synthetic_District_37,14.078392,90.861077,517752.35,14,0.45,7,3,0.833,2025-11-23 07:12:25
CASE_02584,FIR/2024/454,2024-12-30 08:01:25,INVESTMENT_SCAM,Tamil Nadu,Synthetic_District_50,31.606742,84.106538,119325.06,18,3.3,8,0,0.799,2025-01-05 08:01:25
CASE_02585,FIR/2025/722,2025-12-16 08:39:25,PHISHING,Uttar Pradesh,Synthetic_District_1,27.707729,82.210247,39205.73,13,0.66,8,1,0.866,2025-12-18 08:39:25
CASE_02586,FIR/2025/442,2025-01-03 18:50:25,PHISHING,Kerala,Synthetic_District_34,36.043504,76.926713,122348.12,6,3.77,18,4,0.413,2025-01-12 18:50:25
CASE_02587,FIR/2026/699,2026-02-23 11:55:25,OTHER,Uttar Pradesh,Synthetic_District_1,10.523896,93.056196,15842.57,17,4.76,11,0,0.097,2026-03-25 11:55:25
CASE_02588,FIR/2025/118,2025-10-28 01:37:25,NET_BANKING_FRAUD,Kerala,Synthetic_District_41,36.442342,87.101538,141103.11,19,4.78,1,1,0.343,2025-11-26 01:37:25
CASE_02589,FIR/2026/490,2026-02-04 00:18:25,IMPERSONATION,Gujarat,Synthetic_District_40,35.219581,79.045812,184505.37,8,2.0,0,2,0.182,2026-02-06 00:18:25
CASE_02590,FIR/2026/285,2026-05-21 14:10:25,UPI_FRAUD,Tamil Nadu,Synthetic_District_30,13.254924,76.861027,2348.22,6,0.38,14,3,0.509,2026-06-03 14:10:25
CASE_02591,FIR/2026/471,2026-05-04 11:13:25,PHISHING,Uttar Pradesh,Synthetic_District_31,11.003191,92.483255,179265.22,12,1.87,11,0,0.682,2026-05-24 11:13:25
CASE_02592,FIR/2025/221,2025-04-17 22:34:25,NET_BANKING_FRAUD,Maharashtra,Synthetic_District_44,17.733642,87.65704,93914.12,4,4.18,22,3,0.467,2025-05-03 22:34:25
CASE_02593,FIR/2025/970,2025-04-28 13:36:25,PHISHING,Andhra Pradesh,Synthetic_District_1,31.697532,85.000919,146301.33,17,1.77,13,0,0.508,2025-05-21 13:36:25
CASE_02594,FIR/2026/164,2026-04-01 13:28:25,INVESTMENT_SCAM,Karnataka,Synthetic_District_49,23.188619,87.532958,449095.94,16,1.08,13,2,0.347,2026-04-14 13:28:25
CASE_02595,FIR/2026/813,2026-02-02 11:03:25,OTHER,Tamil Nadu,Synthetic_District_27,15.940393,93.627534,43295.09,2,0.92,11,0,0.201,2026-02-18 11:03:25
CASE_02596,FIR/2025/883,2025-11-09 08:27:25,NET_BANKING_FRAUD,Telangana,Synthetic_District_39,19.417535,93.28445,177119.14,9,3.7,8,6,0.518,2025-11-30 08:27:25
CASE_02597,FIR/2025/748,2025-10-31 05:24:25,CARD_FRAUD,Kerala,Synthetic_District_29,29.592865,78.117244,164033.69,8,1.45,5,4,0.443,2025-11-09 05:24:25
CASE_02598,FIR/2025/359,2025-08-23 12:47:25,IMPERSONATION,Karnataka,Synthetic_District_50,18.571801,80.837823,128066.7,6,3.04,12,5,0.006,2025-09-16 12:47:25
CASE_02599,FIR/2025/507,2025-07-06 14:38:25,IMPERSONATION,Telangana,Synthetic_District_15,26.6088,75.502249,105319.44,1,1.26,14,6,0.805,2025-07-18 14:38:25
CASE_02600,FIR/2025/593,2025-07-13 10:40:25,UPI_FRAUD,West Bengal,Synthetic_District_1,18.863327,83.430777,38665.33,7,3.67,10,6,0.372,2025-07-26 10:40:25
CASE_02601,FIR/2026/353,2026-05-16 22:56:25,IMPERSONATION,Andhra Pradesh,Synthetic_District_39,19.013471,96.304518,121825.35,17,0.31,22,5,0.919,2026-06-11 22:56:25
CASE_02602,FIR/2024/922,2024-10-29 07:59:25,NET_BANKING_FRAUD,Kerala,Synthetic_District_6,18.200696,88.929611,42597.35,13,1.17,7,1,0.811,2024-11-21 07:59:25
CASE_02603,FIR/2025/855,2025-06-19 17:05:25,UPI_FRAUD,Delhi,Synthetic_District_27,18.46796,74.683368,2389.89,18,2.31,17,3,0.581,2025-06-26 17:05:25
CASE_02604,FIR/2025/763,2025-04-24 02:44:25,NET_BANKING_FRAUD,Andhra Pradesh,Synthetic_District_18,28.058051,96.936328,93988.54,13,4.33,2,3,0.746,2025-05-02 02:44:25
CASE_02605,FIR/2025/902,2025-05-10 21:42:25,NET_BANKING_FRAUD,Uttar Pradesh,Synthetic_District_40,21.761574,71.232321,40116.64,20,0.82,21,5,0.054,2025-06-04 21:42:25
CASE_02606,FIR/2026/998,2026-05-12 02:37:25,OTHER,Maharashtra,Synthetic_District_2,13.192139,82.187758,14893.34,2,2.47,2,1,0.533,2026-06-03 02:37:25
CASE_02607,FIR/2026/630,2026-06-02 02:52:25,NET_BANKING_FRAUD,Kerala,Synthetic_District_38,33.553414,81.797521,60506.91,16,1.09,2,1,0.196,2026-06-10 02:52:25
CASE_02608,FIR/2024/429,2024-10-22 05:50:25,CARD_FRAUD,Gujarat,Synthetic_District_42,18.764939,88.468621,51070.62,16,2.69,5,1,0.21,2024-11-02 05:50:25
CASE_02609,FIR/2024/802,2024-10-23 04:27:25,OTHER,Delhi,Synthetic_District_27,8.919425,90.055264,153938.27,1,3.66,4,2,0.861,2024-11-08 04:27:25
CASE_02610,FIR/2025/187,2025-09-07 06:33:25,NET_BANKING_FRAUD,West Bengal,Synthetic_District_44,35.327654,95.30175,13032.05,20,0.99,6,6,0.883,2025-09-20 06:33:25
CASE_02611,FIR/2025/603,2025-01-04 23:21:25,UPI_FRAUD,Gujarat,Synthetic_District_17,18.55355,86.693627,6456.06,17,4.83,23,5,0.96,2025-01-08 23:21:25
CASE_02612,FIR/2026/612,2026-09-16 15:58:25,PHISHING,Gujarat,Synthetic_District_1,17.699517,88.109284,100147.65,1,2.5,15,2,0.066,2026-09-18 15:58:25
CASE_02613,FIR/2026/130,2026-07-05 05:39:25,IMPERSONATION,Andhra Pradesh,Synthetic_District_18,9.184047,69.038566,73309.67,15,2.69,5,6,0.761,2026-07-27 05:39:25
CASE_02614,FIR/2026/624,2026-07-22 02:13:25,INVESTMENT_SCAM,Tamil Nadu,Synthetic_District_1,14.611943,83.008794,744213.52,12,2.37,2,2,0.433,2026-08-19 02:13:25
CASE_02615,FIR/2025/988,2025-09-01 14:03:25,IMPERSONATION,Kerala,Synthetic_District_17,25.985541,81.897057,136000.28,17,0.38,14,0,0.01,2025-09-05 14:03:25
CASE_02616,FIR/2026/910,2026-01-05 10:40:25,OTHER,Andhra Pradesh,Synthetic_District_17,15.12543,95.498471,101703.96,14,2.51,10,0,0.519,2026-01-29 10:40:25
CASE_02617,FIR/2026/373,2026-07-01 09:38:25,CARD_FRAUD,Karnataka,Synthetic_District_36,24.297079,84.603543,189684.9,11,4.98,9,2,0.588,2026-07-02 09:38:25
CASE_02618,FIR/2025/480,2025-04-21 22:25:25,UPI_FRAUD,Andhra Pradesh,Synthetic_District_1,32.497508,91.920615,23112.27,5,2.17,22,0,0.625,2025-04-23 22:25:25
CASE_02619,FIR/2025/764,2025-02-04 16:08:25,PHISHING,Karnataka,Synthetic_District_9,25.6045,85.345382,42137.81,20,2.07,16,1,0.196,2025-02-05 16:08:25
CASE_02620,FIR/2026/509,2026-06-05 22:43:25,PHISHING,Telangana,Synthetic_District_17,36.102541,96.375674,72285.07,1,2.26,22,4,0.643,2026-06-09 22:43:25
CASE_02621,FIR/2025/923,2025-09-26 01:36:25,OTHER,Delhi,Synthetic_District_44,21.424425,94.807352,168475.95,1,0.68,1,4,0.866,2025-10-17 01:36:25
CASE_02622,FIR/2026/434,2026-06-15 03:58:25,UPI_FRAUD,Karnataka,Synthetic_District_2,16.47398,73.813859,27965.47,18,0.79,3,0,0.039,2026-07-08 03:58:25
CASE_02623,FIR/2025/408,2025-10-28 08:53:25,OTHER,West Bengal,Synthetic_District_8,30.671103,68.943448,181804.56,8,4.56,8,1,0.056,2025-11-09 08:53:25
CASE_02624,FIR/2025/628,2025-07-31 09:03:25,IMPERSONATION,Telangana,Synthetic_District_29,29.938128,82.076991,90209.2,15,4.44,9,3,0.587,2025-08-17 09:03:25
CASE_02625,FIR/2025/796,2025-03-02 01:38:25,IMPERSONATION,Telangana,Synthetic_District_16,23.261735,71.044361,66572.13,3,2.73,1,6,0.486,2025-03-30 01:38:25
CASE_02626,FIR/2026/547,2026-08-24 23:33:25,INVESTMENT_SCAM,Kerala,Synthetic_District_9,25.019565,93.174129,876822.79,4,2.57,23,0,0.185,2026-09-05 23:33:25
CASE_02627,FIR/2025/640,2025-10-08 13:14:25,IMPERSONATION,West Bengal,Synthetic_District_43,28.990706,77.759761,84341.74,11,3.0,13,2,0.244,2025-11-07 13:14:25
CASE_02628,FIR/2026/972,2026-03-08 20:21:25,NET_BANKING_FRAUD,Uttar Pradesh,Synthetic_District_22,32.504015,75.592252,145858.23,17,2.32,20,6,0.103,2026-04-03 20:21:25
CASE_02629,FIR/2025/624,2025-09-10 17:37:25,IMPERSONATION,West Bengal,Synthetic_District_19,24.970905,71.338732,152679.2,11,3.71,17,2,0.51,2025-09-15 17:37:25
CASE_02630,FIR/2026/142,2026-08-01 01:03:25,NET_BANKING_FRAUD,Tamil Nadu,Synthetic_District_22,8.776103,95.050519,142657.23,14,3.02,1,5,0.361,2026-08-27 01:03:25
CASE_02631,FIR/2025/315,2025-09-25 12:29:25,OTHER,Telangana,Synthetic_District_22,22.740802,70.256287,154944.41,2,2.59,12,3,0.712,2025-10-17 12:29:25
CASE_02632,FIR/2025/557,2025-03-05 07:13:25,OTHER,Gujarat,Synthetic_District_41,22.402933,82.301647,66617.34,12,2.91,7,2,0.18,2025-03-15 07:13:25
CASE_02633,FIR/2026/251,2026-09-24 19:53:25,PHISHING,Kerala,Synthetic_District_48,25.017044,91.53119,103348.56,16,3.02,19,3,0.616,2026-09-25 19:53:25
CASE_02634,FIR/2026/472,2026-02-16 18:30:25,CARD_FRAUD,Uttar Pradesh,Synthetic_District_19,23.875156,77.005648,174959.0,14,2.36,18,0,0.265,2026-03-12 18:30:25
CASE_02635,FIR/2025/677,2025-01-16 06:12:25,PHISHING,Telangana,Synthetic_District_27,27.11074,82.168789,40298.12,5,1.72,6,3,0.586,2025-01-27 06:12:25
CASE_02636,FIR/2024/369,2024-10-29 22:34:25,NET_BANKING_FRAUD,Uttar Pradesh,Synthetic_District_47,30.945809,78.892519,86754.23,4,3.93,22,1,0.911,2024-11-03 22:34:25
CASE_02637,FIR/2026/302,2026-02-13 21:28:25,NET_BANKING_FRAUD,Maharashtra,Synthetic_District_19,31.69404,95.504633,80062.86,7,1.45,21,4,0.496,2026-03-15 21:28:25
CASE_02638,FIR/2026/473,2026-07-13 17:48:25,CARD_FRAUD,Telangana,Synthetic_District_36,14.979129,76.403912,57300.62,12,3.15,17,0,0.336,2026-08-09 17:48:25
CASE_02639,FIR/2025/534,2025-10-07 06:36:25,PHISHING,West Bengal,Synthetic_District_43,14.225999,78.817342,191685.64,16,3.53,6,1,0.861,2025-10-21 06:36:25
CASE_02640,FIR/2025/727,2025-11-28 08:48:25,INVESTMENT_SCAM,Telangana,Synthetic_District_49,8.225576,96.666859,829353.58,19,0.55,8,4,0.503,2025-12-23 08:48:25
CASE_02641,FIR/2024/479,2024-11-21 01:57:25,UPI_FRAUD,Telangana,Synthetic_District_44,21.674926,77.31074,23735.1,6,0.56,1,3,0.718,2024-12-06 01:57:25
CASE_02642,FIR/2026/147,2026-05-19 23:59:25,NET_BANKING_FRAUD,Uttar Pradesh,Synthetic_District_44,36.00027,93.239873,111641.61,14,0.28,23,1,0.576,2026-06-17 23:59:25
CASE_02643,FIR/2026/125,2026-03-14 09:19:25,CARD_FRAUD,Maharashtra,Synthetic_District_3,18.688061,90.911603,129599.73,18,1.06,9,5,0.078,2026-03-18 09:19:25
CASE_02644,FIR/2025/391,2025-10-12 22:56:25,UPI_FRAUD,Karnataka,Synthetic_District_3,25.721586,73.505923,8171.99,8,3.57,22,6,0.94,2025-10-26 22:56:25
CASE_02645,FIR/2025/102,2025-06-05 08:22:25,UPI_FRAUD,Tamil Nadu,Synthetic_District_35,24.254972,80.978841,9328.55,6,4.72,8,3,0.994,2025-06-08 08:22:25
CASE_02646,FIR/2026/390,2026-04-26 10:24:25,PHISHING,Gujarat,Synthetic_District_34,10.880851,89.921709,106114.45,15,2.22,10,6,0.248,2026-05-25 10:24:25
CASE_02647,FIR/2025/406,2025-07-05 21:32:25,UPI_FRAUD,West Bengal,Synthetic_District_45,10.688446,76.524439,27229.51,13,2.23,21,5,0.481,2025-07-10 21:32:25
CASE_02648,FIR/2025/574,2025-11-26 02:02:25,OTHER,West Bengal,Synthetic_District_13,30.228381,90.18453,6967.23,16,3.04,2,2,0.434,2025-12-04 02:02:25
CASE_02649,FIR/2025/195,2025-12-26 12:35:25,IMPERSONATION,West Bengal,Synthetic_District_31,20.865178,92.787389,66125.09,9,3.09,12,4,0.169,2026-01-08 12:35:25
CASE_02650,FIR/2026/363,2026-03-23 07:27:25,UPI_FRAUD,Andhra Pradesh,Synthetic_District_40,14.299573,91.001917,15367.17,20,3.55,7,0,0.249,2026-04-18 07:27:25
CASE_02651,FIR/2025/769,2025-08-30 03:36:25,NET_BANKING_FRAUD,Delhi,Synthetic_District_13,25.836451,68.29687,81271.7,5,3.17,3,5,0.792,2025-09-18 03:36:25
CASE_02652,FIR/2024/884,2024-10-11 10:21:25,OTHER,Uttar Pradesh,Synthetic_District_25,19.323713,87.362486,75631.24,17,0.41,10,4,0.897,2024-11-02 10:21:25
CASE_02653,FIR/2026/909,2026-04-02 22:38:25,PHISHING,Delhi,Synthetic_District_16,27.284682,86.847867,115731.16,5,1.4,22,3,0.56,2026-04-07 22:38:25
CASE_02654,FIR/2025/597,2025-04-07 17:59:25,NET_BANKING_FRAUD,West Bengal,Synthetic_District_50,15.825401,96.456205,42349.96,3,1.1,17,0,0.414,2025-05-07 17:59:25
CASE_02655,FIR/2025/607,2025-08-04 15:41:25,INVESTMENT_SCAM,West Bengal,Synthetic_District_16,9.492275,75.699365,965478.18,11,1.71,15,0,0.385,2025-08-30 15:41:25
CASE_02656,FIR/2025/767,2025-08-29 14:34:25,NET_BANKING_FRAUD,Telangana,Synthetic_District_30,22.570055,84.287051,132855.88,1,0.37,14,4,0.353,2025-09-01 14:34:25
CASE_02657,FIR/2025/534,2025-02-11 05:25:25,IMPERSONATION,Kerala,Synthetic_District_41,15.408,85.447977,96316.53,7,4.84,5,1,0.915,2025-02-17 05:25:25
CASE_02658,FIR/2026/544,2026-01-20 18:08:25,NET_BANKING_FRAUD,Telangana,Synthetic_District_13,33.6015,91.189447,22366.81,6,0.31,18,1,0.292,2026-01-23 18:08:25
CASE_02659,FIR/2026/832,2026-09-01 09:12:25,NET_BANKING_FRAUD,Maharashtra,Synthetic_District_24,11.981353,75.237249,50761.94,3,3.19,9,1,0.093,2026-09-18 09:12:25
CASE_02660,FIR/2025/518,2025-09-20 14:27:25,UPI_FRAUD,Telangana,Synthetic_District_41,10.93717,74.490145,40242.88,18,1.67,14,5,0.543,2025-10-11 14:27:25
CASE_02661,FIR/2025/826,2025-06-25 23:43:25,PHISHING,Uttar Pradesh,Synthetic_District_33,33.172916,81.798006,166758.18,14,2.11,23,2,0.995,2025-07-01 23:43:25
CASE_02662,FIR/2026/898,2026-02-13 14:22:25,IMPERSONATION,Kerala,Synthetic_District_9,14.00901,83.891051,143616.23,1,2.07,14,4,0.92,2026-03-09 14:22:25
CASE_02663,FIR/2026/144,2026-03-01 11:49:25,IMPERSONATION,Karnataka,Synthetic_District_24,12.381938,85.491027,164871.31,17,1.41,11,6,0.459,2026-03-28 11:49:25
CASE_02664,FIR/2026/470,2026-08-01 02:22:25,OTHER,Uttar Pradesh,Synthetic_District_39,8.606958,92.570096,153557.83,16,0.19,2,5,0.18,2026-08-21 02:22:25
CASE_02665,FIR/2026/320,2026-06-27 05:51:25,UPI_FRAUD,Telangana,Synthetic_District_33,31.827301,69.297669,40108.48,1,3.17,5,5,0.479,2026-07-26 05:51:25
CASE_02666,FIR/2025/111,2025-10-09 19:59:25,UPI_FRAUD,Uttar Pradesh,Synthetic_District_49,12.441139,93.793899,21462.52,5,0.63,19,3,0.55,2025-10-24 19:59:25
CASE_02667,FIR/2025/212,2025-07-21 03:36:25,PHISHING,Kerala,Synthetic_District_29,14.936996,92.196812,164798.11,2,1.49,3,0,0.083,2025-07-26 03:36:25
CASE_02668,FIR/2025/523,2025-12-28 02:00:25,OTHER,Andhra Pradesh,Synthetic_District_27,18.190311,92.820919,18310.73,6,1.19,2,6,0.402,2026-01-26 02:00:25
CASE_02669,FIR/2025/881,2025-11-27 04:06:25,INVESTMENT_SCAM,Delhi,Synthetic_District_17,21.156986,77.620949,71062.13,5,2.16,4,3,0.94,2025-12-26 04:06:25
CASE_02670,FIR/2024/584,2024-11-24 14:00:25,NET_BANKING_FRAUD,Karnataka,Synthetic_District_10,21.186144,77.108478,126182.28,1,0.14,14,6,0.96,2024-12-23 14:00:25
CASE_02671,FIR/2026/692,2026-09-01 06:20:25,NET_BANKING_FRAUD,Karnataka,Synthetic_District_21,21.408451,70.204445,9292.19,3,4.86,6,1,0.083,2026-09-18 06:20:25
CASE_02672,FIR/2025/307,2025-01-01 05:14:25,OTHER,Delhi,Synthetic_District_16,18.584288,91.076483,137943.05,19,4.04,5,2,0.76,2025-01-31 05:14:25
CASE_02673,FIR/2025/642,2025-05-23 17:25:25,OTHER,Kerala,Synthetic_District_47,24.900087,77.270481,74744.51,3,4.37,17,4,0.419,2025-06-08 17:25:25
CASE_02674,FIR/2024/981,2024-11-26 07:22:25,CARD_FRAUD,Maharashtra,Synthetic_District_46,23.312377,68.929949,38480.75,9,0.97,7,1,0.683,2024-12-10 07:22:25
CASE_02675,FIR/2026/213,2026-03-25 03:25:25,IMPERSONATION,Uttar Pradesh,Synthetic_District_2,12.13785,69.001117,66852.61,3,4.3,3,2,0.652,2026-03-28 03:25:25
CASE_02676,FIR/2025/897,2025-08-26 15:04:25,INVESTMENT_SCAM,Telangana,Synthetic_District_7,9.447204,74.41937,529203.04,10,2.02,15,1,0.365,2025-09-03 15:04:25
CASE_02677,FIR/2025/423,2025-05-17 05:57:25,OTHER,Gujarat,Synthetic_District_46,30.395135,88.297177,48385.09,7,2.38,5,5,0.871,2025-05-18 05:57:25
CASE_02678,FIR/2026/889,2026-05-14 10:42:25,CARD_FRAUD,Kerala,Synthetic_District_15,21.074279,81.020226,24784.08,5,0.57,10,3,0.462,2026-06-10 10:42:25
CASE_02679,FIR/2025/449,2025-07-03 06:48:25,UPI_FRAUD,Uttar Pradesh,Synthetic_District_11,24.002181,87.718884,40963.86,8,4.33,6,3,0.92,2025-07-24 06:48:25
CASE_02680,FIR/2026/960,2026-05-01 16:15:25,UPI_FRAUD,West Bengal,Synthetic_District_24,19.039785,71.144781,22509.13,13,3.07,16,4,0.375,2026-05-13 16:15:25
CASE_02681,FIR/2026/805,2026-06-09 20:16:25,IMPERSONATION,Uttar Pradesh,Synthetic_District_16,8.885272,88.341902,48114.18,2,3.46,20,1,0.721,2026-07-08 20:16:25
CASE_02682,FIR/2026/661,2026-05-25 19:34:25,NET_BANKING_FRAUD,Tamil Nadu,Synthetic_District_16,28.806759,70.135446,121708.55,19,1.14,19,0,0.889,2026-06-04 19:34:25
CASE_02683,FIR/2026/936,2026-07-21 07:46:25,INVESTMENT_SCAM,Kerala,Synthetic_District_47,16.699347,79.185506,622050.26,10,4.65,7,1,0.87,2026-08-17 07:46:25
CASE_02684,FIR/2025/961,2025-03-01 16:06:25,INVESTMENT_SCAM,Telangana,Synthetic_District_30,8.622173,82.426426,242500.26,13,4.34,16,5,0.007,2025-03-10 16:06:25
CASE_02685,FIR/2025/763,2025-11-04 22:40:25,UPI_FRAUD,Telangana,Synthetic_District_28,12.268942,95.311968,23501.8,6,2.31,22,1,0.581,2025-12-01 22:40:25
CASE_02686,FIR/2025/950,2025-03-12 05:46:25,OTHER,Andhra Pradesh,Synthetic_District_48,31.753389,69.880791,26605.41,18,2.24,5,2,0.861,2025-03-13 05:46:25
CASE_02687,FIR/2025/958,2025-01-27 17:23:25,OTHER,Karnataka,Synthetic_District_38,26.831239,85.097451,44835.7,19,0.12,17,0,0.556,2025-02-17 17:23:25
CASE_02688,FIR/2026/239,2026-01-20 17:48:25,OTHER,Gujarat,Synthetic_District_45,19.780274,72.874565,40064.63,1,1.79,17,1,0.844,2026-02-11 17:48:25
CASE_02689,FIR/2026/602,2026-08-13 15:18:25,NET_BANKING_FRAUD,Gujarat,Synthetic_District_4,10.454178,87.459713,93522.89,15,0.76,15,3,0.386,2026-08-18 15:18:25
CASE_02690,FIR/2025/771,2025-01-09 20:21:25,CARD_FRAUD,Uttar Pradesh,Synthetic_District_26,16.871352,68.816971,85933.69,16,2.3,20,3,0.636,2025-01-29 20:21:25
CASE_02691,FIR/2025/214,2025-10-05 05:29:25,OTHER,Uttar Pradesh,Synthetic_District_11,12.329595,78.268934,113023.22,4,4.86,5,6,0.368,2025-10-13 05:29:25
CASE_02692,FIR/2026/848,2026-05-05 16:27:25,NET_BANKING_FRAUD,West Bengal,Synthetic_District_43,25.684532,78.199469,159619.04,2,2.53,16,1,0.106,2026-05-20 16:27:25
CASE_02693,FIR/2025/293,2025-06-29 16:18:25,NET_BANKING_FRAUD,Telangana,Synthetic_District_35,11.498782,71.790813,128153.47,4,2.5,16,6,0.497,2025-07-16 16:18:25
CASE_02694,FIR/2026/482,2026-01-03 02:16:25,NET_BANKING_FRAUD,Uttar Pradesh,Synthetic_District_40,27.333365,95.408577,121835.35,18,1.6,2,5,0.537,2026-01-15 02:16:25
CASE_02695,FIR/2025/227,2025-10-30 12:22:25,INVESTMENT_SCAM,Delhi,Synthetic_District_23,12.193264,69.046799,496191.99,3,3.1,12,3,0.062,2025-11-12 12:22:25
CASE_02696,FIR/2025/490,2025-06-17 06:25:25,INVESTMENT_SCAM,Gujarat,Synthetic_District_8,24.742589,84.489321,166934.28,19,2.92,6,1,0.211,2025-06-25 06:25:25
CASE_02697,FIR/2026/883,2026-08-24 17:58:25,IMPERSONATION,West Bengal,Synthetic_District_31,24.14753,69.148561,16184.05,13,2.7,17,0,0.516,2026-09-17 17:58:25
CASE_02698,FIR/2026/439,2026-01-31 03:59:25,PHISHING,Delhi,Synthetic_District_28,27.996832,69.544635,66555.38,20,3.41,3,5,0.776,2026-02-16 03:59:25
CASE_02699,FIR/2025/671,2025-06-16 08:17:25,UPI_FRAUD,Delhi,Synthetic_District_26,25.135818,87.269147,5775.45,7,1.52,8,0,0.368,2025-07-01 08:17:25
CASE_02700,FIR/2025/692,2025-05-24 10:55:25,OTHER,Tamil Nadu,Synthetic_District_6,20.77439,81.342611,26379.4,14,1.74,10,5,0.933,2025-06-19 10:55:25
CASE_02701,FIR/2025/930,2025-06-07 11:26:25,CARD_FRAUD,Gujarat,Synthetic_District_24,32.258436,86.680937,137446.36,2,1.65,11,5,0.965,2025-06-30 11:26:25
CASE_02702,FIR/2026/676,2026-08-07 08:31:25,NET_BANKING_FRAUD,Maharashtra,Synthetic_District_30,16.719012,70.150759,156413.97,5,3.38,8,4,0.212,2026-08-28 08:31:25
CASE_02703,FIR/2025/812,2025-08-21 23:07:25,PHISHING,Maharashtra,Synthetic_District_5,28.00809,82.353657,101077.96,2,4.3,23,3,0.141,2025-09-05 23:07:25
CASE_02704,FIR/2025/850,2025-03-09 18:24:25,CARD_FRAUD,Tamil Nadu,Synthetic_District_25,25.1542,92.784651,103598.28,15,3.25,18,6,0.992,2025-03-15 18:24:25
CASE_02705,FIR/2026/516,2026-06-18 00:57:25,PHISHING,West Bengal,Synthetic_District_25,33.807453,90.938754,115746.96,1,4.05,0,3,0.537,2026-06-29 00:57:25
CASE_02706,FIR/2024/892,2024-10-16 05:21:25,OTHER,Uttar Pradesh,Synthetic_District_42,34.560219,75.714651,55182.94,4,0.4,5,2,0.717,2024-10-17 05:21:25
CASE_02707,FIR/2025/707,2025-08-02 21:39:25,NET_BANKING_FRAUD,Gujarat,Synthetic_District_17,26.04478,78.115423,156124.84,19,0.84,21,5,0.921,2025-08-03 21:39:25
CASE_02708,FIR/2025/998,2025-01-17 09:36:25,UPI_FRAUD,Uttar Pradesh,Synthetic_District_27,25.727573,95.203892,25296.0,4,1.15,9,4,0.156,2025-02-14 09:36:25
CASE_02709,FIR/2026/428,2026-07-04 11:00:25,CARD_FRAUD,Tamil Nadu,Synthetic_District_34,16.893901,82.581118,90211.34,3,0.59,11,5,0.325,2026-07-20 11:00:25
CASE_02710,FIR/2024/154,2024-11-06 23:04:25,NET_BANKING_FRAUD,Maharashtra,Synthetic_District_27,16.302478,95.057613,74516.83,6,1.98,23,2,0.302,2024-11-17 23:04:25
CASE_02711,FIR/2025/282,2025-08-27 02:11:25,PHISHING,Maharashtra,Synthetic_District_15,17.908795,75.269153,1646.05,13,3.15,2,2,0.696,2025-09-01 02:11:25
CASE_02712,FIR/2026/956,2026-08-10 00:21:25,CARD_FRAUD,Maharashtra,Synthetic_District_49,20.899886,87.325831,1789.24,8,1.45,0,0,0.383,2026-08-12 00:21:25
CASE_02713,FIR/2026/150,2026-07-01 03:38:25,CARD_FRAUD,Karnataka,Synthetic_District_27,9.470989,90.95088,94984.6,19,2.67,3,2,0.985,2026-07-03 03:38:25
CASE_02714,FIR/2025/294,2025-12-26 11:34:25,CARD_FRAUD,Telangana,Synthetic_District_9,10.1622,86.339799,22562.8,3,3.73,11,4,0.0,2026-01-01 11:34:25
CASE_02715,FIR/2025/508,2025-03-18 02:25:25,UPI_FRAUD,Maharashtra,Synthetic_District_25,22.923265,94.257936,24431.46,11,2.24,2,1,0.664,2025-03-21 02:25:25
CASE_02716,FIR/2026/296,2026-03-25 16:43:25,CARD_FRAUD,Tamil Nadu,Synthetic_District_44,13.714707,79.369907,54692.7,1,0.79,16,2,0.341,2026-04-14 16:43:25
CASE_02717,FIR/2024/427,2024-12-07 03:42:25,NET_BANKING_FRAUD,West Bengal,Synthetic_District_8,20.738099,85.766103,139631.84,12,3.66,3,5,0.549,2024-12-26 03:42:25
CASE_02718,FIR/2024/411,2024-11-29 15:06:25,PHISHING,Uttar Pradesh,Synthetic_District_12,12.935335,91.618758,147807.17,4,3.25,15,4,0.103,2024-12-09 15:06:25
CASE_02719,FIR/2025/215,2025-03-12 11:22:25,INVESTMENT_SCAM,Kerala,Synthetic_District_8,16.243067,89.78131,306817.97,7,4.1,11,2,0.961,2025-04-04 11:22:25
CASE_02720,FIR/2026/694,2026-09-20 05:42:25,INVESTMENT_SCAM,Maharashtra,Synthetic_District_19,32.7869,79.953453,602026.86,5,0.13,5,6,0.121,2026-09-26 05:42:25
CASE_02721,FIR/2026/143,2026-09-26 16:51:25,NET_BANKING_FRAUD,Delhi,Synthetic_District_4,25.959115,82.676574,61092.18,10,3.54,16,5,0.436,2026-10-13 16:51:25
CASE_02722,FIR/2026/404,2026-03-09 09:10:25,NET_BANKING_FRAUD,West Bengal,Synthetic_District_5,28.039919,72.25939,73433.44,6,4.7,9,0,0.6,2026-03-17 09:10:25
CASE_02723,FIR/2026/721,2026-08-08 05:14:25,IMPERSONATION,Maharashtra,Synthetic_District_27,17.052965,75.920209,66062.8,19,0.71,5,5,0.909,2026-08-19 05:14:25
CASE_02724,FIR/2025/126,2025-04-12 21:31:25,UPI_FRAUD,Maharashtra,Synthetic_District_7,13.529955,83.004089,28031.35,5,1.17,21,5,0.359,2025-05-09 21:31:25
CASE_02725,FIR/2026/656,2026-03-29 22:41:25,PHISHING,Kerala,Synthetic_District_46,36.212533,89.090716,58674.13,5,4.42,22,6,0.877,2026-04-28 22:41:25
CASE_02726,FIR/2025/183,2025-06-14 04:56:25,NET_BANKING_FRAUD,Tamil Nadu,Synthetic_District_50,12.584853,96.85474,95846.1,11,1.31,4,5,0.835,2025-07-09 04:56:25
CASE_02727,FIR/2025/919,2025-06-15 22:00:25,INVESTMENT_SCAM,Karnataka,Synthetic_District_29,21.74852,68.859497,452716.27,5,3.13,22,6,0.732,2025-07-06 22:00:25
CASE_02728,FIR/2026/605,2026-07-11 14:27:25,INVESTMENT_SCAM,Andhra Pradesh,Synthetic_District_46,19.459032,81.62321,763729.62,2,4.86,14,5,0.701,2026-08-09 14:27:25
CASE_02729,FIR/2026/559,2026-02-23 08:40:25,PHISHING,Telangana,Synthetic_District_12,31.01126,92.442295,15932.71,2,0.2,8,0,0.833,2026-03-18 08:40:25
CASE_02730,FIR/2024/789,2024-11-05 04:39:25,UPI_FRAUD,Uttar Pradesh,Synthetic_District_46,33.025369,96.029344,1031.64,5,1.49,4,1,0.462,2024-11-10 04:39:25
CASE_02731,FIR/2025/166,2025-09-17 00:56:25,NET_BANKING_FRAUD,Andhra Pradesh,Synthetic_District_48,31.513861,96.674839,69924.69,19,3.39,0,2,0.594,2025-10-03 00:56:25
CASE_02732,FIR/2025/694,2025-12-18 16:33:25,IMPERSONATION,West Bengal,Synthetic_District_21,28.280165,74.366383,142948.58,4,4.04,16,3,0.169,2026-01-17 16:33:25
CASE_02733,FIR/2026/786,2026-03-07 10:57:25,NET_BANKING_FRAUD,Delhi,Synthetic_District_50,32.191779,83.929139,129972.74,14,2.63,10,5,0.478,2026-03-31 10:57:25
CASE_02734,FIR/2024/460,2024-11-09 00:56:25,IMPERSONATION,Gujarat,Synthetic_District_50,26.862723,70.293124,175404.33,20,3.05,0,5,0.579,2024-11-12 00:56:25
CASE_02735,FIR/2024/291,2024-12-21 16:12:25,IMPERSONATION,Maharashtra,Synthetic_District_42,13.543906,75.233945,116140.94,15,3.63,16,5,0.346,2025-01-17 16:12:25
CASE_02736,FIR/2026/106,2026-01-23 12:45:25,NET_BANKING_FRAUD,West Bengal,Synthetic_District_36,34.64598,94.169211,96417.73,19,1.48,12,4,0.578,2026-02-12 12:45:25
CASE_02737,FIR/2025/616,2025-11-12 23:35:25,CARD_FRAUD,Andhra Pradesh,Synthetic_District_46,35.787561,71.632127,91757.65,3,1.26,23,2,0.934,2025-12-08 23:35:25
CASE_02738,FIR/2025/942,2025-08-29 11:07:25,UPI_FRAUD,Kerala,Synthetic_District_36,16.104735,78.410874,30583.28,6,0.9,11,4,0.371,2025-09-09 11:07:25
CASE_02739,FIR/2025/293,2025-09-08 19:57:25,OTHER,Karnataka,Synthetic_District_48,17.494779,69.952306,169375.43,10,0.57,19,0,0.413,2025-09-30 19:57:25
CASE_02740,FIR/2026/201,2026-09-05 03:52:25,IMPERSONATION,Karnataka,Synthetic_District_39,19.910909,76.950051,141095.87,4,3.4,3,5,0.977,2026-10-01 03:52:25
CASE_02741,FIR/2025/719,2025-12-13 00:10:25,OTHER,Karnataka,Synthetic_District_22,29.285266,75.302456,71740.86,16,1.26,0,5,0.883,2026-01-11 00:10:25
CASE_02742,FIR/2025/986,2025-02-21 21:00:25,CARD_FRAUD,Gujarat,Synthetic_District_33,30.818533,81.517534,27727.33,2,4.97,21,4,0.199,2025-03-20 21:00:25
CASE_02743,FIR/2026/214,2026-08-24 21:58:25,IMPERSONATION,Delhi,Synthetic_District_34,10.325171,69.830719,165281.76,17,4.1,21,0,0.654,2026-09-12 21:58:25
CASE_02744,FIR/2025/859,2025-05-23 04:40:25,CARD_FRAUD,Telangana,Synthetic_District_9,35.672315,71.480152,135274.36,6,2.26,4,4,0.317,2025-06-11 04:40:25
CASE_02745,FIR/2025/936,2025-12-07 00:33:25,OTHER,Tamil Nadu,Synthetic_District_5,10.542706,85.583441,100110.71,7,1.27,0,6,0.988,2026-01-05 00:33:25
CASE_02746,FIR/2024/346,2024-10-16 10:17:25,NET_BANKING_FRAUD,Karnataka,Synthetic_District_28,29.228095,77.695548,33232.81,19,4.45,10,2,0.673,2024-10-17 10:17:25
CASE_02747,FIR/2024/920,2024-10-27 00:37:25,INVESTMENT_SCAM,Karnataka,Synthetic_District_16,28.444542,76.637369,140748.55,12,3.6,0,6,0.678,2024-11-26 00:37:25
CASE_02748,FIR/2024/177,2024-11-13 20:49:25,INVESTMENT_SCAM,Kerala,Synthetic_District_2,23.775228,80.984442,195412.64,5,2.64,20,2,0.973,2024-11-16 20:49:25
CASE_02749,FIR/2025/756,2025-12-08 13:20:25,NET_BANKING_FRAUD,Tamil Nadu,Synthetic_District_12,30.02516,76.164917,107058.81,20,2.91,13,0,0.862,2026-01-05 13:20:25
CASE_02750,FIR/2024/386,2024-10-10 23:27:25,PHISHING,Tamil Nadu,Synthetic_District_42,17.030247,82.371691,192566.4,7,3.65,23,3,0.307,2024-10-15 23:27:25
CASE_02751,FIR/2025/146,2025-01-13 18:11:25,CARD_FRAUD,Karnataka,Synthetic_District_19,32.460209,68.056384,14202.33,1,3.18,18,0,0.111,2025-01-17 18:11:25
CASE_02752,FIR/2025/566,2025-05-28 03:08:25,CARD_FRAUD,Uttar Pradesh,Synthetic_District_20,11.861582,88.901798,192048.54,5,3.45,3,2,0.128,2025-06-05 03:08:25
CASE_02753,FIR/2026/809,2026-06-03 04:12:25,OTHER,Gujarat,Synthetic_District_9,27.051161,82.184519,172264.41,3,3.58,4,2,0.801,2026-06-23 04:12:25
CASE_02754,FIR/2026/969,2026-04-25 11:20:25,NET_BANKING_FRAUD,Gujarat,Synthetic_District_32,20.28206,89.330949,143347.55,12,4.34,11,5,0.218,2026-05-11 11:20:25
CASE_02755,FIR/2026/721,2026-01-18 13:49:25,PHISHING,West Bengal,Synthetic_District_6,23.457901,84.639061,158176.95,20,2.34,13,6,0.636,2026-01-24 13:49:25
CASE_02756,FIR/2024/381,2024-11-11 01:17:25,NET_BANKING_FRAUD,Telangana,Synthetic_District_8,25.020932,77.253469,45740.11,17,2.11,1,0,0.51,2024-12-08 01:17:25
CASE_02757,FIR/2024/841,2024-12-25 13:32:25,OTHER,Tamil Nadu,Synthetic_District_18,11.290607,84.110097,91792.75,1,2.54,13,2,0.974,2025-01-16 13:32:25
CASE_02758,FIR/2025/741,2025-11-16 02:31:25,IMPERSONATION,Maharashtra,Synthetic_District_23,33.41481,91.340877,8969.97,17,1.72,2,6,0.193,2025-12-05 02:31:25
CASE_02759,FIR/2025/500,2025-01-16 10:25:25,CARD_FRAUD,Delhi,Synthetic_District_3,18.489216,76.088903,48446.77,10,3.04,10,3,0.767,2025-02-04 10:25:25
CASE_02760,FIR/2025/357,2025-04-05 06:50:25,IMPERSONATION,Karnataka,Synthetic_District_27,14.60921,77.106389,113144.62,14,4.49,6,5,0.008,2025-04-07 06:50:25
CASE_02761,FIR/2026/569,2026-01-22 12:49:25,OTHER,West Bengal,Synthetic_District_43,16.094045,69.599925,71667.98,12,1.86,12,3,0.649,2026-02-15 12:49:25
CASE_02762,FIR/2025/877,2025-09-09 00:28:25,CARD_FRAUD,Karnataka,Synthetic_District_29,30.006498,94.633436,54129.03,19,3.42,0,1,0.456,2025-10-02 00:28:25
CASE_02763,FIR/2026/997,2026-02-27 09:19:25,OTHER,Delhi,Synthetic_District_42,28.758411,89.167626,117975.69,4,3.84,9,4,0.031,2026-03-01 09:19:25
CASE_02764,FIR/2026/383,2026-01-08 21:28:25,IMPERSONATION,Karnataka,Synthetic_District_50,29.926804,77.000315,2820.62,3,4.94,21,3,0.782,2026-01-18 21:28:25
CASE_02765,FIR/2025/603,2025-11-15 20:29:25,NET_BANKING_FRAUD,West Bengal,Synthetic_District_45,8.4531,95.363985,74045.14,4,4.72,20,5,0.023,2025-12-08 20:29:25
CASE_02766,FIR/2025/634,2025-08-14 10:12:25,NET_BANKING_FRAUD,Andhra Pradesh,Synthetic_District_17,35.580048,72.319111,97211.6,14,0.72,10,3,0.292,2025-09-10 10:12:25
CASE_02767,FIR/2026/524,2026-02-20 18:29:25,CARD_FRAUD,Gujarat,Synthetic_District_6,11.334431,68.454478,113027.24,4,2.56,18,4,0.466,2026-02-21 18:29:25
CASE_02768,FIR/2025/148,2025-05-23 23:55:25,CARD_FRAUD,Kerala,Synthetic_District_43,16.518972,90.789077,93185.55,1,2.37,23,4,0.135,2025-06-19 23:55:25
CASE_02769,FIR/2025/728,2025-10-20 14:12:25,OTHER,Gujarat,Synthetic_District_43,33.872121,85.420858,106492.21,2,3.8,14,0,0.639,2025-10-22 14:12:25
CASE_02770,FIR/2025/552,2025-06-24 00:17:25,UPI_FRAUD,Uttar Pradesh,Synthetic_District_39,33.472163,82.506123,40159.67,19,2.91,0,1,0.261,2025-07-21 00:17:25
CASE_02771,FIR/2026/975,2026-05-09 22:03:25,NET_BANKING_FRAUD,West Bengal,Synthetic_District_8,11.053181,95.111962,5443.92,7,0.39,22,5,0.512,2026-06-03 22:03:25
CASE_02772,FIR/2025/370,2025-07-21 23:53:25,PHISHING,Telangana,Synthetic_District_45,18.989708,78.775982,17663.83,17,3.96,23,0,0.166,2025-08-02 23:53:25
CASE_02773,FIR/2026/122,2026-05-30 19:42:25,OTHER,Tamil Nadu,Synthetic_District_18,15.018955,90.008946,95451.28,9,1.07,19,5,0.843,2026-06-11 19:42:25
CASE_02774,FIR/2025/932,2025-10-25 14:15:25,CARD_FRAUD,Telangana,Synthetic_District_14,19.018333,77.14087,6638.55,5,1.11,14,5,0.073,2025-11-05 14:15:25
CASE_02775,FIR/2025/956,2025-06-20 20:25:25,UPI_FRAUD,Karnataka,Synthetic_District_41,11.987751,78.996243,5765.78,16,0.6,20,4,0.737,2025-07-11 20:25:25
CASE_02776,FIR/2026/992,2026-05-19 22:48:25,OTHER,Delhi,Synthetic_District_12,10.186234,87.572007,7576.67,9,0.9,22,1,0.865,2026-06-14 22:48:25
CASE_02777,FIR/2025/935,2025-12-22 13:00:25,IMPERSONATION,Tamil Nadu,Synthetic_District_36,15.699911,71.946586,151069.95,14,0.69,13,0,0.833,2025-12-26 13:00:25
CASE_02778,FIR/2026/832,2026-09-01 03:27:25,OTHER,Uttar Pradesh,Synthetic_District_20,15.833906,72.108403,124613.59,3,2.72,3,1,0.851,2026-09-12 03:27:25
CASE_02779,FIR/2025/998,2025-08-17 23:13:25,OTHER,Telangana,Synthetic_District_35,36.165561,79.642806,155021.82,5,3.63,23,6,0.625,2025-08-19 23:13:25
CASE_02780,FIR/2026/936,2026-03-29 20:02:25,OTHER,Kerala,Synthetic_District_3,13.3062,73.553612,122796.13,7,1.8,20,6,0.37,2026-04-06 20:02:25
CASE_02781,FIR/2025/785,2025-09-21 08:48:25,IMPERSONATION,Telangana,Synthetic_District_42,12.97045,83.018275,42044.58,11,0.24,8,6,0.806,2025-10-02 08:48:25
CASE_02782,FIR/2024/699,2024-11-15 08:30:25,IMPERSONATION,Gujarat,Synthetic_District_14,18.460654,90.862514,102187.57,10,4.57,8,4,0.358,2024-11-24 08:30:25
CASE_02783,FIR/2026/359,2026-09-20 15:15:25,NET_BANKING_FRAUD,Kerala,Synthetic_District_50,34.382664,84.399319,98242.74,9,3.99,15,6,0.245,2026-09-30 15:15:25
CASE_02784,FIR/2025/108,2025-12-11 02:36:25,UPI_FRAUD,Andhra Pradesh,Synthetic_District_37,23.43011,82.81999,2535.56,5,2.01,2,3,0.546,2025-12-16 02:36:25
CASE_02785,FIR/2026/312,2026-08-18 07:08:25,OTHER,Gujarat,Synthetic_District_30,25.21709,90.769563,73636.27,18,1.82,7,1,0.652,2026-08-28 07:08:25
CASE_02786,FIR/2026/224,2026-07-30 04:46:25,INVESTMENT_SCAM,Karnataka,Synthetic_District_17,8.706362,72.55764,145642.05,12,1.34,4,3,0.978,2026-08-23 04:46:25
CASE_02787,FIR/2025/544,2025-04-20 12:12:25,UPI_FRAUD,Karnataka,Synthetic_District_37,32.181987,85.820393,4719.73,8,0.79,12,6,0.632,2025-04-29 12:12:25
CASE_02788,FIR/2026/239,2026-01-21 17:13:25,INVESTMENT_SCAM,Telangana,Synthetic_District_43,35.2042,91.026391,186157.74,16,1.55,17,2,0.124,2026-02-03 17:13:25
CASE_02789,FIR/2024/945,2024-11-26 22:53:25,CARD_FRAUD,Tamil Nadu,Synthetic_District_48,27.731527,88.08378,12684.77,19,1.56,22,1,0.674,2024-12-16 22:53:25
CASE_02790,FIR/2026/570,2026-03-04 09:01:25,CARD_FRAUD,West Bengal,Synthetic_District_37,18.36714,87.884693,187628.36,8,2.19,9,2,0.786,2026-03-20 09:01:25
CASE_02791,FIR/2026/444,2026-05-28 01:21:25,NET_BANKING_FRAUD,Kerala,Synthetic_District_39,28.260829,93.979679,145455.83,20,1.83,1,3,0.456,2026-06-14 01:21:25
CASE_02792,FIR/2025/211,2025-01-25 22:13:25,IMPERSONATION,Gujarat,Synthetic_District_46,33.348374,87.750566,39416.09,5,2.25,22,5,0.106,2025-02-02 22:13:25
CASE_02793,FIR/2025/124,2025-02-11 21:44:25,IMPERSONATION,Delhi,Synthetic_District_14,25.391338,74.051388,56692.06,5,2.43,21,1,0.102,2025-02-25 21:44:25
CASE_02794,FIR/2025/141,2025-07-04 14:46:25,OTHER,Kerala,Synthetic_District_47,34.767453,77.754336,133596.52,12,0.59,14,4,0.163,2025-07-17 14:46:25
CASE_02795,FIR/2025/458,2025-05-24 08:50:25,UPI_FRAUD,Karnataka,Synthetic_District_9,28.513135,91.335053,48244.71,18,3.62,8,5,0.162,2025-06-09 08:50:25
CASE_02796,FIR/2026/465,2026-07-27 02:28:25,IMPERSONATION,Delhi,Synthetic_District_34,36.341779,95.473813,68363.49,15,3.92,2,0,0.9,2026-08-12 02:28:25
CASE_02797,FIR/2026/425,2026-02-05 00:56:25,PHISHING,Kerala,Synthetic_District_14,34.408956,74.647866,125365.09,15,1.05,0,3,0.788,2026-02-28 00:56:25
CASE_02798,FIR/2025/864,2025-12-25 08:58:25,INVESTMENT_SCAM,Uttar Pradesh,Synthetic_District_12,10.314541,95.796989,447319.08,4,0.3,8,3,0.138,2025-12-26 08:58:25
CASE_02799,FIR/2026/298,2026-02-13 07:33:25,PHISHING,Kerala,Synthetic_District_45,23.135826,95.735985,14474.73,19,3.37,7,4,0.383,2026-03-11 07:33:25
CASE_02800,FIR/2025/465,2025-09-15 23:40:25,NET_BANKING_FRAUD,Gujarat,Synthetic_District_16,11.230562,68.764022,14588.35,6,0.12,23,0,0.568,2025-09-22 23:40:25
CASE_02801,FIR/2024/929,2024-12-06 10:14:25,PHISHING,Uttar Pradesh,Synthetic_District_24,9.500448,86.058207,7033.92,8,2.39,10,4,0.85,2025-01-04 10:14:25
CASE_02802,FIR/2025/297,2025-05-20 19:53:25,INVESTMENT_SCAM,Kerala,Synthetic_District_6,29.520228,82.998634,502517.52,2,4.48,19,1,0.767,2025-06-11 19:53:25
CASE_02803,FIR/2026/949,2026-09-06 07:27:25,CARD_FRAUD,Karnataka,Synthetic_District_34,12.331951,83.779209,121700.9,1,0.1,7,6,0.059,2026-09-11 07:27:25
CASE_02804,FIR/2025/187,2025-03-24 17:20:25,IMPERSONATION,Delhi,Synthetic_District_49,11.51592,84.945953,126022.87,9,1.8,17,0,0.245,2025-04-14 17:20:25
CASE_02805,FIR/2026/234,2026-09-16 03:21:25,NET_BANKING_FRAUD,Tamil Nadu,Synthetic_District_14,10.186201,77.507723,154712.72,20,4.54,3,2,0.894,2026-10-03 03:21:25
CASE_02806,FIR/2026/908,2026-01-18 03:52:25,NET_BANKING_FRAUD,Uttar Pradesh,Synthetic_District_2,13.733322,73.701753,72794.91,18,2.68,3,6,0.057,2026-02-01 03:52:25
CASE_02807,FIR/2024/112,2024-10-03 12:03:25,UPI_FRAUD,Delhi,Synthetic_District_47,16.110599,95.457689,23296.36,1,0.33,12,3,0.513,2024-10-21 12:03:25
CASE_02808,FIR/2025/900,2025-12-07 08:26:25,CARD_FRAUD,Gujarat,Synthetic_District_21,17.879579,83.695083,103619.19,1,2.98,8,6,0.575,2025-12-11 08:26:25
CASE_02809,FIR/2025/548,2025-08-06 02:47:25,CARD_FRAUD,Delhi,Synthetic_District_16,19.33397,86.038712,124103.99,13,0.73,2,2,0.178,2025-08-20 02:47:25
CASE_02810,FIR/2025/806,2025-09-11 20:19:25,UPI_FRAUD,Delhi,Synthetic_District_3,16.94547,96.061743,14472.83,8,3.29,20,3,0.27,2025-10-03 20:19:25
CASE_02811,FIR/2025/510,2025-08-26 18:28:25,IMPERSONATION,Delhi,Synthetic_District_7,22.122824,79.195916,52590.82,7,4.65,18,1,0.605,2025-09-02 18:28:25
CASE_02812,FIR/2026/832,2026-05-10 01:51:25,NET_BANKING_FRAUD,Andhra Pradesh,Synthetic_District_29,15.435881,68.971856,157038.21,18,4.48,1,6,0.56,2026-06-08 01:51:25
CASE_02813,FIR/2026/985,2026-09-11 06:21:25,INVESTMENT_SCAM,Telangana,Synthetic_District_35,17.125299,75.851259,748987.05,3,4.79,6,4,0.086,2026-09-24 06:21:25
CASE_02814,FIR/2026/539,2026-07-23 06:14:25,IMPERSONATION,Kerala,Synthetic_District_6,22.616108,86.119613,31096.0,19,2.31,6,3,0.611,2026-08-03 06:14:25
CASE_02815,FIR/2025/263,2025-05-09 07:15:25,UPI_FRAUD,Kerala,Synthetic_District_37,14.170072,92.461799,3716.72,14,3.73,7,4,0.356,2025-05-31 07:15:25
CASE_02816,FIR/2026/549,2026-06-03 08:54:25,CARD_FRAUD,West Bengal,Synthetic_District_1,15.841809,68.079546,196453.15,2,2.46,8,2,0.589,2026-06-16 08:54:25
CASE_02817,FIR/2025/482,2025-09-16 19:36:25,INVESTMENT_SCAM,Andhra Pradesh,Synthetic_District_38,13.174593,80.531175,846102.66,19,0.78,19,1,0.05,2025-10-11 19:36:25
CASE_02818,FIR/2025/313,2025-05-13 14:31:25,PHISHING,Telangana,Synthetic_District_50,22.393176,72.088517,94454.97,13,4.47,14,1,0.99,2025-05-16 14:31:25
CASE_02819,FIR/2025/449,2025-03-06 23:45:25,UPI_FRAUD,Gujarat,Synthetic_District_43,22.672476,84.70711,27673.07,19,0.66,23,3,0.234,2025-03-29 23:45:25
CASE_02820,FIR/2025/120,2025-08-07 22:06:25,OTHER,Karnataka,Synthetic_District_38,23.649911,88.995337,78283.63,1,4.39,22,3,0.334,2025-08-23 22:06:25
CASE_02821,FIR/2026/814,2026-04-02 23:11:25,IMPERSONATION,Tamil Nadu,Synthetic_District_2,13.863354,94.39119,121544.04,3,4.12,23,3,0.976,2026-04-29 23:11:25
CASE_02822,FIR/2026/702,2026-07-14 05:06:25,IMPERSONATION,West Bengal,Synthetic_District_21,20.576806,95.150124,38620.58,9,3.12,5,1,0.68,2026-08-11 05:06:25
CASE_02823,FIR/2025/128,2025-12-28 16:36:25,NET_BANKING_FRAUD,Gujarat,Synthetic_District_3,20.359516,68.721926,163457.05,9,4.7,16,6,0.099,2026-01-06 16:36:25
CASE_02824,FIR/2025/152,2025-06-02 00:40:25,NET_BANKING_FRAUD,Kerala,Synthetic_District_47,25.14634,89.157584,7245.98,16,4.96,0,0,0.892,2025-06-12 00:40:25
CASE_02825,FIR/2025/845,2025-04-19 05:20:25,NET_BANKING_FRAUD,Andhra Pradesh,Synthetic_District_16,22.608285,88.373493,17407.18,14,1.01,5,5,0.079,2025-05-01 05:20:25
CASE_02826,FIR/2026/106,2026-02-01 15:16:25,OTHER,Telangana,Synthetic_District_17,36.194834,92.166862,60909.11,14,2.2,15,6,0.524,2026-02-11 15:16:25
CASE_02827,FIR/2026/274,2026-04-05 16:16:25,CARD_FRAUD,Gujarat,Synthetic_District_33,18.484882,74.782131,14346.65,3,1.33,16,6,0.726,2026-04-25 16:16:25
CASE_02828,FIR/2026/825,2026-02-27 09:15:25,PHISHING,Kerala,Synthetic_District_44,24.58665,70.382575,84234.71,6,0.77,9,4,0.714,2026-03-18 09:15:25
CASE_02829,FIR/2026/263,2026-05-22 09:42:25,OTHER,Maharashtra,Synthetic_District_21,24.332421,68.690502,163620.43,15,3.52,9,4,0.123,2026-06-19 09:42:25
CASE_02830,FIR/2025/379,2025-02-18 14:29:25,UPI_FRAUD,West Bengal,Synthetic_District_17,34.766871,78.182086,14544.47,15,4.63,14,1,0.483,2025-03-02 14:29:25
CASE_02831,FIR/2026/765,2026-08-13 00:52:25,IMPERSONATION,Andhra Pradesh,Synthetic_District_25,8.204923,77.153871,190172.38,18,2.99,0,3,0.231,2026-08-16 00:52:25
CASE_02832,FIR/2025/479,2025-01-09 05:28:25,OTHER,Gujarat,Synthetic_District_42,19.619477,94.69813,147979.0,15,3.78,5,3,0.399,2025-01-21 05:28:25
CASE_02833,FIR/2026/357,2026-01-28 16:12:25,NET_BANKING_FRAUD,Gujarat,Synthetic_District_26,9.359199,78.23087,80773.27,1,2.55,16,2,0.737,2026-02-08 16:12:25
CASE_02834,FIR/2026/428,2026-07-17 21:22:25,NET_BANKING_FRAUD,Delhi,Synthetic_District_5,22.239332,69.798669,62859.37,19,3.15,21,4,0.519,2026-08-03 21:22:25
CASE_02835,FIR/2025/247,2025-02-14 11:20:25,INVESTMENT_SCAM,Gujarat,Synthetic_District_24,16.673501,76.000345,513268.04,6,0.12,11,4,0.077,2025-03-09 11:20:25
CASE_02836,FIR/2026/721,2026-04-20 04:29:25,UPI_FRAUD,Delhi,Synthetic_District_39,31.979212,81.554983,20766.29,8,3.26,4,0,0.432,2026-05-12 04:29:25
CASE_02837,FIR/2025/243,2025-07-08 17:48:25,NET_BANKING_FRAUD,Kerala,Synthetic_District_27,32.96437,80.521976,160280.86,19,0.28,17,1,0.162,2025-08-05 17:48:25
CASE_02838,FIR/2024/657,2024-12-28 01:00:25,UPI_FRAUD,Tamil Nadu,Synthetic_District_37,31.802073,74.932896,9779.63,1,4.49,1,5,0.108,2025-01-01 01:00:25
CASE_02839,FIR/2026/357,2026-03-04 01:27:25,UPI_FRAUD,West Bengal,Synthetic_District_35,17.378115,83.169036,20084.14,11,1.92,1,2,0.697,2026-03-16 01:27:25
CASE_02840,FIR/2025/383,2025-03-06 11:10:25,UPI_FRAUD,Tamil Nadu,Synthetic_District_27,25.649771,95.155677,17245.78,12,2.33,11,3,0.954,2025-03-13 11:10:25
CASE_02841,FIR/2025/659,2025-08-19 19:44:25,NET_BANKING_FRAUD,Tamil Nadu,Synthetic_District_42,22.548462,88.665956,191571.53,3,3.32,19,1,0.328,2025-09-01 19:44:25
CASE_02842,FIR/2025/308,2025-12-08 12:12:25,PHISHING,West Bengal,Synthetic_District_46,31.362802,78.306635,131752.97,18,2.24,12,0,0.25,2025-12-23 12:12:25
CASE_02843,FIR/2026/798,2026-07-31 10:44:25,PHISHING,Andhra Pradesh,Synthetic_District_3,28.082517,85.400169,66077.13,19,4.97,10,4,0.775,2026-08-30 10:44:25
CASE_02844,FIR/2025/717,2025-12-15 21:01:25,OTHER,Kerala,Synthetic_District_41,21.645281,88.406755,85489.08,6,3.0,21,0,0.393,2026-01-13 21:01:25
CASE_02845,FIR/2026/980,2026-08-31 10:03:25,PHISHING,Telangana,Synthetic_District_8,22.072145,85.105787,86891.22,7,2.23,10,0,0.565,2026-09-27 10:03:25
CASE_02846,FIR/2026/234,2026-06-11 17:50:25,OTHER,Gujarat,Synthetic_District_5,25.594808,69.685719,175667.42,20,1.63,17,3,0.72,2026-07-03 17:50:25
CASE_02847,FIR/2025/565,2025-02-06 16:57:25,INVESTMENT_SCAM,Delhi,Synthetic_District_7,34.538102,71.601801,957352.13,12,3.22,16,3,0.572,2025-02-27 16:57:25
CASE_02848,FIR/2025/946,2025-07-07 04:31:25,OTHER,Kerala,Synthetic_District_47,15.849196,87.970211,77155.47,5,0.27,4,0,0.391,2025-07-21 04:31:25
CASE_02849,FIR/2025/317,2025-11-20 23:25:25,OTHER,Telangana,Synthetic_District_3,23.135789,76.350517,47928.52,5,1.98,23,3,0.323,2025-12-12 23:25:25
CASE_02850,FIR/2026/758,2026-04-03 19:02:25,UPI_FRAUD,Gujarat,Synthetic_District_21,17.087708,92.798683,11827.38,17,4.21,19,4,0.066,2026-04-12 19:02:25
CASE_02851,FIR/2025/294,2025-03-11 17:54:25,CARD_FRAUD,Telangana,Synthetic_District_4,22.147916,78.703105,106314.7,20,1.14,17,1,0.867,2025-03-17 17:54:25
CASE_02852,FIR/2026/678,2026-03-10 18:39:25,INVESTMENT_SCAM,Uttar Pradesh,Synthetic_District_30,8.708861,75.684948,657668.48,1,1.58,18,1,0.788,2026-03-13 18:39:25
CASE_02853,FIR/2024/785,2024-10-24 11:45:25,NET_BANKING_FRAUD,West Bengal,Synthetic_District_12,14.832679,77.527817,97359.08,8,4.7,11,3,0.129,2024-11-21 11:45:25
CASE_02854,FIR/2026/546,2026-02-12 08:25:25,IMPERSONATION,Telangana,Synthetic_District_22,15.460398,79.537271,44901.73,15,0.72,8,3,0.357,2026-02-20 08:25:25
CASE_02855,FIR/2025/395,2025-09-10 03:04:25,INVESTMENT_SCAM,Gujarat,Synthetic_District_7,13.21201,79.299383,930414.64,14,0.62,3,2,0.891,2025-09-18 03:04:25
CASE_02856,FIR/2026/990,2026-05-16 23:36:25,OTHER,Delhi,Synthetic_District_39,15.721423,81.417469,115843.05,2,4.18,23,5,0.962,2026-05-28 23:36:25
CASE_02857,FIR/2024/950,2024-11-29 12:51:25,PHISHING,Tamil Nadu,Synthetic_District_41,15.237267,69.465636,177055.75,6,2.42,12,4,0.855,2024-12-17 12:51:25
CASE_02858,FIR/2026/394,2026-06-19 13:41:25,CARD_FRAUD,Gujarat,Synthetic_District_31,13.479371,88.44082,101345.06,19,0.44,13,4,0.132,2026-07-17 13:41:25
CASE_02859,FIR/2026/805,2026-06-09 17:59:25,NET_BANKING_FRAUD,Uttar Pradesh,Synthetic_District_8,12.293108,80.806527,183872.81,20,1.29,17,1,0.697,2026-06-21 17:59:25
CASE_02860,FIR/2025/921,2025-08-18 07:27:25,UPI_FRAUD,Delhi,Synthetic_District_6,30.90335,70.597595,47451.86,6,4.92,7,0,0.034,2025-09-17 07:27:25
CASE_02861,FIR/2026/433,2026-09-23 05:39:25,IMPERSONATION,Uttar Pradesh,Synthetic_District_6,9.329886,88.797101,144607.26,9,1.03,5,2,0.251,2026-09-30 05:39:25
CASE_02862,FIR/2025/264,2025-11-05 01:03:25,CARD_FRAUD,Uttar Pradesh,Synthetic_District_27,25.058945,75.333595,42842.79,6,3.48,1,2,0.981,2025-11-28 01:03:25
CASE_02863,FIR/2024/269,2024-10-07 12:48:25,NET_BANKING_FRAUD,Gujarat,Synthetic_District_26,28.816291,74.930319,126221.02,6,2.36,12,0,0.047,2024-10-28 12:48:25
CASE_02864,FIR/2026/593,2026-03-03 07:43:25,INVESTMENT_SCAM,Maharashtra,Synthetic_District_4,25.445959,74.33068,353627.27,18,3.78,7,1,0.218,2026-03-04 07:43:25
CASE_02865,FIR/2024/316,2024-11-13 10:47:25,UPI_FRAUD,Delhi,Synthetic_District_22,22.91989,92.953537,33313.51,16,4.67,10,2,0.885,2024-11-23 10:47:25
CASE_02866,FIR/2025/269,2025-11-16 04:20:25,NET_BANKING_FRAUD,West Bengal,Synthetic_District_43,16.96292,81.413113,24998.51,1,1.28,4,6,0.274,2025-11-30 04:20:25
CASE_02867,FIR/2026/939,2026-07-14 22:59:25,PHISHING,Andhra Pradesh,Synthetic_District_23,26.80671,96.19201,142635.84,14,4.29,22,1,0.528,2026-08-10 22:59:25
CASE_02868,FIR/2024/305,2024-12-05 03:03:25,IMPERSONATION,Telangana,Synthetic_District_8,21.500642,82.35733,82752.89,11,4.87,3,3,0.756,2025-01-01 03:03:25
CASE_02869,FIR/2026/611,2026-03-11 03:51:25,OTHER,Andhra Pradesh,Synthetic_District_37,27.563958,78.410287,146088.63,19,1.87,3,2,0.58,2026-03-22 03:51:25
CASE_02870,FIR/2025/887,2025-11-24 16:47:25,OTHER,Tamil Nadu,Synthetic_District_46,14.348909,89.574707,185793.37,5,0.99,16,0,0.843,2025-12-18 16:47:25
CASE_02871,FIR/2025/108,2025-07-05 09:01:25,IMPERSONATION,Uttar Pradesh,Synthetic_District_11,13.336336,93.73175,28794.68,11,0.55,9,5,0.266,2025-07-17 09:01:25
CASE_02872,FIR/2026/302,2026-02-03 11:25:25,CARD_FRAUD,Gujarat,Synthetic_District_42,11.783391,82.055514,167996.63,14,0.32,11,1,0.07,2026-02-08 11:25:25
CASE_02873,FIR/2025/966,2025-12-13 01:58:25,UPI_FRAUD,Gujarat,Synthetic_District_3,23.808575,74.399698,9325.79,16,0.86,1,5,0.59,2025-12-18 01:58:25
CASE_02874,FIR/2025/753,2025-01-31 17:24:25,OTHER,Delhi,Synthetic_District_20,33.882267,87.464024,40862.9,20,0.85,17,4,0.607,2025-02-12 17:24:25
CASE_02875,FIR/2024/412,2024-11-01 19:30:25,IMPERSONATION,Uttar Pradesh,Synthetic_District_26,34.035328,84.152766,133742.55,1,2.36,19,4,0.433,2024-11-22 19:30:25
CASE_02876,FIR/2026/155,2026-08-14 11:36:25,CARD_FRAUD,West Bengal,Synthetic_District_30,23.616413,74.160112,40429.17,10,3.78,11,4,0.403,2026-09-05 11:36:25
CASE_02877,FIR/2026/418,2026-06-29 16:48:25,NET_BANKING_FRAUD,Kerala,Synthetic_District_26,20.497307,79.371827,101650.19,20,1.61,16,0,0.562,2026-07-13 16:48:25
CASE_02878,FIR/2026/315,2026-08-30 17:28:25,INVESTMENT_SCAM,West Bengal,Synthetic_District_27,22.661211,93.485096,652093.45,12,4.54,17,6,0.016,2026-09-10 17:28:25
CASE_02879,FIR/2025/537,2025-09-08 10:56:25,CARD_FRAUD,Delhi,Synthetic_District_37,21.825,73.346501,157638.81,13,2.87,10,0,0.85,2025-09-15 10:56:25
CASE_02880,FIR/2025/599,2025-02-23 03:13:25,IMPERSONATION,Tamil Nadu,Synthetic_District_41,35.418897,88.817362,163108.91,14,4.62,3,6,0.82,2025-03-15 03:13:25
CASE_02881,FIR/2026/376,2026-09-27 22:15:25,UPI_FRAUD,Gujarat,Synthetic_District_12,13.580672,87.487247,36410.01,8,1.34,22,6,0.251,2026-10-26 22:15:25
CASE_02882,FIR/2025/202,2025-12-14 06:10:25,UPI_FRAUD,Kerala,Synthetic_District_39,29.137163,79.20372,2394.05,18,0.34,6,6,0.378,2025-12-31 06:10:25
CASE_02883,FIR/2025/875,2025-11-08 22:17:25,OTHER,West Bengal,Synthetic_District_45,23.131549,81.655384,110230.6,20,4.84,22,5,0.272,2025-11-17 22:17:25
CASE_02884,FIR/2026/796,2026-06-10 01:41:25,UPI_FRAUD,Uttar Pradesh,Synthetic_District_24,10.418158,95.755215,37720.19,20,3.57,1,2,0.417,2026-06-13 01:41:25
CASE_02885,FIR/2025/674,2025-05-23 14:04:25,CARD_FRAUD,West Bengal,Synthetic_District_15,28.166694,74.824724,10362.95,4,2.77,14,4,0.544,2025-05-27 14:04:25
CASE_02886,FIR/2025/530,2025-11-08 11:32:25,PHISHING,Uttar Pradesh,Synthetic_District_5,31.330528,86.71664,54303.18,7,2.52,11,5,0.494,2025-12-04 11:32:25
CASE_02887,FIR/2025/193,2025-06-10 13:24:25,INVESTMENT_SCAM,Delhi,Synthetic_District_11,34.981017,68.806286,816700.31,13,1.15,13,1,0.501,2025-06-22 13:24:25
CASE_02888,FIR/2025/693,2025-04-01 16:45:25,IMPERSONATION,Maharashtra,Synthetic_District_24,12.405173,70.122689,31504.64,7,1.29,16,1,0.826,2025-04-22 16:45:25
CASE_02889,FIR/2026/104,2026-09-01 23:28:25,UPI_FRAUD,Uttar Pradesh,Synthetic_District_36,13.145562,72.870885,14625.33,2,1.0,23,1,0.122,2026-09-21 23:28:25
CASE_02890,FIR/2025/287,2025-12-10 07:56:25,UPI_FRAUD,Uttar Pradesh,Synthetic_District_23,25.527461,94.029407,41703.82,8,0.58,7,2,0.773,2025-12-26 07:56:25
CASE_02891,FIR/2026/114,2026-07-12 03:10:25,INVESTMENT_SCAM,Karnataka,Synthetic_District_45,8.165392,71.050767,712613.49,19,3.23,3,6,0.752,2026-07-15 03:10:25
CASE_02892,FIR/2026/317,2026-01-17 05:40:25,CARD_FRAUD,Delhi,Synthetic_District_19,32.648144,83.358376,168736.15,9,4.96,5,5,0.784,2026-02-03 05:40:25
CASE_02893,FIR/2026/836,2026-02-03 20:08:25,UPI_FRAUD,Gujarat,Synthetic_District_20,20.625532,71.342799,15699.55,15,4.88,20,1,0.059,2026-02-26 20:08:25
CASE_02894,FIR/2026/244,2026-09-06 10:13:25,UPI_FRAUD,West Bengal,Synthetic_District_12,34.277294,92.469217,6755.38,2,0.33,10,6,0.237,2026-09-30 10:13:25
CASE_02895,FIR/2026/844,2026-03-15 17:40:25,OTHER,Tamil Nadu,Synthetic_District_19,26.185885,84.469146,109517.88,4,0.98,17,6,0.205,2026-03-19 17:40:25
CASE_02896,FIR/2025/981,2025-10-24 14:28:25,UPI_FRAUD,Uttar Pradesh,Synthetic_District_46,14.226154,75.69366,1347.86,3,2.78,14,4,0.139,2025-11-17 14:28:25
CASE_02897,FIR/2025/469,2025-09-22 22:30:25,NET_BANKING_FRAUD,Delhi,Synthetic_District_42,33.199412,93.637618,77491.7,3,1.18,22,0,0.099,2025-10-07 22:30:25
CASE_02898,FIR/2026/862,2026-04-30 04:31:25,CARD_FRAUD,Tamil Nadu,Synthetic_District_11,33.825584,82.329116,33959.24,1,0.6,4,3,0.757,2026-05-13 04:31:25
CASE_02899,FIR/2025/579,2025-12-30 08:52:25,UPI_FRAUD,West Bengal,Synthetic_District_27,29.368791,95.639464,40179.92,1,0.98,8,1,0.096,2026-01-06 08:52:25
CASE_02900,FIR/2026/542,2026-03-03 05:40:25,CARD_FRAUD,Gujarat,Synthetic_District_15,30.611696,72.948331,151048.47,2,3.11,5,1,0.299,2026-03-19 05:40:25
CASE_02901,FIR/2026/389,2026-09-02 02:58:25,IMPERSONATION,Karnataka,Synthetic_District_24,30.966285,70.250507,171568.88,17,1.48,2,2,0.074,2026-09-24 02:58:25
CASE_02902,FIR/2025/102,2025-09-14 17:13:25,CARD_FRAUD,West Bengal,Synthetic_District_17,22.552217,72.750683,159277.74,10,2.12,17,6,0.489,2025-09-16 17:13:25
CASE_02903,FIR/2025/724,2025-05-26 08:17:25,CARD_FRAUD,Gujarat,Synthetic_District_4,29.28126,84.214843,87796.62,8,4.98,8,0,0.65,2025-06-08 08:17:25
CASE_02904,FIR/2025/622,2025-07-06 14:03:25,OTHER,Tamil Nadu,Synthetic_District_21,17.502519,93.978143,9027.17,3,2.54,14,6,0.163,2025-07-12 14:03:25
CASE_02905,FIR/2026/842,2026-01-08 13:23:25,NET_BANKING_FRAUD,Delhi,Synthetic_District_36,13.434549,68.748163,49232.55,18,4.55,13,3,0.13,2026-01-20 13:23:25
CASE_02906,FIR/2025/297,2025-01-17 19:33:25,PHISHING,Kerala,Synthetic_District_2,20.388152,73.667961,13578.98,13,2.72,19,4,0.073,2025-02-06 19:33:25
CASE_02907,FIR/2026/142,2026-06-01 18:08:25,UPI_FRAUD,Andhra Pradesh,Synthetic_District_21,9.862263,87.557834,9020.63,9,4.29,18,0,0.475,2026-06-04 18:08:25
CASE_02908,FIR/2024/653,2024-12-29 06:48:25,IMPERSONATION,Telangana,Synthetic_District_29,24.43547,94.458416,79182.52,18,2.09,6,6,0.195,2025-01-20 06:48:25
CASE_02909,FIR/2024/949,2024-12-29 22:42:25,OTHER,Karnataka,Synthetic_District_29,29.410007,85.520784,158840.28,10,3.21,22,6,0.543,2025-01-01 22:42:25
CASE_02910,FIR/2025/163,2025-06-09 10:27:25,INVESTMENT_SCAM,Maharashtra,Synthetic_District_7,36.907037,95.516095,164446.82,9,4.12,10,0,0.335,2025-06-23 10:27:25
CASE_02911,FIR/2026/172,2026-02-23 15:10:25,NET_BANKING_FRAUD,Uttar Pradesh,Synthetic_District_22,11.748143,84.370336,88356.65,1,0.57,15,0,0.039,2026-02-28 15:10:25
CASE_02912,FIR/2025/594,2025-01-04 07:12:25,CARD_FRAUD,Gujarat,Synthetic_District_49,31.157486,71.739153,66890.13,5,3.36,7,5,0.555,2025-01-13 07:12:25
CASE_02913,FIR/2026/994,2026-09-20 03:59:25,CARD_FRAUD,Delhi,Synthetic_District_29,21.353016,71.943562,90971.12,7,3.67,3,6,0.059,2026-10-20 03:59:25
CASE_02914,FIR/2025/644,2025-09-26 13:22:25,IMPERSONATION,Kerala,Synthetic_District_34,24.356825,81.754739,138254.37,8,1.87,13,4,0.502,2025-10-02 13:22:25
CASE_02915,FIR/2026/294,2026-01-11 22:24:25,INVESTMENT_SCAM,Tamil Nadu,Synthetic_District_41,29.017849,88.317033,882587.14,1,0.9,22,6,0.901,2026-01-12 22:24:25
CASE_02916,FIR/2026/533,2026-06-19 00:21:25,INVESTMENT_SCAM,Tamil Nadu,Synthetic_District_46,25.586374,83.326748,430839.7,13,1.5,0,4,0.286,2026-06-24 00:21:25
CASE_02917,FIR/2026/426,2026-08-24 07:00:25,INVESTMENT_SCAM,Andhra Pradesh,Synthetic_District_44,18.057298,88.593269,579374.92,20,0.48,7,0,0.733,2026-09-07 07:00:25
CASE_02918,FIR/2026/259,2026-08-08 07:10:25,PHISHING,Gujarat,Synthetic_District_16,17.671219,96.438113,158017.77,8,4.17,7,5,0.857,2026-09-06 07:10:25
CASE_02919,FIR/2024/206,2024-10-03 05:25:25,PHISHING,Andhra Pradesh,Synthetic_District_28,13.638519,75.834921,12247.66,2,0.67,5,3,0.691,2024-10-08 05:25:25
CASE_02920,FIR/2025/805,2025-01-02 04:10:25,IMPERSONATION,Telangana,Synthetic_District_12,36.196475,80.052468,40052.79,13,0.94,4,3,0.869,2025-01-20 04:10:25
CASE_02921,FIR/2025/570,2025-12-02 22:41:25,PHISHING,Karnataka,Synthetic_District_19,16.002202,78.550382,39796.7,4,3.73,22,1,0.884,2025-12-12 22:41:25
CASE_02922,FIR/2025/186,2025-04-26 01:40:25,CARD_FRAUD,Maharashtra,Synthetic_District_7,21.548469,75.688996,186869.05,19,1.4,1,5,0.992,2025-05-07 01:40:25
CASE_02923,FIR/2026/182,2026-02-01 13:03:25,PHISHING,West Bengal,Synthetic_District_35,28.839193,73.209323,153296.54,10,1.95,13,6,0.506,2026-03-02 13:03:25
CASE_02924,FIR/2025/517,2025-10-09 18:55:25,INVESTMENT_SCAM,Kerala,Synthetic_District_49,22.242457,85.703072,155681.3,9,3.34,18,3,0.288,2025-10-28 18:55:25
CASE_02925,FIR/2026/845,2026-06-02 09:13:25,PHISHING,Tamil Nadu,Synthetic_District_21,14.217822,94.315034,51384.03,20,2.69,9,1,0.496,2026-06-27 09:13:25
CASE_02926,FIR/2026/974,2026-07-22 11:36:25,UPI_FRAUD,Karnataka,Synthetic_District_4,21.476814,91.47611,18070.67,9,1.91,11,2,0.944,2026-07-25 11:36:25
CASE_02927,FIR/2026/682,2026-03-25 00:39:25,CARD_FRAUD,Delhi,Synthetic_District_44,34.03286,69.412783,96541.29,15,4.08,0,2,0.558,2026-04-03 00:39:25
CASE_02928,FIR/2025/615,2025-08-28 15:57:25,UPI_FRAUD,Maharashtra,Synthetic_District_9,15.278828,96.411076,1382.98,8,3.74,15,3,0.535,2025-09-19 15:57:25
CASE_02929,FIR/2025/937,2025-10-27 22:04:25,PHISHING,Maharashtra,Synthetic_District_18,26.325226,68.384142,149210.65,14,3.71,22,0,0.59,2025-10-31 22:04:25
CASE_02930,FIR/2024/523,2024-10-27 05:36:25,OTHER,Tamil Nadu,Synthetic_District_48,20.930343,76.975834,119391.66,4,4.42,5,6,0.147,2024-11-24 05:36:25
CASE_02931,FIR/2024/816,2024-12-04 09:43:25,NET_BANKING_FRAUD,Karnataka,Synthetic_District_25,17.806796,80.317478,119946.54,9,2.25,9,2,0.35,2024-12-05 09:43:25
CASE_02932,FIR/2025/242,2025-01-11 20:42:25,PHISHING,Tamil Nadu,Synthetic_District_6,20.044132,68.047784,64365.8,9,3.83,20,5,0.187,2025-01-27 20:42:25
CASE_02933,FIR/2025/525,2025-03-18 10:44:25,OTHER,West Bengal,Synthetic_District_15,26.527279,71.271783,124575.82,6,0.39,10,1,0.391,2025-03-21 10:44:25
CASE_02934,FIR/2025/244,2025-06-27 16:29:25,INVESTMENT_SCAM,Telangana,Synthetic_District_3,32.663542,85.935839,570596.15,13,3.13,16,4,0.814,2025-07-22 16:29:25
CASE_02935,FIR/2026/163,2026-01-06 09:41:25,CARD_FRAUD,Maharashtra,Synthetic_District_19,10.458542,92.306281,33621.41,5,1.36,9,1,0.014,2026-01-22 09:41:25
CASE_02936,FIR/2025/646,2025-05-16 07:55:25,PHISHING,Andhra Pradesh,Synthetic_District_5,28.833684,78.26498,141405.76,12,0.93,7,4,0.705,2025-06-12 07:55:25
CASE_02937,FIR/2025/379,2025-08-25 16:23:25,IMPERSONATION,Gujarat,Synthetic_District_21,27.131245,88.228345,173560.93,7,4.49,16,0,0.898,2025-09-17 16:23:25
CASE_02938,FIR/2026/448,2026-06-15 08:55:25,INVESTMENT_SCAM,Telangana,Synthetic_District_32,21.857953,81.607638,268140.96,20,3.24,8,0,0.849,2026-06-22 08:55:25
CASE_02939,FIR/2025/837,2025-11-03 07:12:25,UPI_FRAUD,Maharashtra,Synthetic_District_3,18.700183,74.334127,23505.42,9,3.68,7,0,0.535,2025-11-14 07:12:25
CASE_02940,FIR/2024/157,2024-10-04 01:37:25,OTHER,Tamil Nadu,Synthetic_District_22,36.219451,80.575869,46747.2,1,4.39,1,4,0.531,2024-10-29 01:37:25
CASE_02941,FIR/2026/492,2026-04-17 13:11:25,INVESTMENT_SCAM,Andhra Pradesh,Synthetic_District_46,8.437272,85.904647,651088.74,7,1.85,13,4,0.677,2026-05-17 13:11:25
CASE_02942,FIR/2025/183,2025-11-05 17:43:25,NET_BANKING_FRAUD,Delhi,Synthetic_District_6,9.651273,82.511853,66004.02,5,2.01,17,2,0.663,2025-11-18 17:43:25
CASE_02943,FIR/2025/997,2025-08-14 13:03:25,UPI_FRAUD,Delhi,Synthetic_District_18,18.01174,76.508441,26367.21,17,1.81,13,3,0.786,2025-09-04 13:03:25
CASE_02944,FIR/2025/261,2025-05-27 03:10:25,CARD_FRAUD,Kerala,Synthetic_District_42,15.08099,90.413592,48840.14,19,1.72,3,1,0.823,2025-06-20 03:10:25
CASE_02945,FIR/2025/430,2025-12-01 14:44:25,CARD_FRAUD,Gujarat,Synthetic_District_15,22.089381,92.931708,154914.78,18,4.08,14,0,0.799,2025-12-13 14:44:25
CASE_02946,FIR/2025/438,2025-03-07 02:49:25,PHISHING,West Bengal,Synthetic_District_19,20.159952,91.000172,34935.96,2,0.5,2,4,0.492,2025-03-18 02:49:25
CASE_02947,FIR/2025/749,2025-03-21 22:39:25,NET_BANKING_FRAUD,Delhi,Synthetic_District_40,15.93878,87.883922,118208.71,14,1.71,22,4,0.162,2025-04-16 22:39:25
CASE_02948,FIR/2026/698,2026-07-01 05:16:25,CARD_FRAUD,Uttar Pradesh,Synthetic_District_40,9.529325,69.746396,136050.07,8,3.36,5,2,0.339,2026-07-03 05:16:25
CASE_02949,FIR/2025/191,2025-12-21 16:48:25,INVESTMENT_SCAM,Telangana,Synthetic_District_37,28.720462,95.299,299116.79,10,0.8,16,6,0.564,2026-01-01 16:48:25
CASE_02950,FIR/2026/448,2026-01-24 02:59:25,OTHER,Maharashtra,Synthetic_District_46,36.802524,87.595733,139251.09,20,4.37,2,5,0.375,2026-02-01 02:59:25
CASE_02951,FIR/2025/419,2025-09-05 22:24:25,CARD_FRAUD,Delhi,Synthetic_District_47,20.597199,72.85979,84028.89,9,0.39,22,4,0.354,2025-09-06 22:24:25
CASE_02952,FIR/2025/178,2025-11-10 23:58:25,CARD_FRAUD,Maharashtra,Synthetic_District_34,25.365731,83.241734,177143.65,7,2.3,23,0,0.521,2025-12-01 23:58:25
CASE_02953,FIR/2025/323,2025-10-26 04:23:25,OTHER,West Bengal,Synthetic_District_3,16.318807,88.645053,38530.17,20,0.42,4,6,0.085,2025-11-24 04:23:25
CASE_02954,FIR/2025/855,2025-10-27 18:00:25,PHISHING,Tamil Nadu,Synthetic_District_4,22.633498,78.837435,197097.73,10,0.53,18,0,0.65,2025-11-04 18:00:25
CASE_02955,FIR/2025/780,2025-12-03 13:36:25,OTHER,Delhi,Synthetic_District_44,8.4609,85.541856,86547.17,7,0.53,13,2,0.471,2025-12-21 13:36:25
CASE_02956,FIR/2026/168,2026-04-05 18:31:25,PHISHING,Karnataka,Synthetic_District_38,14.968566,80.049621,137146.54,14,2.54,18,6,0.458,2026-04-20 18:31:25
CASE_02957,FIR/2026/567,2026-01-08 00:39:25,NET_BANKING_FRAUD,Andhra Pradesh,Synthetic_District_20,18.355334,76.665061,69071.55,20,4.44,0,3,0.208,2026-02-06 00:39:25
CASE_02958,FIR/2026/812,2026-02-27 20:24:25,CARD_FRAUD,Kerala,Synthetic_District_13,18.388618,89.433283,161378.61,4,0.63,20,4,0.051,2026-03-12 20:24:25
CASE_02959,FIR/2026/340,2026-06-30 23:21:25,CARD_FRAUD,Karnataka,Synthetic_District_35,25.929797,89.782121,74921.3,7,3.49,23,1,0.189,2026-07-29 23:21:25
CASE_02960,FIR/2024/171,2024-12-22 23:08:25,IMPERSONATION,Kerala,Synthetic_District_42,23.080624,77.754474,149296.2,1,2.38,23,6,0.143,2024-12-31 23:08:25
CASE_02961,FIR/2024/114,2024-10-17 05:53:25,OTHER,Andhra Pradesh,Synthetic_District_29,16.161784,71.077585,159332.75,4,3.76,5,3,0.297,2024-11-13 05:53:25
CASE_02962,FIR/2026/530,2026-03-03 08:12:25,PHISHING,Kerala,Synthetic_District_36,36.538046,89.308056,22365.12,9,3.34,8,1,0.453,2026-04-01 08:12:25
CASE_02963,FIR/2026/388,2026-05-15 07:00:25,UPI_FRAUD,Karnataka,Synthetic_District_28,24.436781,91.926534,8795.82,6,1.79,7,4,0.667,2026-05-21 07:00:25
CASE_02964,FIR/2025/619,2025-05-22 16:36:25,OTHER,Uttar Pradesh,Synthetic_District_14,21.164569,90.283902,191599.07,6,1.93,16,3,0.181,2025-05-31 16:36:25
CASE_02965,FIR/2026/947,2026-03-27 10:23:25,UPI_FRAUD,Uttar Pradesh,Synthetic_District_20,32.074389,78.388858,29627.87,3,1.98,10,4,0.725,2026-04-16 10:23:25
CASE_02966,FIR/2026/382,2026-05-18 19:32:25,IMPERSONATION,Telangana,Synthetic_District_26,27.047529,76.502971,140377.8,10,2.22,19,0,0.767,2026-05-23 19:32:25
CASE_02967,FIR/2025/479,2025-05-31 10:45:25,UPI_FRAUD,Delhi,Synthetic_District_20,33.317649,96.370504,12965.59,17,1.94,10,5,0.538,2025-06-11 10:45:25
CASE_02968,FIR/2025/614,2025-06-18 08:41:25,UPI_FRAUD,Uttar Pradesh,Synthetic_District_31,30.100681,85.374373,39394.4,12,3.85,8,2,0.125,2025-07-10 08:41:25
CASE_02969,FIR/2025/730,2025-08-04 05:13:25,UPI_FRAUD,Tamil Nadu,Synthetic_District_28,22.212684,90.004342,37455.65,11,4.53,5,0,0.743,2025-09-03 05:13:25
CASE_02970,FIR/2026/417,2026-02-27 14:46:25,UPI_FRAUD,Maharashtra,Synthetic_District_30,22.023176,88.621476,39893.1,16,1.28,14,4,0.701,2026-03-13 14:46:25
CASE_02971,FIR/2024/326,2024-11-12 14:00:25,UPI_FRAUD,Kerala,Synthetic_District_1,29.649288,85.034758,20738.91,5,4.03,14,1,0.746,2024-11-25 14:00:25
CASE_02972,FIR/2025/599,2025-07-01 04:15:25,CARD_FRAUD,Telangana,Synthetic_District_19,26.780314,88.809174,168763.31,7,4.36,4,1,0.76,2025-07-26 04:15:25
CASE_02973,FIR/2025/192,2025-11-13 08:28:25,INVESTMENT_SCAM,Telangana,Synthetic_District_44,9.514652,94.31082,371527.78,13,2.65,8,3,0.508,2025-11-25 08:28:25
CASE_02974,FIR/2025/473,2025-10-02 16:14:25,UPI_FRAUD,Andhra Pradesh,Synthetic_District_44,20.075603,92.928521,34659.18,14,2.84,16,3,0.582,2025-10-12 16:14:25
CASE_02975,FIR/2024/344,2024-11-13 11:00:25,NET_BANKING_FRAUD,Andhra Pradesh,Synthetic_District_17,19.812633,68.410379,186910.2,19,4.42,11,2,0.314,2024-12-06 11:00:25
CASE_02976,FIR/2025/701,2025-11-26 20:40:25,UPI_FRAUD,Telangana,Synthetic_District_27,36.540512,73.433601,11032.27,9,4.54,20,2,0.931,2025-12-13 20:40:25
CASE_02977,FIR/2025/707,2025-03-01 04:10:25,INVESTMENT_SCAM,Delhi,Synthetic_District_6,35.515064,86.595934,433886.32,14,4.53,4,5,0.451,2025-03-25 04:10:25
CASE_02978,FIR/2025/497,2025-08-15 10:38:25,OTHER,Uttar Pradesh,Synthetic_District_32,24.049934,83.242239,140244.05,19,3.79,10,4,0.507,2025-09-04 10:38:25
CASE_02979,FIR/2025/329,2025-11-22 15:57:25,UPI_FRAUD,Karnataka,Synthetic_District_23,12.699054,86.18226,28625.51,9,3.57,15,5,0.389,2025-12-21 15:57:25
CASE_02980,FIR/2025/849,2025-04-04 22:33:25,CARD_FRAUD,Maharashtra,Synthetic_District_28,15.26275,74.816759,162927.02,4,0.76,22,4,0.282,2025-04-23 22:33:25
CASE_02981,FIR/2024/210,2024-10-09 20:16:25,NET_BANKING_FRAUD,Uttar Pradesh,Synthetic_District_6,24.549374,82.569876,41556.1,14,1.29,20,2,0.996,2024-10-30 20:16:25
CASE_02982,FIR/2024/931,2024-10-17 09:08:25,IMPERSONATION,Andhra Pradesh,Synthetic_District_1,20.181775,72.347272,69833.8,7,0.16,9,3,0.189,2024-10-31 09:08:25
CASE_02983,FIR/2026/565,2026-01-23 23:26:25,IMPERSONATION,Telangana,Synthetic_District_26,25.98991,76.390607,71204.32,20,2.65,23,4,0.8,2026-01-24 23:26:25
CASE_02984,FIR/2025/975,2025-07-31 17:38:25,IMPERSONATION,Delhi,Synthetic_District_31,13.893943,74.322046,8031.61,5,1.61,17,3,0.524,2025-08-23 17:38:25
CASE_02985,FIR/2025/311,2025-12-29 02:40:25,IMPERSONATION,Telangana,Synthetic_District_9,27.82181,74.64878,197404.71,11,4.21,2,0,0.081,2026-01-16 02:40:25
CASE_02986,FIR/2026/348,2026-03-11 15:33:25,PHISHING,West Bengal,Synthetic_District_1,27.915238,80.448757,3560.47,19,1.71,15,2,0.666,2026-03-25 15:33:25
CASE_02987,FIR/2025/765,2025-02-19 13:49:25,INVESTMENT_SCAM,Maharashtra,Synthetic_District_46,10.986267,87.019977,368098.78,6,2.56,13,2,0.079,2025-03-07 13:49:25
CASE_02988,FIR/2026/534,2026-06-08 17:36:25,PHISHING,Andhra Pradesh,Synthetic_District_26,14.62752,86.877018,127872.03,20,1.59,17,0,0.175,2026-06-11 17:36:25
CASE_02989,FIR/2026/434,2026-07-26 23:55:25,NET_BANKING_FRAUD,Uttar Pradesh,Synthetic_District_33,16.116551,68.294957,190379.75,7,4.89,23,6,0.491,2026-07-28 23:55:25
CASE_02990,FIR/2025/131,2025-03-26 14:27:25,INVESTMENT_SCAM,Tamil Nadu,Synthetic_District_32,18.475583,78.006048,314175.37,7,3.36,14,2,0.108,2025-04-02 14:27:25
CASE_02991,FIR/2025/965,2025-03-08 15:01:25,IMPERSONATION,Gujarat,Synthetic_District_45,17.570648,81.09721,69247.03,4,2.95,15,5,0.342,2025-04-04 15:01:25
CASE_02992,FIR/2025/668,2025-06-11 18:08:25,NET_BANKING_FRAUD,Karnataka,Synthetic_District_30,30.900905,71.648248,100763.72,13,1.72,18,2,0.284,2025-07-09 18:08:25
CASE_02993,FIR/2026/612,2026-06-29 02:35:25,INVESTMENT_SCAM,Telangana,Synthetic_District_11,31.180349,85.382404,623450.84,17,1.27,2,0,0.503,2026-07-05 02:35:25
CASE_02994,FIR/2024/701,2024-10-04 14:49:25,CARD_FRAUD,Gujarat,Synthetic_District_29,22.4029,75.779156,25039.98,3,1.31,14,4,0.726,2024-10-18 14:49:25
CASE_02995,FIR/2025/620,2025-09-25 07:11:25,OTHER,Delhi,Synthetic_District_9,28.391011,91.343737,69929.41,13,0.63,7,3,0.567,2025-10-06 07:11:25
CASE_02996,FIR/2026/124,2026-08-03 01:30:25,INVESTMENT_SCAM,Delhi,Synthetic_District_37,16.842716,92.819702,683089.39,19,3.92,1,0,0.19,2026-08-31 01:30:25
CASE_02997,FIR/2025/953,2025-06-19 16:39:25,CARD_FRAUD,Andhra Pradesh,Synthetic_District_26,10.227902,93.560908,92145.66,18,2.73,16,3,0.437,2025-07-10 16:39:25
CASE_02998,FIR/2025/134,2025-09-12 17:34:25,IMPERSONATION,Uttar Pradesh,Synthetic_District_6,28.225747,85.235799,191366.54,13,3.75,17,4,0.516,2025-09-17 17:34:25
CASE_02999,FIR/2025/903,2025-05-01 11:29:25,IMPERSONATION,Telangana,Synthetic_District_49,25.143429,73.459812,194621.82,1,4.63,11,3,0.579,2025-05-11 11:29:25
CASE_03000,FIR/2024/492,2024-12-27 21:25:25,NET_BANKING_FRAUD,Maharashtra,Synthetic_District_36,30.475035,87.469288,7107.5,14,0.27,21,4,0.531,2025-01-14 21:25:25
CASE_03001,FIR/2024/129,2024-11-11 06:53:25,UPI_FRAUD,Tamil Nadu,Synthetic_District_41,28.64673,83.966837,33480.17,18,0.59,6,0,0.067,2024-11-12 06:53:25
CASE_03002,FIR/2026/538,2026-05-14 12:12:25,NET_BANKING_FRAUD,Tamil Nadu,Synthetic_District_29,12.752862,68.50611,170633.01,15,1.2,12,3,0.774,2026-05-31 12:12:25
CASE_03003,FIR/2025/571,2025-05-17 05:08:25,NET_BANKING_FRAUD,Maharashtra,Synthetic_District_38,26.23887,68.072801,97119.61,13,3.33,5,5,0.326,2025-06-12 05:08:25
CASE_03004,FIR/2025/134,2025-07-19 23:22:25,NET_BANKING_FRAUD,Telangana,Synthetic_District_17,19.341711,81.06715,98334.59,20,1.3,23,5,0.392,2025-08-12 23:22:25
CASE_03005,FIR/2026/377,2026-06-02 17:22:25,IMPERSONATION,Andhra Pradesh,Synthetic_District_36,26.960271,82.359473,198918.85,8,3.62,17,1,0.05,2026-06-14 17:22:25
CASE_03006,FIR/2026/970,2026-03-13 09:12:25,INVESTMENT_SCAM,Delhi,Synthetic_District_22,14.158011,70.741068,168286.35,19,4.02,9,4,0.422,2026-04-11 09:12:25
CASE_03007,FIR/2025/896,2025-12-02 21:05:25,CARD_FRAUD,West Bengal,Synthetic_District_4,27.9062,84.342968,196903.31,17,0.35,21,1,0.014,2025-12-05 21:05:25
CASE_03008,FIR/2025/906,2025-07-27 04:52:25,OTHER,Gujarat,Synthetic_District_50,29.266152,69.185674,63781.27,3,4.59,4,6,0.672,2025-08-25 04:52:25
CASE_03009,FIR/2024/427,2024-11-04 06:58:25,INVESTMENT_SCAM,Kerala,Synthetic_District_26,20.78981,89.990013,531144.52,8,3.19,6,0,0.728,2024-11-14 06:58:25
CASE_03010,FIR/2025/687,2025-06-06 05:33:25,INVESTMENT_SCAM,Karnataka,Synthetic_District_36,25.527093,71.034401,270378.26,4,2.91,5,4,0.318,2025-06-25 05:33:25
CASE_03011,FIR/2025/211,2025-10-22 07:49:25,INVESTMENT_SCAM,Tamil Nadu,Synthetic_District_1,18.154431,71.649727,258083.36,18,3.22,7,2,0.655,2025-11-14 07:49:25
CASE_03012,FIR/2025/696,2025-03-28 04:25:25,UPI_FRAUD,Karnataka,Synthetic_District_13,29.915187,85.433748,5267.87,1,2.93,4,4,0.166,2025-04-16 04:25:25
CASE_03013,FIR/2025/559,2025-07-15 19:37:25,PHISHING,Uttar Pradesh,Synthetic_District_40,29.41159,85.09919,63389.2,8,3.83,19,1,0.14,2025-08-02 19:37:25
CASE_03014,FIR/2026/579,2026-04-08 15:13:25,IMPERSONATION,Andhra Pradesh,Synthetic_District_28,9.051939,86.349937,84328.8,6,4.22,15,2,0.524,2026-04-19 15:13:25
CASE_03015,FIR/2024/763,2024-12-10 23:34:25,OTHER,Tamil Nadu,Synthetic_District_37,25.744928,96.239448,62638.73,18,1.17,23,1,0.461,2024-12-20 23:34:25
CASE_03016,FIR/2026/202,2026-08-16 15:26:25,PHISHING,West Bengal,Synthetic_District_13,19.816544,72.671319,5248.09,19,3.36,15,6,0.634,2026-09-13 15:26:25
CASE_03017,FIR/2026/870,2026-08-31 07:30:25,UPI_FRAUD,Andhra Pradesh,Synthetic_District_16,22.784183,93.446268,9099.99,16,0.7,7,0,0.933,2026-09-18 07:30:25
CASE_03018,FIR/2024/944,2024-12-20 10:05:25,UPI_FRAUD,Maharashtra,Synthetic_District_5,31.568532,82.771289,11200.85,2,1.77,10,4,0.829,2025-01-02 10:05:25
CASE_03019,FIR/2026/821,2026-01-06 07:49:25,INVESTMENT_SCAM,West Bengal,Synthetic_District_36,25.596479,90.13394,179765.45,8,0.39,7,1,0.156,2026-01-21 07:49:25
CASE_03020,FIR/2025/739,2025-08-23 07:02:25,UPI_FRAUD,Delhi,Synthetic_District_16,27.707691,68.375239,17940.33,14,0.16,7,5,0.438,2025-09-09 07:02:25
CASE_03021,FIR/2026/372,2026-02-04 20:23:25,OTHER,Uttar Pradesh,Synthetic_District_31,27.209317,73.074054,129038.17,11,1.77,20,2,0.88,2026-02-07 20:23:25
CASE_03022,FIR/2025/588,2025-04-11 05:03:25,INVESTMENT_SCAM,Kerala,Synthetic_District_45,18.541162,88.137137,849451.24,10,1.65,5,4,0.453,2025-05-06 05:03:25
CASE_03023,FIR/2025/926,2025-03-30 04:13:25,IMPERSONATION,Kerala,Synthetic_District_44,31.515381,91.884374,60789.23,18,0.82,4,6,0.856,2025-04-04 04:13:25
CASE_03024,FIR/2025/149,2025-12-03 13:38:25,INVESTMENT_SCAM,Maharashtra,Synthetic_District_34,18.593709,71.022625,594772.72,4,4.11,13,2,0.315,2025-12-17 13:38:25
CASE_03025,FIR/2026/452,2026-01-30 00:35:25,PHISHING,Maharashtra,Synthetic_District_21,21.338464,76.318626,109145.78,14,2.52,0,4,0.037,2026-02-11 00:35:25
CASE_03026,FIR/2024/644,2024-11-30 14:11:25,OTHER,Karnataka,Synthetic_District_39,23.793288,82.616141,173266.16,7,4.96,14,5,0.859,2024-12-08 14:11:25
CASE_03027,FIR/2025/877,2025-06-22 06:05:25,IMPERSONATION,Gujarat,Synthetic_District_21,22.765218,80.421456,13045.95,8,4.62,6,6,0.299,2025-07-16 06:05:25
CASE_03028,FIR/2025/311,2025-09-17 04:57:25,IMPERSONATION,West Bengal,Synthetic_District_37,12.371166,76.718946,48967.93,12,0.78,4,2,0.769,2025-10-02 04:57:25
CASE_03029,FIR/2024/994,2024-11-23 02:49:25,CARD_FRAUD,Telangana,Synthetic_District_47,21.644757,83.383515,172851.51,5,2.07,2,5,0.535,2024-11-24 02:49:25
CASE_03030,FIR/2026/793,2026-07-16 23:36:25,PHISHING,Delhi,Synthetic_District_30,10.571523,71.192949,192341.34,17,3.76,23,3,0.39,2026-07-22 23:36:25
CASE_03031,FIR/2026/573,2026-09-04 09:43:25,IMPERSONATION,Kerala,Synthetic_District_31,20.121033,91.35755,76188.89,7,3.2,9,4,0.025,2026-09-26 09:43:25
CASE_03032,FIR/2026/875,2026-04-22 04:26:25,CARD_FRAUD,Gujarat,Synthetic_District_49,33.237567,73.377204,94447.18,17,0.57,4,2,0.991,2026-04-29 04:26:25
CASE_03033,FIR/2025/387,2025-02-02 11:54:25,PHISHING,Maharashtra,Synthetic_District_50,31.031382,95.927346,145056.9,8,0.78,11,6,0.754,2025-02-03 11:54:25
CASE_03034,FIR/2025/356,2025-11-04 22:07:25,PHISHING,Maharashtra,Synthetic_District_33,18.455393,77.910054,137355.42,9,0.42,22,1,0.539,2025-11-10 22:07:25
CASE_03035,FIR/2025/344,2025-08-21 10:42:25,INVESTMENT_SCAM,Maharashtra,Synthetic_District_17,30.208855,69.483813,893426.14,8,1.8,10,3,0.225,2025-08-28 10:42:25
CASE_03036,FIR/2025/434,2025-03-11 08:54:25,NET_BANKING_FRAUD,Kerala,Synthetic_District_40,8.263076,96.531764,95493.85,19,4.09,8,1,0.547,2025-03-24 08:54:25
CASE_03037,FIR/2025/615,2025-10-03 06:51:25,NET_BANKING_FRAUD,Uttar Pradesh,Synthetic_District_46,20.663902,72.03917,165835.35,7,0.82,6,4,0.739,2025-10-15 06:51:25
CASE_03038,FIR/2024/517,2024-11-30 09:11:25,PHISHING,West Bengal,Synthetic_District_21,19.192105,95.852053,170236.37,7,1.56,9,5,0.387,2024-12-22 09:11:25
CASE_03039,FIR/2026/279,2026-08-27 09:37:25,OTHER,Tamil Nadu,Synthetic_District_2,24.721974,92.680111,188688.01,18,2.25,9,3,0.521,2026-09-22 09:37:25
CASE_03040,FIR/2026/996,2026-07-28 13:03:25,NET_BANKING_FRAUD,Tamil Nadu,Synthetic_District_26,14.070778,79.502145,93899.32,8,0.18,13,1,0.554,2026-08-10 13:03:25
CASE_03041,FIR/2024/255,2024-11-10 20:15:25,PHISHING,West Bengal,Synthetic_District_50,8.414163,95.395781,149099.74,13,1.63,20,6,0.049,2024-12-07 20:15:25
CASE_03042,FIR/2025/746,2025-07-17 14:16:25,CARD_FRAUD,Maharashtra,Synthetic_District_28,31.403418,74.946726,114621.67,8,4.31,14,3,0.68,2025-07-25 14:16:25
CASE_03043,FIR/2025/521,2025-01-04 18:30:25,IMPERSONATION,Tamil Nadu,Synthetic_District_50,18.885018,73.188787,20486.34,5,2.67,18,5,0.363,2025-01-15 18:30:25
CASE_03044,FIR/2025/750,2025-08-08 19:03:25,OTHER,Telangana,Synthetic_District_30,25.844321,94.866534,1529.45,13,0.85,19,4,0.895,2025-08-20 19:03:25
CASE_03045,FIR/2024/639,2024-12-15 20:25:25,UPI_FRAUD,Andhra Pradesh,Synthetic_District_6,9.055168,89.202316,25621.36,14,3.76,20,6,0.74,2025-01-10 20:25:25
CASE_03046,FIR/2024/403,2024-11-29 22:40:25,NET_BANKING_FRAUD,Andhra Pradesh,Synthetic_District_38,8.510037,71.013212,178311.03,9,3.1,22,4,0.336,2024-12-16 22:40:25
CASE_03047,FIR/2026/940,2026-07-11 11:51:25,OTHER,Delhi,Synthetic_District_20,16.046232,95.967711,144092.08,14,2.01,11,5,0.492,2026-07-29 11:51:25
CASE_03048,FIR/2025/968,2025-07-21 03:15:25,OTHER,Delhi,Synthetic_District_5,20.486631,69.623371,186050.78,6,4.56,3,0,0.274,2025-08-19 03:15:25
CASE_03049,FIR/2025/860,2025-05-04 09:21:25,PHISHING,Kerala,Synthetic_District_1,21.366536,91.207334,69962.48,1,3.47,9,6,0.756,2025-05-24 09:21:25
CASE_03050,FIR/2026/774,2026-03-12 03:46:25,PHISHING,Karnataka,Synthetic_District_23,26.522125,89.721843,49532.69,14,2.23,3,3,0.094,2026-03-30 03:46:25
CASE_03051,FIR/2025/894,2025-09-12 00:44:25,PHISHING,Maharashtra,Synthetic_District_32,30.154821,75.387009,131754.57,19,3.83,0,4,0.357,2025-10-06 00:44:25
CASE_03052,FIR/2024/811,2024-12-05 22:21:25,OTHER,Delhi,Synthetic_District_19,29.858547,84.790704,173406.88,6,0.13,22,3,0.783,2024-12-22 22:21:25
CASE_03053,FIR/2026/285,2026-08-18 09:49:25,CARD_FRAUD,Karnataka,Synthetic_District_33,25.008786,96.982828,157441.54,12,0.78,9,1,0.845,2026-09-15 09:49:25
CASE_03054,FIR/2025/261,2025-11-05 09:45:25,UPI_FRAUD,Andhra Pradesh,Synthetic_District_39,20.473226,77.690768,48612.25,2,4.27,9,2,0.759,2025-11-21 09:45:25
CASE_03055,FIR/2025/714,2025-05-21 14:53:25,CARD_FRAUD,Maharashtra,Synthetic_District_15,33.734632,76.565045,150217.3,2,1.31,14,2,0.964,2025-06-15 14:53:25
CASE_03056,FIR/2025/598,2025-03-21 03:47:25,IMPERSONATION,Kerala,Synthetic_District_39,19.525563,72.40683,151377.58,8,2.85,3,4,0.506,2025-03-31 03:47:25
CASE_03057,FIR/2025/593,2025-07-28 18:33:25,IMPERSONATION,Andhra Pradesh,Synthetic_District_23,15.44983,85.287601,168117.69,19,1.4,18,0,0.843,2025-08-15 18:33:25
CASE_03058,FIR/2025/126,2025-09-29 16:18:25,UPI_FRAUD,West Bengal,Synthetic_District_27,26.576405,91.8128,9634.76,10,2.83,16,0,0.655,2025-10-26 16:18:25
CASE_03059,FIR/2025/931,2025-02-08 11:26:25,UPI_FRAUD,Karnataka,Synthetic_District_22,36.263322,89.864517,25815.58,9,4.69,11,5,0.511,2025-02-24 11:26:25
CASE_03060,FIR/2026/422,2026-08-06 20:06:25,INVESTMENT_SCAM,Maharashtra,Synthetic_District_36,11.632462,74.130706,76345.19,16,0.93,20,3,0.059,2026-08-08 20:06:25
CASE_03061,FIR/2026/807,2026-02-06 01:03:25,CARD_FRAUD,Tamil Nadu,Synthetic_District_37,11.109425,70.07995,94633.54,4,2.47,1,4,0.251,2026-03-01 01:03:25
CASE_03062,FIR/2024/503,2024-10-09 16:57:25,IMPERSONATION,West Bengal,Synthetic_District_44,33.80027,87.94637,51983.82,17,2.04,16,2,0.674,2024-10-25 16:57:25
CASE_03063,FIR/2025/487,2025-05-01 08:03:25,OTHER,Andhra Pradesh,Synthetic_District_25,35.423234,80.832017,56349.17,8,2.03,8,3,0.73,2025-05-26 08:03:25
CASE_03064,FIR/2025/671,2025-07-26 08:01:25,UPI_FRAUD,Maharashtra,Synthetic_District_35,8.045591,80.654336,7484.19,20,1.13,8,5,0.639,2025-08-07 08:01:25
CASE_03065,FIR/2025/104,2025-02-12 10:28:25,INVESTMENT_SCAM,Kerala,Synthetic_District_14,24.845059,90.437732,643892.39,4,2.07,10,2,0.137,2025-03-04 10:28:25
CASE_03066,FIR/2026/806,2026-09-25 03:15:25,NET_BANKING_FRAUD,Andhra Pradesh,Synthetic_District_27,24.258522,95.4673,75320.04,2,1.16,3,4,0.741,2026-10-09 03:15:25
CASE_03067,FIR/2025/422,2025-04-19 05:15:25,INVESTMENT_SCAM,Delhi,Synthetic_District_17,32.192595,84.05079,116022.65,8,1.76,5,5,0.487,2025-05-18 05:15:25
CASE_03068,FIR/2025/627,2025-06-30 22:24:25,OTHER,Tamil Nadu,Synthetic_District_49,25.785017,68.331298,175958.29,20,3.84,22,0,0.358,2025-07-20 22:24:25
CASE_03069,FIR/2025/506,2025-10-09 21:32:25,IMPERSONATION,Karnataka,Synthetic_District_34,26.950439,96.468853,176611.94,7,0.99,21,3,0.806,2025-11-05 21:32:25
CASE_03070,FIR/2026/195,2026-01-22 00:03:25,IMPERSONATION,Maharashtra,Synthetic_District_17,25.962637,85.469907,173150.18,10,2.33,0,3,0.329,2026-02-15 00:03:25
CASE_03071,FIR/2026/976,2026-02-12 23:28:25,OTHER,Gujarat,Synthetic_District_3,15.988324,85.065446,131186.49,20,0.3,23,3,0.983,2026-02-27 23:28:25
CASE_03072,FIR/2026/910,2026-03-29 19:23:25,CARD_FRAUD,Andhra Pradesh,Synthetic_District_22,24.67396,95.42843,73554.2,8,3.09,19,6,0.094,2026-04-28 19:23:25
CASE_03073,FIR/2024/121,2024-11-01 13:57:25,OTHER,Telangana,Synthetic_District_31,13.962225,94.013493,137746.32,18,4.53,13,4,0.729,2024-11-05 13:57:25
CASE_03074,FIR/2024/929,2024-11-21 09:40:25,IMPERSONATION,Maharashtra,Synthetic_District_46,27.558422,96.024905,5015.53,11,2.2,9,3,0.639,2024-12-20 09:40:25
CASE_03075,FIR/2025/265,2025-05-06 18:15:25,OTHER,Maharashtra,Synthetic_District_44,22.582936,90.996762,142968.52,15,3.34,18,1,0.802,2025-05-28 18:15:25
CASE_03076,FIR/2025/618,2025-12-08 11:22:25,UPI_FRAUD,Gujarat,Synthetic_District_12,14.716378,75.170164,19421.56,3,0.68,11,0,0.264,2026-01-05 11:22:25
CASE_03077,FIR/2025/213,2025-09-04 07:20:25,IMPERSONATION,Delhi,Synthetic_District_25,17.503062,81.834769,84496.28,6,2.79,7,3,0.067,2025-09-09 07:20:25
CASE_03078,FIR/2026/675,2026-05-22 19:55:25,OTHER,Uttar Pradesh,Synthetic_District_42,32.588094,82.757844,98618.26,6,1.37,19,4,0.955,2026-06-10 19:55:25
CASE_03079,FIR/2024/642,2024-12-04 12:41:25,NET_BANKING_FRAUD,Kerala,Synthetic_District_7,28.852239,78.082569,6140.77,18,3.91,12,2,0.876,2024-12-11 12:41:25
CASE_03080,FIR/2026/384,2026-01-19 14:59:25,UPI_FRAUD,Tamil Nadu,Synthetic_District_30,34.076837,73.892853,35337.25,17,1.67,14,0,0.565,2026-02-04 14:59:25
CASE_03081,FIR/2024/737,2024-10-22 08:37:25,UPI_FRAUD,Kerala,Synthetic_District_17,23.875661,94.737014,21816.84,4,1.43,8,1,0.305,2024-10-23 08:37:25
CASE_03082,FIR/2024/555,2024-11-29 16:31:25,CARD_FRAUD,Telangana,Synthetic_District_27,9.308936,74.91481,8205.64,4,0.35,16,4,0.423,2024-12-24 16:31:25
CASE_03083,FIR/2024/698,2024-11-10 07:34:25,INVESTMENT_SCAM,Andhra Pradesh,Synthetic_District_34,29.476944,73.117484,511953.98,18,2.57,7,6,0.898,2024-12-04 07:34:25
CASE_03084,FIR/2025/364,2025-08-07 21:14:25,PHISHING,Uttar Pradesh,Synthetic_District_46,22.077278,91.862164,148785.5,20,0.83,21,3,0.864,2025-08-11 21:14:25
CASE_03085,FIR/2026/520,2026-07-19 12:15:25,IMPERSONATION,Andhra Pradesh,Synthetic_District_41,31.896283,77.329383,39786.33,9,2.28,12,6,0.94,2026-08-05 12:15:25
CASE_03086,FIR/2026/349,2026-01-15 10:29:25,IMPERSONATION,Gujarat,Synthetic_District_5,34.3975,92.34572,193538.29,11,1.02,10,3,0.587,2026-02-07 10:29:25
CASE_03087,FIR/2025/915,2025-02-23 04:26:25,IMPERSONATION,Andhra Pradesh,Synthetic_District_45,31.390946,81.328128,118428.08,18,1.69,4,6,0.715,2025-02-24 04:26:25
CASE_03088,FIR/2026/817,2026-07-11 20:15:25,CARD_FRAUD,Karnataka,Synthetic_District_17,9.776758,94.81701,185748.94,12,1.95,20,5,0.793,2026-07-13 20:15:25
CASE_03089,FIR/2025/506,2025-07-26 19:57:25,UPI_FRAUD,Gujarat,Synthetic_District_30,18.211556,81.928608,20509.54,1,2.25,19,5,0.991,2025-08-24 19:57:25
CASE_03090,FIR/2026/205,2026-01-01 11:30:25,IMPERSONATION,Gujarat,Synthetic_District_28,14.176733,95.767065,138017.78,1,2.11,11,3,0.797,2026-01-11 11:30:25
CASE_03091,FIR/2025/722,2025-03-31 15:14:25,PHISHING,Karnataka,Synthetic_District_45,16.529173,82.839904,114324.5,4,2.49,15,0,0.719,2025-04-15 15:14:25
CASE_03092,FIR/2025/548,2025-11-10 21:44:25,OTHER,Karnataka,Synthetic_District_10,29.409035,77.048313,34422.05,3,2.04,21,0,0.984,2025-11-18 21:44:25
CASE_03093,FIR/2026/531,2026-05-10 19:05:25,INVESTMENT_SCAM,Kerala,Synthetic_District_31,11.65721,80.13771,343531.59,10,1.98,19,6,0.467,2026-06-08 19:05:25
CASE_03094,FIR/2026/546,2026-03-07 22:26:25,UPI_FRAUD,Uttar Pradesh,Synthetic_District_2,19.332647,94.333374,34134.46,11,3.58,22,5,0.703,2026-03-09 22:26:25
CASE_03095,FIR/2026/130,2026-08-09 22:10:25,UPI_FRAUD,Uttar Pradesh,Synthetic_District_31,14.566617,93.088987,11954.15,5,3.99,22,6,0.672,2026-09-05 22:10:25
CASE_03096,FIR/2026/430,2026-09-29 06:09:25,NET_BANKING_FRAUD,Kerala,Synthetic_District_42,8.123384,74.79504,87649.94,6,1.46,6,1,0.627,2026-10-20 06:09:25
CASE_03097,FIR/2025/384,2025-01-24 15:40:25,NET_BANKING_FRAUD,Tamil Nadu,Synthetic_District_22,14.486244,72.833271,195589.52,17,3.75,15,4,0.913,2025-02-08 15:40:25
CASE_03098,FIR/2026/169,2026-04-16 13:45:25,CARD_FRAUD,Tamil Nadu,Synthetic_District_34,8.928644,77.655008,111250.09,8,1.02,13,3,0.224,2026-05-11 13:45:25
CASE_03099,FIR/2025/403,2025-12-28 10:33:25,IMPERSONATION,Telangana,Synthetic_District_22,32.132606,71.86811,112458.11,4,1.64,10,6,0.03,2025-12-29 10:33:25
CASE_03100,FIR/2025/260,2025-09-21 14:08:25,NET_BANKING_FRAUD,Uttar Pradesh,Synthetic_District_24,9.047419,79.555853,2671.36,16,4.46,14,6,0.267,2025-09-24 14:08:25
CASE_03101,FIR/2025/957,2025-02-05 23:06:25,IMPERSONATION,West Bengal,Synthetic_District_38,20.586548,73.026712,117749.13,11,2.85,23,2,0.597,2025-03-05 23:06:25
CASE_03102,FIR/2025/492,2025-11-12 00:05:25,NET_BANKING_FRAUD,Delhi,Synthetic_District_22,27.29985,69.82435,5966.17,3,2.46,0,2,0.761,2025-12-01 00:05:25
CASE_03103,FIR/2025/305,2025-12-31 15:08:25,UPI_FRAUD,Gujarat,Synthetic_District_34,15.263457,77.702689,43313.36,3,4.19,15,2,0.173,2026-01-26 15:08:25
CASE_03104,FIR/2025/988,2025-04-20 01:33:25,OTHER,Telangana,Synthetic_District_34,26.744605,87.4021,50984.45,20,4.97,1,6,0.423,2025-04-26 01:33:25
CASE_03105,FIR/2025/506,2025-01-21 23:02:25,NET_BANKING_FRAUD,Kerala,Synthetic_District_44,18.924503,77.275465,152895.55,14,3.87,23,1,0.248,2025-02-16 23:02:25
CASE_03106,FIR/2025/999,2025-02-20 21:39:25,IMPERSONATION,Gujarat,Synthetic_District_3,29.502399,82.791681,158382.2,1,0.63,21,3,0.528,2025-02-24 21:39:25
CASE_03107,FIR/2025/671,2025-03-20 11:31:25,NET_BANKING_FRAUD,West Bengal,Synthetic_District_18,9.263246,92.362062,15388.04,20,4.41,11,3,0.658,2025-03-28 11:31:25
CASE_03108,FIR/2026/985,2026-01-01 02:20:25,IMPERSONATION,Maharashtra,Synthetic_District_9,33.933005,82.944466,153097.51,16,3.79,2,3,0.601,2026-01-02 02:20:25
CASE_03109,FIR/2024/654,2024-10-14 09:39:25,UPI_FRAUD,Uttar Pradesh,Synthetic_District_39,33.306075,77.561313,16249.16,17,0.3,9,0,0.121,2024-10-15 09:39:25
CASE_03110,FIR/2025/448,2025-04-14 23:03:25,IMPERSONATION,Karnataka,Synthetic_District_36,32.326616,71.256872,168031.32,2,1.76,23,0,0.981,2025-05-07 23:03:25
CASE_03111,FIR/2025/773,2025-05-14 03:26:25,INVESTMENT_SCAM,Andhra Pradesh,Synthetic_District_38,25.11867,86.408147,734625.27,4,3.91,3,2,1.0,2025-05-18 03:26:25
CASE_03112,FIR/2025/122,2025-11-24 15:11:25,INVESTMENT_SCAM,Delhi,Synthetic_District_41,10.177504,94.465113,338287.66,10,4.54,15,0,0.963,2025-12-21 15:11:25
CASE_03113,FIR/2025/822,2025-12-06 00:54:25,INVESTMENT_SCAM,Telangana,Synthetic_District_37,23.186878,73.514233,159014.25,6,0.35,0,5,0.818,2025-12-15 00:54:25
CASE_03114,FIR/2026/369,2026-06-28 09:37:25,INVESTMENT_SCAM,Uttar Pradesh,Synthetic_District_45,29.007036,85.36573,794250.23,6,2.01,9,6,0.862,2026-07-03 09:37:25
CASE_03115,FIR/2024/365,2024-09-29 23:59:25,UPI_FRAUD,Andhra Pradesh,Synthetic_District_24,20.100338,87.918606,36227.29,16,3.61,23,6,0.872,2024-10-24 23:59:25
CASE_03116,FIR/2025/624,2025-12-03 05:07:25,NET_BANKING_FRAUD,Maharashtra,Synthetic_District_14,8.658288,96.419231,170273.54,20,1.79,5,2,0.057,2025-12-11 05:07:25
CASE_03117,FIR/2026/764,2026-02-25 11:28:25,OTHER,Maharashtra,Synthetic_District_26,15.849431,69.144476,79822.49,13,0.81,11,2,0.724,2026-03-27 11:28:25
CASE_03118,FIR/2026/887,2026-04-30 02:57:25,OTHER,Delhi,Synthetic_District_15,8.666041,96.889088,177649.81,9,4.48,2,3,0.979,2026-05-18 02:57:25
CASE_03119,FIR/2026/523,2026-02-12 05:01:25,UPI_FRAUD,Maharashtra,Synthetic_District_14,27.415537,84.486802,45851.02,12,2.5,5,3,0.321,2026-02-25 05:01:25
CASE_03120,FIR/2025/975,2025-01-29 09:32:25,UPI_FRAUD,West Bengal,Synthetic_District_13,24.721653,77.05647,34422.68,2,2.64,9,2,0.369,2025-02-19 09:32:25
CASE_03121,FIR/2025/643,2025-07-11 21:28:25,IMPERSONATION,Telangana,Synthetic_District_37,23.826045,82.788438,95291.4,19,0.94,21,4,0.433,2025-07-24 21:28:25
CASE_03122,FIR/2025/780,2025-10-16 05:24:25,PHISHING,Uttar Pradesh,Synthetic_District_27,31.496825,95.604302,36378.2,14,3.47,5,3,0.139,2025-10-30 05:24:25
CASE_03123,FIR/2026/448,2026-04-03 23:50:25,OTHER,Tamil Nadu,Synthetic_District_17,11.56021,73.969949,35629.42,20,3.55,23,4,0.999,2026-04-14 23:50:25
CASE_03124,FIR/2026/897,2026-07-12 08:38:25,INVESTMENT_SCAM,Karnataka,Synthetic_District_11,34.247469,90.719315,830131.43,5,4.48,8,6,0.018,2026-08-09 08:38:25
CASE_03125,FIR/2026/530,2026-01-08 07:50:25,IMPERSONATION,Delhi,Synthetic_District_37,16.589816,93.158861,194658.81,1,0.75,7,3,0.387,2026-02-02 07:50:25
CASE_03126,FIR/2026/473,2026-05-08 02:02:25,NET_BANKING_FRAUD,Tamil Nadu,Synthetic_District_18,10.76899,93.526259,45418.76,10,3.51,2,4,0.621,2026-05-09 02:02:25
CASE_03127,FIR/2025/946,2025-05-09 22:00:25,IMPERSONATION,West Bengal,Synthetic_District_28,32.301396,89.704026,140344.1,15,4.3,22,4,0.637,2025-06-07 22:00:25
CASE_03128,FIR/2025/363,2025-12-08 06:25:25,NET_BANKING_FRAUD,Gujarat,Synthetic_District_31,26.731089,71.936558,191980.7,2,3.59,6,0,0.098,2025-12-30 06:25:25
CASE_03129,FIR/2024/356,2024-12-01 01:45:25,INVESTMENT_SCAM,Tamil Nadu,Synthetic_District_48,21.579978,84.176464,268938.1,13,0.19,1,6,0.085,2024-12-19 01:45:25
CASE_03130,FIR/2025/871,2025-12-31 08:30:25,NET_BANKING_FRAUD,Telangana,Synthetic_District_42,14.428974,93.127972,157383.77,10,0.8,8,2,0.325,2026-01-19 08:30:25
CASE_03131,FIR/2025/468,2025-05-19 11:53:25,PHISHING,Gujarat,Synthetic_District_31,21.07935,73.262284,53471.86,15,1.34,11,0,0.446,2025-05-30 11:53:25
CASE_03132,FIR/2024/638,2024-11-17 21:51:25,IMPERSONATION,Telangana,Synthetic_District_12,10.703799,95.134857,161100.55,10,2.68,21,6,0.432,2024-11-19 21:51:25
CASE_03133,FIR/2025/696,2025-05-20 15:09:25,PHISHING,Andhra Pradesh,Synthetic_District_46,30.210004,82.186403,106717.72,17,4.38,15,1,0.176,2025-06-15 15:09:25
CASE_03134,FIR/2024/439,2024-10-16 16:35:25,IMPERSONATION,Uttar Pradesh,Synthetic_District_50,24.25293,78.68668,57787.04,17,3.98,16,2,0.311,2024-11-10 16:35:25
CASE_03135,FIR/2026/839,2026-01-28 18:41:25,NET_BANKING_FRAUD,Tamil Nadu,Synthetic_District_44,25.10255,83.260511,115669.43,8,0.74,18,2,0.639,2026-02-02 18:41:25
CASE_03136,FIR/2025/829,2025-08-20 02:11:25,UPI_FRAUD,Gujarat,Synthetic_District_38,35.557397,79.933772,42623.48,15,3.26,2,2,0.525,2025-09-15 02:11:25
CASE_03137,FIR/2024/544,2024-12-08 09:33:25,INVESTMENT_SCAM,Tamil Nadu,Synthetic_District_46,20.013683,94.665733,540941.59,8,4.36,9,6,0.326,2024-12-31 09:33:25
CASE_03138,FIR/2025/821,2025-07-24 13:05:25,OTHER,Maharashtra,Synthetic_District_8,28.657924,77.724163,117569.28,15,0.95,13,3,0.953,2025-08-04 13:05:25
CASE_03139,FIR/2026/318,2026-07-06 17:50:25,INVESTMENT_SCAM,Gujarat,Synthetic_District_32,24.557472,71.991541,316745.34,7,2.58,17,0,0.782,2026-07-19 17:50:25
CASE_03140,FIR/2025/998,2025-09-26 02:34:25,INVESTMENT_SCAM,Gujarat,Synthetic_District_44,21.478226,70.490944,946472.4,16,2.81,2,4,0.632,2025-10-22 02:34:25
CASE_03141,FIR/2025/226,2025-02-14 16:47:25,INVESTMENT_SCAM,Karnataka,Synthetic_District_2,10.825101,75.410154,732193.97,17,4.1,16,4,0.668,2025-03-06 16:47:25
CASE_03142,FIR/2024/600,2024-11-28 04:56:25,CARD_FRAUD,Telangana,Synthetic_District_38,17.865649,75.347385,18075.52,19,3.86,4,3,0.761,2024-12-17 04:56:25
CASE_03143,FIR/2026/903,2026-09-16 05:13:25,UPI_FRAUD,Karnataka,Synthetic_District_43,22.826345,68.045382,31660.08,9,3.19,5,2,0.353,2026-10-09 05:13:25
CASE_03144,FIR/2026/595,2026-02-06 22:02:25,PHISHING,Kerala,Synthetic_District_47,28.075667,95.799532,132132.65,14,1.81,22,4,0.659,2026-02-26 22:02:25
CASE_03145,FIR/2025/453,2025-07-31 08:57:25,OTHER,Maharashtra,Synthetic_District_30,11.604628,81.477709,9929.88,11,0.41,8,3,0.653,2025-08-28 08:57:25
CASE_03146,FIR/2025/542,2025-06-18 23:33:25,PHISHING,Gujarat,Synthetic_District_24,27.589883,87.715521,66181.78,16,2.28,23,2,0.251,2025-07-12 23:33:25
CASE_03147,FIR/2025/644,2025-02-10 05:36:25,OTHER,Gujarat,Synthetic_District_21,9.394557,87.302858,154038.9,1,1.57,5,0,0.647,2025-02-25 05:36:25
CASE_03148,FIR/2026/588,2026-06-04 19:01:25,UPI_FRAUD,Maharashtra,Synthetic_District_41,33.967725,86.204795,23568.59,17,0.25,19,3,0.788,2026-06-07 19:01:25
CASE_03149,FIR/2026/370,2026-08-07 11:23:25,UPI_FRAUD,Andhra Pradesh,Synthetic_District_26,33.734297,96.401072,24120.33,20,3.84,11,4,0.833,2026-08-16 11:23:25
CASE_03150,FIR/2026/867,2026-01-27 21:35:25,OTHER,Maharashtra,Synthetic_District_30,11.471502,95.136249,179686.77,10,3.86,21,1,0.368,2026-02-10 21:35:25
CASE_03151,FIR/2026/852,2026-02-24 14:36:25,PHISHING,Karnataka,Synthetic_District_14,12.455544,89.957884,156744.24,13,4.66,14,1,0.848,2026-03-15 14:36:25
CASE_03152,FIR/2025/556,2025-10-15 14:54:25,CARD_FRAUD,Andhra Pradesh,Synthetic_District_32,13.999529,89.149558,65859.02,16,4.85,14,2,0.759,2025-11-08 14:54:25
CASE_03153,FIR/2024/329,2024-11-25 14:16:25,PHISHING,Uttar Pradesh,Synthetic_District_20,31.539075,92.392985,104995.79,9,4.74,14,0,0.415,2024-12-17 14:16:25
CASE_03154,FIR/2024/724,2024-12-11 22:28:25,NET_BANKING_FRAUD,Uttar Pradesh,Synthetic_District_14,27.031563,87.435202,18545.33,8,0.63,22,2,0.573,2024-12-17 22:28:25
CASE_03155,FIR/2025/328,2025-12-25 03:10:25,IMPERSONATION,Uttar Pradesh,Synthetic_District_49,9.109246,77.232536,60324.52,20,4.2,3,3,0.393,2026-01-07 03:10:25
CASE_03156,FIR/2025/499,2025-05-09 16:48:25,IMPERSONATION,Delhi,Synthetic_District_46,34.841843,90.983724,79379.25,2,1.86,16,4,0.077,2025-05-18 16:48:25
CASE_03157,FIR/2024/929,2024-11-26 07:17:25,NET_BANKING_FRAUD,Karnataka,Synthetic_District_20,32.338999,82.541456,174155.27,3,1.1,7,1,0.654,2024-12-21 07:17:25
CASE_03158,FIR/2025/786,2025-04-18 15:31:25,NET_BANKING_FRAUD,Tamil Nadu,Synthetic_District_39,20.052863,94.99928,149976.32,16,4.62,15,4,0.887,2025-05-13 15:31:25
CASE_03159,FIR/2026/551,2026-06-01 03:22:25,IMPERSONATION,Gujarat,Synthetic_District_31,28.212219,77.704534,109280.94,10,2.63,3,0,0.585,2026-06-26 03:22:25
CASE_03160,FIR/2024/719,2024-11-06 07:50:25,PHISHING,Andhra Pradesh,Synthetic_District_39,30.20178,94.982994,138985.62,11,1.53,7,2,0.549,2024-12-03 07:50:25
CASE_03161,FIR/2026/353,2026-01-31 16:48:25,IMPERSONATION,Tamil Nadu,Synthetic_District_50,28.167013,71.041208,26331.21,5,2.02,16,5,0.572,2026-02-16 16:48:25
CASE_03162,FIR/2025/544,2025-06-25 05:46:25,PHISHING,West Bengal,Synthetic_District_35,16.326697,78.431478,13803.37,16,0.51,5,2,0.135,2025-07-15 05:46:25
CASE_03163,FIR/2024/761,2024-12-08 09:02:25,PHISHING,Telangana,Synthetic_District_5,28.950561,78.242612,140376.55,14,3.79,9,6,0.473,2024-12-30 09:02:25
CASE_03164,FIR/2025/325,2025-10-08 03:20:25,INVESTMENT_SCAM,Telangana,Synthetic_District_24,33.604388,88.033297,198685.45,11,2.83,3,2,0.668,2025-11-05 03:20:25
CASE_03165,FIR/2025/886,2025-12-20 22:45:25,OTHER,Delhi,Synthetic_District_36,30.56929,88.69144,133712.8,20,4.65,22,5,0.797,2026-01-01 22:45:25
CASE_03166,FIR/2025/609,2025-02-24 10:39:25,NET_BANKING_FRAUD,Maharashtra,Synthetic_District_24,29.05979,73.622708,105903.9,20,3.28,10,0,0.3,2025-03-02 10:39:25
CASE_03167,FIR/2025/610,2025-11-24 09:27:25,CARD_FRAUD,Kerala,Synthetic_District_27,16.032435,78.43815,170248.02,2,2.33,9,0,0.151,2025-12-11 09:27:25
CASE_03168,FIR/2025/225,2025-06-07 20:33:25,UPI_FRAUD,West Bengal,Synthetic_District_23,29.053257,69.429128,46172.73,18,0.34,20,5,0.54,2025-06-18 20:33:25
CASE_03169,FIR/2025/459,2025-11-16 16:04:25,OTHER,Karnataka,Synthetic_District_48,27.651826,83.745161,187174.54,1,1.67,16,6,0.011,2025-11-17 16:04:25
CASE_03170,FIR/2026/598,2026-04-28 13:20:25,IMPERSONATION,Uttar Pradesh,Synthetic_District_32,31.307754,75.539849,164915.95,16,2.23,13,1,0.588,2026-05-13 13:20:25
CASE_03171,FIR/2026/949,2026-03-28 16:20:25,NET_BANKING_FRAUD,Andhra Pradesh,Synthetic_District_41,16.574639,90.121022,76008.63,8,4.69,16,5,0.234,2026-04-24 16:20:25
CASE_03172,FIR/2025/334,2025-12-28 07:02:25,IMPERSONATION,Tamil Nadu,Synthetic_District_31,24.737556,92.957959,115241.03,5,3.99,7,6,0.931,2026-01-11 07:02:25
CASE_03173,FIR/2025/453,2025-03-23 08:52:25,INVESTMENT_SCAM,Karnataka,Synthetic_District_12,14.338732,76.414928,928626.34,18,4.44,8,6,0.499,2025-04-02 08:52:25
CASE_03174,FIR/2025/396,2025-08-15 18:05:25,PHISHING,Karnataka,Synthetic_District_21,34.34023,68.113241,23945.48,16,0.74,18,4,0.417,2025-09-04 18:05:25
CASE_03175,FIR/2026/177,2026-02-01 13:21:25,NET_BANKING_FRAUD,Kerala,Synthetic_District_23,35.534784,82.117548,33605.25,8,4.88,13,6,0.41,2026-02-02 13:21:25
CASE_03176,FIR/2026/694,2026-05-08 10:33:25,IMPERSONATION,Maharashtra,Synthetic_District_39,24.142846,80.733428,187224.95,10,2.47,10,4,0.721,2026-05-21 10:33:25
CASE_03177,FIR/2025/641,2025-12-20 03:58:25,INVESTMENT_SCAM,West Bengal,Synthetic_District_23,23.195209,91.380928,469159.32,17,3.76,3,5,0.683,2026-01-01 03:58:25
CASE_03178,FIR/2026/918,2026-08-01 04:13:25,UPI_FRAUD,Uttar Pradesh,Synthetic_District_35,15.341794,75.610886,12312.54,20,4.67,4,5,0.065,2026-08-15 04:13:25
CASE_03179,FIR/2025/356,2025-06-05 11:05:25,PHISHING,Gujarat,Synthetic_District_31,22.017804,74.873093,68450.55,6,0.49,11,3,0.222,2025-06-14 11:05:25
CASE_03180,FIR/2026/934,2026-03-11 07:13:25,CARD_FRAUD,Maharashtra,Synthetic_District_40,10.36012,83.900253,77314.14,19,4.18,7,2,0.469,2026-03-23 07:13:25
CASE_03181,FIR/2026/326,2026-02-16 11:40:25,IMPERSONATION,Delhi,Synthetic_District_47,13.434574,85.244815,108035.43,1,4.6,11,0,0.324,2026-02-17 11:40:25
CASE_03182,FIR/2025/335,2025-08-23 02:07:25,IMPERSONATION,Andhra Pradesh,Synthetic_District_21,23.965346,76.247092,23548.68,11,3.67,2,5,0.067,2025-08-31 02:07:25
CASE_03183,FIR/2025/228,2025-07-10 02:44:25,PHISHING,Gujarat,Synthetic_District_7,36.439591,73.464871,58799.52,8,1.31,2,3,0.883,2025-07-12 02:44:25
CASE_03184,FIR/2025/910,2025-11-20 03:00:25,PHISHING,Tamil Nadu,Synthetic_District_46,18.684395,95.401785,75000.0,11,4.67,3,3,0.821,2025-12-12 03:00:25
CASE_03185,FIR/2026/260,2026-04-06 17:21:25,NET_BANKING_FRAUD,West Bengal,Synthetic_District_12,29.176846,71.481108,199508.92,13,4.59,17,0,0.525,2026-04-24 17:21:25
CASE_03186,FIR/2026/767,2026-02-12 13:05:25,IMPERSONATION,West Bengal,Synthetic_District_10,30.569758,90.816302,94667.2,7,2.38,13,3,0.939,2026-02-20 13:05:25
CASE_03187,FIR/2024/694,2024-11-17 11:44:25,NET_BANKING_FRAUD,West Bengal,Synthetic_District_47,15.170515,80.682997,91675.63,13,2.12,11,6,0.569,2024-12-09 11:44:25
CASE_03188,FIR/2026/443,2026-05-06 08:17:25,OTHER,Karnataka,Synthetic_District_49,9.602215,86.635003,65854.74,9,4.98,8,2,0.662,2026-05-21 08:17:25
CASE_03189,FIR/2026/724,2026-09-20 21:23:25,NET_BANKING_FRAUD,Karnataka,Synthetic_District_44,10.369008,94.943317,32258.53,20,1.23,21,6,0.182,2026-09-25 21:23:25
CASE_03190,FIR/2025/453,2025-11-18 03:54:25,NET_BANKING_FRAUD,Kerala,Synthetic_District_25,14.890452,77.644424,103841.95,10,3.39,3,1,0.738,2025-12-02 03:54:25
CASE_03191,FIR/2026/308,2026-02-22 19:49:25,NET_BANKING_FRAUD,Uttar Pradesh,Synthetic_District_36,32.364821,95.759998,88973.27,15,0.91,19,6,0.802,2026-03-05 19:49:25
CASE_03192,FIR/2026/967,2026-04-18 19:30:25,INVESTMENT_SCAM,West Bengal,Synthetic_District_30,27.447287,96.484355,797198.07,17,1.59,19,5,0.495,2026-05-11 19:30:25
CASE_03193,FIR/2025/473,2025-08-17 23:29:25,INVESTMENT_SCAM,Tamil Nadu,Synthetic_District_48,19.364585,85.939042,816093.2,16,0.8,23,6,0.522,2025-09-14 23:29:25
CASE_03194,FIR/2026/814,2026-06-26 03:47:25,OTHER,Karnataka,Synthetic_District_23,10.380066,73.506576,91234.31,2,2.1,3,4,0.415,2026-07-02 03:47:25
CASE_03195,FIR/2024/660,2024-12-04 21:19:25,UPI_FRAUD,Tamil Nadu,Synthetic_District_36,21.047168,68.814714,15946.85,6,2.47,21,2,0.944,2025-01-03 21:19:25
CASE_03196,FIR/2025/670,2025-09-06 00:13:25,INVESTMENT_SCAM,Delhi,Synthetic_District_8,16.374777,95.851565,883549.66,19,0.94,0,5,0.084,2025-09-22 00:13:25
CASE_03197,FIR/2025/536,2025-01-13 08:00:25,UPI_FRAUD,Tamil Nadu,Synthetic_District_37,9.024867,95.764376,43552.72,12,2.7,8,0,0.033,2025-01-31 08:00:25
CASE_03198,FIR/2025/981,2025-06-24 14:43:25,INVESTMENT_SCAM,Andhra Pradesh,Synthetic_District_50,35.068849,82.960825,243979.18,4,2.17,14,1,0.162,2025-07-12 14:43:25
CASE_03199,FIR/2025/508,2025-11-08 06:06:25,IMPERSONATION,Gujarat,Synthetic_District_31,18.77041,95.086992,83338.92,19,1.84,6,5,0.785,2025-12-02 06:06:25
CASE_03200,FIR/2025/862,2025-08-30 01:51:25,OTHER,Gujarat,Synthetic_District_31,34.105889,71.794319,1598.07,1,1.54,1,5,0.179,2025-09-22 01:51:25
CASE_03201,FIR/2026/166,2026-03-29 13:24:25,IMPERSONATION,Karnataka,Synthetic_District_41,23.676807,77.284547,100936.49,11,2.69,13,6,0.151,2026-04-09 13:24:25
CASE_03202,FIR/2026/583,2026-02-08 09:03:25,OTHER,Delhi,Synthetic_District_3,23.265452,72.434564,72597.99,4,0.18,9,6,0.286,2026-02-20 09:03:25
CASE_03203,FIR/2024/350,2024-11-29 07:32:25,OTHER,Maharashtra,Synthetic_District_26,18.990278,83.166911,61292.05,4,2.2,7,4,0.681,2024-12-03 07:32:25
CASE_03204,FIR/2024/547,2024-12-27 03:25:25,CARD_FRAUD,Maharashtra,Synthetic_District_15,26.789209,68.482731,126307.6,9,2.26,3,4,0.654,2024-12-29 03:25:25
CASE_03205,FIR/2024/665,2024-11-11 18:40:25,OTHER,Kerala,Synthetic_District_3,35.51993,84.058194,63065.98,5,0.74,18,0,0.478,2024-11-24 18:40:25
CASE_03206,FIR/2026/493,2026-05-07 12:28:25,UPI_FRAUD,Kerala,Synthetic_District_39,30.899356,86.090634,46349.96,11,2.24,12,3,0.348,2026-05-30 12:28:25
CASE_03207,FIR/2026/771,2026-07-27 08:47:25,IMPERSONATION,Andhra Pradesh,Synthetic_District_14,24.310254,79.700048,45827.59,16,0.79,8,0,0.165,2026-08-08 08:47:25
CASE_03208,FIR/2025/139,2025-08-29 09:43:25,IMPERSONATION,West Bengal,Synthetic_District_47,14.407003,78.134869,20358.46,10,4.37,9,4,0.668,2025-09-07 09:43:25
CASE_03209,FIR/2025/745,2025-07-05 13:25:25,OTHER,Andhra Pradesh,Synthetic_District_26,28.368096,87.464612,156902.16,2,3.88,13,5,0.73,2025-07-14 13:25:25
CASE_03210,FIR/2025/379,2025-09-29 23:22:25,IMPERSONATION,West Bengal,Synthetic_District_49,23.768252,89.362645,110205.82,16,3.2,23,0,0.842,2025-10-03 23:22:25
CASE_03211,FIR/2025/856,2025-08-03 17:28:25,INVESTMENT_SCAM,Gujarat,Synthetic_District_4,24.374238,82.556891,407655.69,15,1.13,17,6,0.498,2025-08-04 17:28:25
CASE_03212,FIR/2026/646,2026-05-27 08:52:25,NET_BANKING_FRAUD,West Bengal,Synthetic_District_7,14.46347,68.516729,193957.0,18,1.54,8,2,0.603,2026-06-18 08:52:25
CASE_03213,FIR/2025/490,2025-04-02 09:51:25,CARD_FRAUD,Kerala,Synthetic_District_21,15.572162,79.856761,11875.17,5,1.91,9,2,0.232,2025-04-07 09:51:25
CASE_03214,FIR/2025/512,2025-09-22 00:11:25,UPI_FRAUD,Uttar Pradesh,Synthetic_District_33,21.120421,72.994244,6448.81,6,3.95,0,0,0.944,2025-10-11 00:11:25
CASE_03215,FIR/2025/416,2025-09-28 08:35:25,IMPERSONATION,Gujarat,Synthetic_District_18,18.551939,84.105817,128136.25,19,3.27,8,6,0.617,2025-10-13 08:35:25
CASE_03216,FIR/2025/191,2025-01-30 07:42:25,PHISHING,Telangana,Synthetic_District_50,22.385041,95.052263,130753.77,2,4.48,7,3,0.172,2025-02-26 07:42:25
CASE_03217,FIR/2024/189,2024-12-23 01:38:25,OTHER,Andhra Pradesh,Synthetic_District_22,9.069864,75.682363,51242.3,4,1.91,1,0,0.43,2025-01-02 01:38:25
CASE_03218,FIR/2025/246,2025-09-18 14:27:25,INVESTMENT_SCAM,Uttar Pradesh,Synthetic_District_27,29.417672,76.288387,752863.53,12,1.36,14,3,0.66,2025-10-15 14:27:25
CASE_03219,FIR/2026/937,2026-05-09 20:38:25,PHISHING,Gujarat,Synthetic_District_36,9.291562,85.253177,186473.32,16,4.16,20,5,0.135,2026-05-29 20:38:25
CASE_03220,FIR/2025/708,2025-04-11 10:36:25,PHISHING,Andhra Pradesh,Synthetic_District_21,29.342338,77.061293,89404.52,6,4.1,10,4,0.67,2025-04-12 10:36:25
CASE_03221,FIR/2026/418,2026-09-21 08:03:25,IMPERSONATION,Andhra Pradesh,Synthetic_District_17,32.500882,93.912854,135498.83,1,4.0,8,0,0.435,2026-09-25 08:03:25
CASE_03222,FIR/2025/461,2025-04-12 03:57:25,CARD_FRAUD,Telangana,Synthetic_District_25,10.503086,73.726254,31829.57,14,3.63,3,5,0.831,2025-04-19 03:57:25
CASE_03223,FIR/2026/452,2026-03-30 00:52:25,OTHER,Maharashtra,Synthetic_District_1,24.693545,78.195596,137898.24,5,4.37,0,0,0.628,2026-04-24 00:52:25
CASE_03224,FIR/2025/654,2025-02-21 08:06:25,UPI_FRAUD,West Bengal,Synthetic_District_41,9.791008,94.237393,18452.77,17,4.62,8,4,0.697,2025-03-08 08:06:25
CASE_03225,FIR/2025/310,2025-03-09 07:49:25,PHISHING,Kerala,Synthetic_District_3,28.075725,73.345594,78867.03,20,1.14,7,6,0.529,2025-03-13 07:49:25
CASE_03226,FIR/2025/353,2025-06-10 21:11:25,NET_BANKING_FRAUD,Tamil Nadu,Synthetic_District_10,33.473657,71.635852,32513.11,15,4.59,21,1,0.43,2025-06-20 21:11:25
CASE_03227,FIR/2025/980,2025-12-18 12:06:25,INVESTMENT_SCAM,Maharashtra,Synthetic_District_38,26.402204,76.494006,803817.9,13,2.73,12,3,0.446,2026-01-10 12:06:25
CASE_03228,FIR/2026/688,2026-01-11 02:22:25,IMPERSONATION,Kerala,Synthetic_District_18,25.605814,73.622592,31058.67,3,1.09,2,6,0.489,2026-02-01 02:22:25
CASE_03229,FIR/2026/512,2026-02-17 22:40:25,OTHER,Andhra Pradesh,Synthetic_District_33,15.558396,91.634518,145809.14,1,4.56,22,1,0.33,2026-03-02 22:40:25
CASE_03230,FIR/2026/314,2026-07-26 06:42:25,NET_BANKING_FRAUD,Delhi,Synthetic_District_3,13.550299,79.508142,129587.24,7,4.38,6,6,0.484,2026-08-15 06:42:25
CASE_03231,FIR/2024/312,2024-10-15 03:00:25,CARD_FRAUD,West Bengal,Synthetic_District_44,23.486339,73.492936,9204.93,4,3.31,3,1,0.795,2024-11-06 03:00:25
CASE_03232,FIR/2025/386,2025-01-06 08:46:25,UPI_FRAUD,West Bengal,Synthetic_District_1,12.568064,80.277866,19960.85,18,0.39,8,0,0.119,2025-01-26 08:46:25
CASE_03233,FIR/2025/729,2025-05-15 09:18:25,OTHER,Telangana,Synthetic_District_13,10.086919,78.254731,138931.53,8,2.86,9,3,0.544,2025-05-19 09:18:25
CASE_03234,FIR/2025/980,2025-10-03 08:00:25,CARD_FRAUD,Telangana,Synthetic_District_38,31.300556,68.623174,162014.8,13,3.9,8,4,0.012,2025-10-17 08:00:25
CASE_03235,FIR/2025/396,2025-04-05 00:30:25,NET_BANKING_FRAUD,Andhra Pradesh,Synthetic_District_3,35.566661,79.901541,71290.05,6,4.07,0,5,0.311,2025-04-21 00:30:25
CASE_03236,FIR/2026/444,2026-04-18 13:23:25,PHISHING,Maharashtra,Synthetic_District_41,30.672793,96.800769,29776.87,5,4.36,13,5,0.894,2026-05-09 13:23:25
CASE_03237,FIR/2025/228,2025-01-09 00:06:25,UPI_FRAUD,Maharashtra,Synthetic_District_4,23.351619,68.961809,47777.86,11,4.35,0,3,0.844,2025-02-07 00:06:25
CASE_03238,FIR/2026/239,2026-05-18 08:44:25,IMPERSONATION,Uttar Pradesh,Synthetic_District_34,9.864571,84.365604,4514.64,20,2.44,8,0,0.354,2026-06-15 08:44:25
CASE_03239,FIR/2025/150,2025-12-06 09:10:25,NET_BANKING_FRAUD,West Bengal,Synthetic_District_14,20.143684,70.695345,186622.94,13,2.83,9,5,0.81,2026-01-05 09:10:25
CASE_03240,FIR/2025/331,2025-03-15 20:03:25,UPI_FRAUD,Gujarat,Synthetic_District_13,9.56359,87.891205,22181.98,15,0.51,20,5,0.281,2025-03-22 20:03:25
CASE_03241,FIR/2026/258,2026-05-14 16:57:25,INVESTMENT_SCAM,Karnataka,Synthetic_District_4,17.897387,90.923716,59511.21,13,0.97,16,3,0.796,2026-05-30 16:57:25
CASE_03242,FIR/2024/604,2024-10-07 12:56:25,IMPERSONATION,Kerala,Synthetic_District_33,31.934419,93.891565,187213.78,15,3.16,12,0,0.716,2024-11-03 12:56:25
CASE_03243,FIR/2026/572,2026-03-26 11:55:25,UPI_FRAUD,Tamil Nadu,Synthetic_District_35,11.398922,77.575063,11628.72,6,0.85,11,3,0.785,2026-04-02 11:55:25
CASE_03244,FIR/2025/278,2025-03-25 21:21:25,NET_BANKING_FRAUD,Telangana,Synthetic_District_17,9.078007,76.604736,134453.58,8,2.8,21,1,0.951,2025-04-23 21:21:25
CASE_03245,FIR/2025/756,2025-07-29 08:34:25,CARD_FRAUD,Maharashtra,Synthetic_District_33,23.573148,90.834938,59036.57,12,3.04,8,1,0.455,2025-07-31 08:34:25
CASE_03246,FIR/2024/687,2024-11-27 08:37:25,IMPERSONATION,Delhi,Synthetic_District_48,36.48768,89.852113,166399.93,7,2.06,8,2,0.987,2024-12-24 08:37:25
CASE_03247,FIR/2026/753,2026-03-19 00:15:25,OTHER,Telangana,Synthetic_District_42,8.494974,92.115797,70726.88,11,2.77,0,3,0.54,2026-03-31 00:15:25
CASE_03248,FIR/2024/575,2024-11-07 17:40:25,IMPERSONATION,Karnataka,Synthetic_District_40,24.850659,89.220627,100460.5,4,2.27,17,3,0.145,2024-11-28 17:40:25
CASE_03249,FIR/2024/823,2024-12-18 00:34:25,CARD_FRAUD,West Bengal,Synthetic_District_1,16.199837,74.074856,198283.99,4,4.05,0,2,0.375,2025-01-01 00:34:25
CASE_03250,FIR/2026/185,2026-05-17 06:01:25,UPI_FRAUD,Kerala,Synthetic_District_26,8.898834,93.713017,5865.04,7,4.95,6,6,0.919,2026-05-28 06:01:25
CASE_03251,FIR/2025/278,2025-04-07 17:39:25,NET_BANKING_FRAUD,Andhra Pradesh,Synthetic_District_4,27.910691,74.004956,34109.84,13,3.74,17,0,0.13,2025-04-20 17:39:25
CASE_03252,FIR/2025/399,2025-11-11 23:59:25,UPI_FRAUD,Karnataka,Synthetic_District_36,35.649621,73.518741,19019.09,1,0.41,23,1,0.086,2025-11-26 23:59:25
CASE_03253,FIR/2025/576,2025-01-31 12:35:25,INVESTMENT_SCAM,Kerala,Synthetic_District_3,17.699024,71.193892,330348.07,19,1.87,12,4,0.554,2025-02-20 12:35:25
CASE_03254,FIR/2026/933,2026-09-25 16:45:25,OTHER,Telangana,Synthetic_District_27,30.369243,91.13982,166179.12,8,3.22,16,4,0.157,2026-10-09 16:45:25
CASE_03255,FIR/2025/918,2025-05-19 04:23:25,CARD_FRAUD,Andhra Pradesh,Synthetic_District_16,18.483824,75.648255,18318.63,8,3.3,4,0,0.028,2025-06-11 04:23:25
CASE_03256,FIR/2025/200,2025-04-08 09:35:25,OTHER,Karnataka,Synthetic_District_26,20.012183,89.532238,75898.1,1,0.93,9,1,0.581,2025-04-15 09:35:25
CASE_03257,FIR/2025/780,2025-10-10 07:13:25,NET_BANKING_FRAUD,Kerala,Synthetic_District_38,9.2715,81.653742,58222.16,16,1.75,7,4,0.151,2025-11-02 07:13:25
CASE_03258,FIR/2026/605,2026-02-19 14:24:25,INVESTMENT_SCAM,Telangana,Synthetic_District_11,19.419189,71.538645,854688.03,17,2.38,14,3,0.913,2026-03-11 14:24:25
CASE_03259,FIR/2026/510,2026-09-20 09:23:25,OTHER,West Bengal,Synthetic_District_16,10.860379,96.153331,143126.28,11,4.34,9,6,0.113,2026-09-23 09:23:25
CASE_03260,FIR/2025/399,2025-06-20 22:31:25,CARD_FRAUD,West Bengal,Synthetic_District_20,36.826019,93.718251,24085.9,14,2.25,22,4,0.074,2025-07-12 22:31:25
CASE_03261,FIR/2025/961,2025-04-26 06:49:25,IMPERSONATION,Kerala,Synthetic_District_6,24.627567,94.739646,94522.63,14,2.07,6,5,0.321,2025-05-25 06:49:25
CASE_03262,FIR/2025/858,2025-08-21 12:48:25,INVESTMENT_SCAM,Karnataka,Synthetic_District_13,15.370823,93.890645,384289.59,3,4.67,12,3,0.403,2025-09-20 12:48:25
CASE_03263,FIR/2024/765,2024-12-30 06:46:25,NET_BANKING_FRAUD,Karnataka,Synthetic_District_8,11.002333,71.645952,21748.91,7,2.71,6,0,0.857,2025-01-21 06:46:25
CASE_03264,FIR/2026/266,2026-03-18 13:38:25,IMPERSONATION,Karnataka,Synthetic_District_16,35.979483,81.63373,18481.73,13,1.85,13,2,0.839,2026-03-27 13:38:25
CASE_03265,FIR/2024/893,2024-10-11 16:49:25,INVESTMENT_SCAM,Telangana,Synthetic_District_19,32.817847,90.653246,110633.77,2,3.58,16,4,0.873,2024-10-29 16:49:25
CASE_03266,FIR/2025/386,2025-03-01 01:49:25,UPI_FRAUD,Tamil Nadu,Synthetic_District_18,30.10675,73.00331,21115.17,3,4.2,1,5,0.253,2025-03-17 01:49:25
CASE_03267,FIR/2025/247,2025-08-20 02:27:25,NET_BANKING_FRAUD,Kerala,Synthetic_District_49,23.31691,71.680956,188583.14,2,3.26,2,2,0.895,2025-09-18 02:27:25
CASE_03268,FIR/2025/532,2025-07-26 21:32:25,UPI_FRAUD,West Bengal,Synthetic_District_17,19.60961,74.50516,39850.06,20,4.06,21,5,0.098,2025-08-18 21:32:25
CASE_03269,FIR/2025/805,2025-09-11 11:54:25,PHISHING,Andhra Pradesh,Synthetic_District_26,17.239462,69.874259,56536.46,16,1.5,11,3,0.257,2025-09-18 11:54:25
CASE_03270,FIR/2025/694,2025-05-26 20:12:25,OTHER,Telangana,Synthetic_District_1,20.474296,90.594716,173372.79,10,0.61,20,0,0.691,2025-06-02 20:12:25
CASE_03271,FIR/2026/397,2026-01-30 12:51:25,PHISHING,Andhra Pradesh,Synthetic_District_48,33.65914,75.020886,128730.28,4,3.81,12,4,0.012,2026-02-15 12:51:25
CASE_03272,FIR/2026/595,2026-04-09 12:39:25,IMPERSONATION,West Bengal,Synthetic_District_28,24.721476,87.850516,10057.09,11,2.32,12,3,0.376,2026-04-13 12:39:25
CASE_03273,FIR/2026/812,2026-04-23 08:59:25,UPI_FRAUD,Telangana,Synthetic_District_41,32.901316,76.070991,13787.05,10,2.49,8,3,0.838,2026-05-01 08:59:25
CASE_03274,FIR/2025/770,2025-05-31 01:29:25,PHISHING,Uttar Pradesh,Synthetic_District_31,15.209672,90.012637,74852.76,16,0.27,1,5,0.665,2025-06-17 01:29:25
CASE_03275,FIR/2025/178,2025-10-02 21:38:25,CARD_FRAUD,Gujarat,Synthetic_District_21,9.414661,96.521187,167499.93,19,1.15,21,3,0.019,2025-11-01 21:38:25
CASE_03276,FIR/2025/686,2025-01-26 09:05:25,INVESTMENT_SCAM,Gujarat,Synthetic_District_18,26.683647,89.394796,427936.72,12,0.93,9,6,0.021,2025-02-19 09:05:25
CASE_03277,FIR/2026/684,2026-08-03 03:47:25,INVESTMENT_SCAM,Delhi,Synthetic_District_33,9.955206,75.740137,382595.61,5,2.01,3,0,0.505,2026-08-16 03:47:25
CASE_03278,FIR/2025/276,2025-04-28 16:41:25,INVESTMENT_SCAM,Kerala,Synthetic_District_5,20.354602,86.427981,625323.34,3,3.02,16,0,0.862,2025-04-30 16:41:25
CASE_03279,FIR/2026/908,2026-09-06 16:31:25,IMPERSONATION,Andhra Pradesh,Synthetic_District_12,29.450532,82.871188,166011.8,20,0.23,16,6,0.977,2026-09-30 16:31:25
CASE_03280,FIR/2026/191,2026-08-01 18:10:25,INVESTMENT_SCAM,Maharashtra,Synthetic_District_10,35.840773,91.828718,809106.44,15,4.69,18,5,0.332,2026-08-06 18:10:25
CASE_03281,FIR/2026/314,2026-04-19 21:34:25,OTHER,Tamil Nadu,Synthetic_District_6,13.375932,79.31506,176269.98,16,0.77,21,6,0.002,2026-05-12 21:34:25
CASE_03282,FIR/2026/874,2026-09-24 23:18:25,OTHER,Andhra Pradesh,Synthetic_District_8,20.313931,87.982937,69462.77,4,4.79,23,3,0.261,2026-10-01 23:18:25
CASE_03283,FIR/2025/293,2025-07-11 22:16:25,IMPERSONATION,Delhi,Synthetic_District_13,17.150902,82.265036,141970.05,16,4.33,22,4,0.18,2025-08-06 22:16:25
CASE_03284,FIR/2025/112,2025-01-11 14:42:25,CARD_FRAUD,Uttar Pradesh,Synthetic_District_17,13.368937,80.739324,144763.43,8,4.49,14,5,0.261,2025-01-23 14:42:25
CASE_03285,FIR/2026/731,2026-07-27 09:14:25,UPI_FRAUD,Kerala,Synthetic_District_10,17.929005,96.348499,30918.91,11,4.98,9,0,0.136,2026-08-24 09:14:25
CASE_03286,FIR/2025/102,2025-09-02 00:40:25,IMPERSONATION,Uttar Pradesh,Synthetic_District_24,18.407925,92.603199,161540.29,18,2.51,0,1,0.608,2025-09-25 00:40:25
CASE_03287,FIR/2026/286,2026-06-13 00:10:25,CARD_FRAUD,Gujarat,Synthetic_District_14,21.349635,78.098839,134609.78,5,1.19,0,5,0.722,2026-06-17 00:10:25
CASE_03288,FIR/2025/252,2025-12-06 14:35:25,UPI_FRAUD,Maharashtra,Synthetic_District_16,17.297967,70.957346,6470.22,3,1.27,14,5,0.207,2025-12-10 14:35:25
CASE_03289,FIR/2024/883,2024-10-30 08:06:25,PHISHING,Karnataka,Synthetic_District_12,33.185218,79.745165,75218.18,19,1.47,8,2,0.525,2024-11-24 08:06:25
CASE_03290,FIR/2025/242,2025-07-22 15:31:25,UPI_FRAUD,Delhi,Synthetic_District_12,14.61627,72.933692,8609.48,2,2.83,15,1,0.785,2025-08-08 15:31:25
CASE_03291,FIR/2025/886,2025-08-25 15:40:25,OTHER,Uttar Pradesh,Synthetic_District_20,14.008787,92.098024,95427.85,4,1.32,15,0,0.012,2025-09-11 15:40:25
CASE_03292,FIR/2025/310,2025-09-26 10:41:25,NET_BANKING_FRAUD,Gujarat,Synthetic_District_40,12.914224,74.530543,191799.14,4,2.18,10,4,0.946,2025-10-14 10:41:25
CASE_03293,FIR/2025/106,2025-04-07 21:09:25,IMPERSONATION,Uttar Pradesh,Synthetic_District_39,14.065067,69.960582,11762.87,4,3.16,21,0,0.075,2025-04-22 21:09:25
CASE_03294,FIR/2026/672,2026-04-09 02:02:25,IMPERSONATION,Tamil Nadu,Synthetic_District_35,8.090291,80.883623,120115.03,9,4.92,2,3,0.438,2026-05-03 02:02:25
CASE_03295,FIR/2025/313,2025-05-24 09:52:25,UPI_FRAUD,Gujarat,Synthetic_District_4,27.463157,84.671024,11244.27,13,0.93,9,5,0.842,2025-06-04 09:52:25
CASE_03296,FIR/2025/115,2025-08-10 17:13:25,OTHER,Karnataka,Synthetic_District_21,34.499385,94.628321,98167.26,11,3.29,17,6,0.508,2025-08-15 17:13:25
CASE_03297,FIR/2025/227,2025-04-27 01:20:25,IMPERSONATION,West Bengal,Synthetic_District_2,27.364736,91.522644,21122.42,19,3.29,1,6,0.232,2025-05-08 01:20:25
CASE_03298,FIR/2024/592,2024-11-27 21:31:25,INVESTMENT_SCAM,Uttar Pradesh,Synthetic_District_36,30.149227,95.884334,316315.83,17,2.48,21,2,0.354,2024-12-12 21:31:25
CASE_03299,FIR/2024/428,2024-12-10 04:12:25,OTHER,Tamil Nadu,Synthetic_District_14,29.561646,80.941198,59662.62,1,1.97,4,1,0.416,2025-01-08 04:12:25
CASE_03300,FIR/2026/318,2026-02-16 18:26:25,IMPERSONATION,Tamil Nadu,Synthetic_District_6,10.896207,90.874246,139922.84,3,3.62,18,0,0.697,2026-02-20 18:26:25
CASE_03301,FIR/2026/709,2026-05-27 03:06:25,IMPERSONATION,Tamil Nadu,Synthetic_District_32,13.961287,71.308578,44823.5,7,1.35,3,2,0.057,2026-06-12 03:06:25
CASE_03302,FIR/2026/320,2026-02-16 11:49:25,NET_BANKING_FRAUD,Gujarat,Synthetic_District_37,26.299712,74.125016,2675.84,14,0.58,11,0,0.538,2026-02-21 11:49:25
CASE_03303,FIR/2024/146,2024-11-20 17:03:25,CARD_FRAUD,Gujarat,Synthetic_District_10,31.387077,79.343459,103954.6,9,2.3,17,2,0.693,2024-11-25 17:03:25
CASE_03304,FIR/2025/349,2025-08-01 06:20:25,CARD_FRAUD,Delhi,Synthetic_District_24,33.493267,94.708492,186403.85,2,3.86,6,4,0.945,2025-08-28 06:20:25
CASE_03305,FIR/2025/833,2025-02-14 11:27:25,INVESTMENT_SCAM,Tamil Nadu,Synthetic_District_25,31.404979,95.261485,72873.6,20,3.22,11,4,0.129,2025-03-13 11:27:25
CASE_03306,FIR/2026/736,2026-01-03 22:43:25,IMPERSONATION,Telangana,Synthetic_District_31,23.913259,87.181554,145923.26,20,0.21,22,5,0.234,2026-01-26 22:43:25
CASE_03307,FIR/2026/718,2026-09-18 02:45:25,INVESTMENT_SCAM,Andhra Pradesh,Synthetic_District_35,32.931274,95.1886,143780.25,9,1.46,2,4,0.435,2026-10-11 02:45:25
CASE_03308,FIR/2025/181,2025-12-31 16:29:25,IMPERSONATION,Gujarat,Synthetic_District_17,16.538289,73.378044,108187.23,11,1.38,16,2,0.927,2026-01-21 16:29:25
CASE_03309,FIR/2025/781,2025-10-04 19:42:25,CARD_FRAUD,Telangana,Synthetic_District_27,22.046017,96.62126,184724.91,1,2.86,19,5,0.174,2025-10-08 19:42:25
CASE_03310,FIR/2025/853,2025-11-07 13:16:25,OTHER,Uttar Pradesh,Synthetic_District_44,15.039298,94.817912,63875.85,1,0.45,13,4,0.884,2025-12-05 13:16:25
CASE_03311,FIR/2026/855,2026-07-03 19:04:25,OTHER,West Bengal,Synthetic_District_4,19.240358,81.883898,7620.56,19,0.45,19,4,0.255,2026-07-29 19:04:25
CASE_03312,FIR/2025/105,2025-07-05 06:07:25,CARD_FRAUD,Karnataka,Synthetic_District_1,9.165808,76.520147,104310.29,1,1.54,6,5,0.412,2025-08-02 06:07:25
CASE_03313,FIR/2025/910,2025-10-02 01:24:25,NET_BANKING_FRAUD,Tamil Nadu,Synthetic_District_19,29.222108,83.529194,77623.75,15,1.82,1,3,0.361,2025-10-03 01:24:25
CASE_03314,FIR/2025/388,2025-07-15 10:22:25,INVESTMENT_SCAM,Andhra Pradesh,Synthetic_District_28,11.901988,80.861011,184870.66,2,0.51,10,1,0.192,2025-07-17 10:22:25
CASE_03315,FIR/2026/191,2026-09-13 08:23:25,CARD_FRAUD,West Bengal,Synthetic_District_8,12.948511,93.881088,147957.34,13,1.83,8,6,0.681,2026-09-25 08:23:25
CASE_03316,FIR/2024/437,2024-11-30 10:28:25,UPI_FRAUD,Uttar Pradesh,Synthetic_District_2,16.939991,71.156635,18469.96,1,2.25,10,5,0.838,2024-12-28 10:28:25
CASE_03317,FIR/2024/800,2024-12-11 08:01:25,UPI_FRAUD,Kerala,Synthetic_District_31,35.53276,82.041593,31634.48,13,4.4,8,2,0.819,2025-01-07 08:01:25
CASE_03318,FIR/2025/334,2025-01-11 12:47:25,IMPERSONATION,Delhi,Synthetic_District_45,15.17764,84.934213,192521.57,13,2.41,12,5,0.162,2025-01-21 12:47:25
CASE_03319,FIR/2025/399,2025-10-18 20:11:25,INVESTMENT_SCAM,Kerala,Synthetic_District_25,25.217716,76.202835,291280.49,17,3.07,20,5,0.759,2025-10-27 20:11:25
CASE_03320,FIR/2026/289,2026-08-30 01:50:25,IMPERSONATION,West Bengal,Synthetic_District_50,9.952006,70.552531,108906.23,8,4.33,1,6,0.633,2026-09-08 01:50:25
CASE_03321,FIR/2026/829,2026-08-30 14:02:25,OTHER,Uttar Pradesh,Synthetic_District_46,12.556447,84.770017,99129.7,11,4.9,14,6,0.092,2026-09-27 14:02:25
CASE_03322,FIR/2025/120,2025-06-29 02:18:25,INVESTMENT_SCAM,Karnataka,Synthetic_District_37,27.155937,79.150182,992830.71,18,1.35,2,6,0.405,2025-07-28 02:18:25
CASE_03323,FIR/2026/859,2026-05-15 21:26:25,IMPERSONATION,West Bengal,Synthetic_District_32,24.244347,86.676574,58550.04,16,3.78,21,4,0.478,2026-06-06 21:26:25
CASE_03324,FIR/2026/360,2026-07-15 14:36:25,NET_BANKING_FRAUD,Uttar Pradesh,Synthetic_District_31,34.831765,81.130167,84194.35,2,1.68,14,2,0.274,2026-07-20 14:36:25
CASE_03325,FIR/2025/565,2025-09-23 20:21:25,UPI_FRAUD,Maharashtra,Synthetic_District_28,11.677103,83.608636,42764.64,15,1.6,20,1,0.435,2025-10-08 20:21:25
CASE_03326,FIR/2025/808,2025-12-16 06:29:25,NET_BANKING_FRAUD,Uttar Pradesh,Synthetic_District_6,25.061496,85.44026,150956.36,12,0.9,6,1,0.839,2025-12-21 06:29:25
CASE_03327,FIR/2025/215,2025-09-15 11:27:25,IMPERSONATION,Gujarat,Synthetic_District_28,33.075466,82.390304,122631.59,1,2.7,11,0,0.355,2025-10-10 11:27:25
CASE_03328,FIR/2026/483,2026-01-01 03:21:25,UPI_FRAUD,Andhra Pradesh,Synthetic_District_47,30.800798,91.098603,1405.28,19,3.3,3,3,0.824,2026-01-15 03:21:25
CASE_03329,FIR/2026/903,2026-02-07 18:27:25,CARD_FRAUD,Gujarat,Synthetic_District_31,36.013203,94.58436,171288.53,4,1.43,18,5,0.355,2026-02-22 18:27:25
CASE_03330,FIR/2026/867,2026-01-21 17:53:25,CARD_FRAUD,Karnataka,Synthetic_District_45,10.481002,78.687309,199208.39,10,1.35,17,2,0.282,2026-02-11 17:53:25
CASE_03331,FIR/2026/931,2026-06-27 15:24:25,INVESTMENT_SCAM,Telangana,Synthetic_District_9,18.735864,96.807488,354673.33,7,2.5,15,5,0.95,2026-07-06 15:24:25
CASE_03332,FIR/2026/826,2026-04-15 01:07:25,CARD_FRAUD,Gujarat,Synthetic_District_25,35.324763,95.246277,146780.01,14,1.13,1,2,0.828,2026-05-08 01:07:25
CASE_03333,FIR/2025/441,2025-07-04 21:45:25,IMPERSONATION,Karnataka,Synthetic_District_37,34.056415,95.608414,181031.76,1,3.46,21,4,0.161,2025-08-03 21:45:25
CASE_03334,FIR/2026/893,2026-01-23 21:18:25,IMPERSONATION,Delhi,Synthetic_District_31,19.283131,77.482557,141648.2,17,4.42,21,4,0.498,2026-02-15 21:18:25
CASE_03335,FIR/2026/261,2026-04-21 11:02:25,OTHER,Andhra Pradesh,Synthetic_District_26,8.662672,79.882702,187739.12,14,4.07,11,1,0.54,2026-05-17 11:02:25
CASE_03336,FIR/2026/996,2026-07-12 22:34:25,NET_BANKING_FRAUD,Kerala,Synthetic_District_17,23.687764,86.601321,87600.59,20,4.82,22,6,0.804,2026-07-22 22:34:25
CASE_03337,FIR/2025/593,2025-04-19 15:08:25,UPI_FRAUD,Uttar Pradesh,Synthetic_District_26,31.25707,80.53821,2925.98,8,2.44,15,5,0.871,2025-05-04 15:08:25
CASE_03338,FIR/2026/208,2026-08-28 09:01:25,PHISHING,Andhra Pradesh,Synthetic_District_19,24.363288,69.874259,56360.51,4,2.01,9,4,0.945,2026-09-11 09:01:25
CASE_03339,FIR/2026/582,2026-05-18 02:46:25,OTHER,Delhi,Synthetic_District_22,25.614156,77.983786,167434.59,4,2.0,2,0,0.074,2026-06-01 02:46:25
CASE_03340,FIR/2026/621,2026-06-19 08:18:25,UPI_FRAUD,Delhi,Synthetic_District_14,9.550653,87.42683,24069.88,1,2.67,8,4,0.197,2026-07-14 08:18:25
CASE_03341,FIR/2025/889,2025-08-11 16:22:25,UPI_FRAUD,Gujarat,Synthetic_District_20,14.719254,92.10486,7156.81,14,2.91,16,0,0.716,2025-09-05 16:22:25
CASE_03342,FIR/2025/192,2025-07-12 12:03:25,UPI_FRAUD,Andhra Pradesh,Synthetic_District_44,24.739332,78.221288,27654.81,20,3.1,12,5,0.118,2025-08-04 12:03:25
CASE_03343,FIR/2025/369,2025-03-27 11:39:25,CARD_FRAUD,Karnataka,Synthetic_District_16,9.976968,71.102385,84685.46,5,2.81,11,3,0.993,2025-04-25 11:39:25
CASE_03344,FIR/2025/198,2025-01-04 01:12:25,CARD_FRAUD,Maharashtra,Synthetic_District_42,12.207471,91.481898,118434.57,8,2.86,1,5,0.906,2025-01-06 01:12:25
CASE_03345,FIR/2025/761,2025-10-11 12:09:25,NET_BANKING_FRAUD,Uttar Pradesh,Synthetic_District_17,12.471307,84.644789,136315.25,10,4.15,12,5,0.558,2025-10-18 12:09:25
CASE_03346,FIR/2026/393,2026-02-05 04:41:25,OTHER,Delhi,Synthetic_District_34,22.526362,79.162311,135511.2,16,3.63,4,3,0.241,2026-02-26 04:41:25
CASE_03347,FIR/2026/349,2026-04-16 13:34:25,CARD_FRAUD,Karnataka,Synthetic_District_47,13.200008,81.008035,11688.45,5,3.45,13,3,0.079,2026-05-01 13:34:25
CASE_03348,FIR/2026/466,2026-05-11 23:37:25,UPI_FRAUD,Karnataka,Synthetic_District_22,18.22251,72.580273,20111.45,15,3.13,23,0,0.146,2026-06-08 23:37:25
CASE_03349,FIR/2026/623,2026-08-01 13:04:25,IMPERSONATION,Tamil Nadu,Synthetic_District_45,21.509732,79.442675,155031.05,18,3.62,13,5,0.762,2026-08-17 13:04:25
CASE_03350,FIR/2026/639,2026-05-26 00:31:25,INVESTMENT_SCAM,Uttar Pradesh,Synthetic_District_18,32.957823,70.298487,885702.52,6,4.29,0,1,0.968,2026-06-10 00:31:25
CASE_03351,FIR/2025/907,2025-03-18 09:16:25,NET_BANKING_FRAUD,West Bengal,Synthetic_District_25,34.660382,70.420486,52165.08,10,0.19,9,1,0.379,2025-04-15 09:16:25
CASE_03352,FIR/2025/913,2025-03-18 12:09:25,OTHER,Andhra Pradesh,Synthetic_District_21,13.29659,89.731084,124465.33,4,3.74,12,1,0.486,2025-03-21 12:09:25
CASE_03353,FIR/2026/120,2026-08-12 08:48:25,PHISHING,Kerala,Synthetic_District_5,28.426593,68.230592,4631.67,4,2.88,8,2,0.135,2026-09-06 08:48:25
CASE_03354,FIR/2025/157,2025-07-13 00:35:25,IMPERSONATION,Delhi,Synthetic_District_28,18.567976,83.344159,50450.27,4,1.53,0,6,0.396,2025-08-08 00:35:25
CASE_03355,FIR/2025/478,2025-10-01 02:46:25,UPI_FRAUD,Tamil Nadu,Synthetic_District_5,27.18994,68.880164,29163.75,4,3.62,2,2,0.511,2025-10-13 02:46:25
CASE_03356,FIR/2025/193,2025-11-09 07:38:25,PHISHING,Tamil Nadu,Synthetic_District_31,9.668568,69.343324,190923.98,3,4.94,7,6,0.693,2025-11-18 07:38:25
CASE_03357,FIR/2026/128,2026-05-02 22:50:25,NET_BANKING_FRAUD,Gujarat,Synthetic_District_15,8.197541,95.367878,72532.66,15,1.14,22,5,0.213,2026-05-29 22:50:25
CASE_03358,FIR/2026/185,2026-06-01 08:36:25,IMPERSONATION,Karnataka,Synthetic_District_7,27.155337,95.378628,132134.07,19,0.94,8,0,0.156,2026-06-28 08:36:25
CASE_03359,FIR/2026/263,2026-04-17 12:39:25,PHISHING,Kerala,Synthetic_District_1,36.50194,80.061925,183948.5,7,2.67,12,4,0.335,2026-05-15 12:39:25
CASE_03360,FIR/2026/765,2026-09-09 11:12:25,NET_BANKING_FRAUD,Telangana,Synthetic_District_6,36.299638,75.854519,11547.47,11,2.76,11,2,0.041,2026-09-18 11:12:25
CASE_03361,FIR/2026/973,2026-01-24 18:49:25,OTHER,Karnataka,Synthetic_District_3,35.748773,77.829892,111865.4,3,4.48,18,5,0.746,2026-02-23 18:49:25
CASE_03362,FIR/2024/725,2024-12-10 14:52:25,INVESTMENT_SCAM,Andhra Pradesh,Synthetic_District_4,32.085324,72.381964,946541.72,13,3.04,14,1,0.191,2025-01-08 14:52:25
CASE_03363,FIR/2026/596,2026-09-19 01:35:25,OTHER,Uttar Pradesh,Synthetic_District_28,20.097038,92.573045,99384.54,9,4.57,1,5,0.843,2026-09-30 01:35:25
CASE_03364,FIR/2025/957,2025-10-19 21:05:25,NET_BANKING_FRAUD,Kerala,Synthetic_District_11,13.204408,79.620628,70637.57,9,3.81,21,6,0.387,2025-11-17 21:05:25
CASE_03365,FIR/2025/875,2025-06-26 14:32:25,IMPERSONATION,Maharashtra,Synthetic_District_50,29.13835,82.268769,100546.26,9,4.41,14,3,0.739,2025-07-02 14:32:25
CASE_03366,FIR/2026/675,2026-02-22 07:51:25,OTHER,West Bengal,Synthetic_District_7,19.097791,78.703726,24045.98,18,0.2,7,6,0.076,2026-03-10 07:51:25
CASE_03367,FIR/2026/274,2026-08-18 03:07:25,NET_BANKING_FRAUD,Andhra Pradesh,Synthetic_District_32,29.40249,79.061076,9365.68,11,4.45,3,1,0.263,2026-09-11 03:07:25
CASE_03368,FIR/2025/385,2025-07-22 19:42:25,CARD_FRAUD,Delhi,Synthetic_District_40,36.21474,75.55673,181321.25,5,3.77,19,1,0.494,2025-08-12 19:42:25
CASE_03369,FIR/2024/968,2024-10-19 09:19:25,UPI_FRAUD,Karnataka,Synthetic_District_5,17.523778,71.591911,35028.89,15,3.38,9,5,0.658,2024-11-13 09:19:25
CASE_03370,FIR/2025/554,2025-03-30 06:17:25,CARD_FRAUD,Karnataka,Synthetic_District_19,12.146407,69.820285,175675.45,19,3.36,6,6,0.116,2025-04-04 06:17:25
CASE_03371,FIR/2024/549,2024-10-05 07:09:25,IMPERSONATION,Karnataka,Synthetic_District_3,20.446036,70.25646,108255.68,9,1.18,7,5,0.36,2024-10-21 07:09:25
CASE_03372,FIR/2025/766,2025-03-06 14:44:25,PHISHING,Gujarat,Synthetic_District_26,19.922375,71.038404,119597.71,2,1.63,14,3,0.121,2025-03-21 14:44:25
CASE_03373,FIR/2024/542,2024-12-24 02:47:25,UPI_FRAUD,Karnataka,Synthetic_District_6,27.946542,93.250589,39847.03,12,3.81,2,1,0.111,2025-01-17 02:47:25
CASE_03374,FIR/2026/666,2026-04-01 16:45:25,NET_BANKING_FRAUD,Kerala,Synthetic_District_12,22.700209,96.243641,182605.32,12,2.34,16,2,0.103,2026-04-22 16:45:25
CASE_03375,FIR/2025/538,2025-12-12 08:15:25,OTHER,Gujarat,Synthetic_District_9,27.953707,85.519254,10102.41,6,4.01,8,4,0.177,2026-01-06 08:15:25
CASE_03376,FIR/2025/310,2025-05-26 02:22:25,OTHER,Karnataka,Synthetic_District_41,25.16423,72.380303,24346.73,12,0.88,2,0,0.952,2025-06-19 02:22:25
CASE_03377,FIR/2025/532,2025-10-07 12:16:25,INVESTMENT_SCAM,Gujarat,Synthetic_District_18,30.769223,69.577165,260945.57,17,3.42,12,1,0.102,2025-10-29 12:16:25
CASE_03378,FIR/2024/927,2024-11-15 04:22:25,INVESTMENT_SCAM,Kerala,Synthetic_District_45,21.494401,93.469439,817988.2,13,3.0,4,4,0.847,2024-12-13 04:22:25
CASE_03379,FIR/2026/269,2026-04-04 16:50:25,PHISHING,Telangana,Synthetic_District_49,19.745134,71.742522,134563.43,18,1.16,16,5,0.096,2026-04-05 16:50:25
CASE_03380,FIR/2026/943,2026-04-25 09:47:25,PHISHING,Karnataka,Synthetic_District_5,32.647175,93.374844,72177.56,6,3.62,9,5,0.735,2026-05-08 09:47:25
CASE_03381,FIR/2025/445,2025-06-03 06:48:25,PHISHING,Uttar Pradesh,Synthetic_District_23,33.664951,86.059695,180404.19,11,0.7,6,1,0.438,2025-06-16 06:48:25
CASE_03382,FIR/2024/686,2024-12-17 06:30:25,NET_BANKING_FRAUD,Andhra Pradesh,Synthetic_District_23,23.708939,79.500459,31183.02,7,1.99,6,1,0.987,2024-12-22 06:30:25
CASE_03383,FIR/2025/292,2025-10-03 00:40:25,NET_BANKING_FRAUD,Delhi,Synthetic_District_4,25.946052,73.155879,103173.03,9,1.86,0,4,0.805,2025-11-02 00:40:25
CASE_03384,FIR/2024/549,2024-10-20 05:24:25,CARD_FRAUD,West Bengal,Synthetic_District_30,31.762037,91.848349,4649.92,18,2.54,5,6,0.097,2024-11-16 05:24:25
CASE_03385,FIR/2026/872,2026-03-31 23:25:25,CARD_FRAUD,Karnataka,Synthetic_District_4,26.551935,80.673511,178514.79,11,2.75,23,1,0.515,2026-04-08 23:25:25
CASE_03386,FIR/2026/383,2026-09-28 10:59:25,UPI_FRAUD,Andhra Pradesh,Synthetic_District_4,14.529208,91.545932,37847.73,14,0.11,10,0,0.534,2026-10-21 10:59:25
CASE_03387,FIR/2026/678,2026-07-05 08:41:25,UPI_FRAUD,Tamil Nadu,Synthetic_District_31,18.815927,91.107264,19252.27,10,1.49,8,6,0.884,2026-07-07 08:41:25
CASE_03388,FIR/2026/159,2026-07-12 03:32:25,INVESTMENT_SCAM,Kerala,Synthetic_District_31,8.42793,82.168628,830363.55,17,2.93,3,6,0.16,2026-07-27 03:32:25
CASE_03389,FIR/2025/104,2025-12-09 01:08:25,UPI_FRAUD,Karnataka,Synthetic_District_21,34.712836,91.057165,49889.59,4,4.49,1,1,0.545,2025-12-20 01:08:25
CASE_03390,FIR/2026/655,2026-02-14 03:04:25,NET_BANKING_FRAUD,West Bengal,Synthetic_District_50,8.006893,76.199738,42740.44,16,1.61,3,5,0.383,2026-03-03 03:04:25
CASE_03391,FIR/2025/267,2025-03-17 09:05:25,OTHER,Telangana,Synthetic_District_21,14.487177,68.381282,1531.06,5,4.81,9,0,0.361,2025-03-28 09:05:25
CASE_03392,FIR/2025/358,2025-10-12 17:52:25,PHISHING,Gujarat,Synthetic_District_6,10.66426,80.693706,66565.76,17,2.42,17,6,0.761,2025-11-06 17:52:25
CASE_03393,FIR/2025/986,2025-09-17 17:31:25,CARD_FRAUD,Uttar Pradesh,Synthetic_District_48,28.057194,93.439977,25294.88,9,0.53,17,2,0.025,2025-10-11 17:31:25
CASE_03394,FIR/2025/830,2025-01-02 01:51:25,PHISHING,Karnataka,Synthetic_District_32,15.490446,94.825792,5391.09,9,3.7,1,3,0.374,2025-01-13 01:51:25
CASE_03395,FIR/2025/921,2025-12-12 11:23:25,OTHER,Delhi,Synthetic_District_31,19.807809,86.124052,43355.36,13,2.85,11,4,0.893,2025-12-31 11:23:25
CASE_03396,FIR/2025/726,2025-06-28 06:59:25,INVESTMENT_SCAM,Tamil Nadu,Synthetic_District_3,24.453181,72.374757,492194.48,12,0.97,6,5,0.204,2025-06-30 06:59:25
CASE_03397,FIR/2025/930,2025-10-18 18:08:25,NET_BANKING_FRAUD,Karnataka,Synthetic_District_29,10.347655,76.748415,40540.27,4,1.1,18,5,0.205,2025-11-15 18:08:25
CASE_03398,FIR/2025/648,2025-07-31 11:50:25,PHISHING,Maharashtra,Synthetic_District_37,14.433014,80.477361,129390.91,19,1.51,11,3,0.19,2025-08-10 11:50:25
CASE_03399,FIR/2025/186,2025-04-30 06:07:25,IMPERSONATION,Kerala,Synthetic_District_48,36.093127,88.096527,138975.02,20,4.88,6,2,0.28,2025-05-14 06:07:25
CASE_03400,FIR/2026/697,2026-04-17 20:08:25,UPI_FRAUD,Telangana,Synthetic_District_7,34.568258,79.062752,37731.96,8,3.97,20,4,0.929,2026-04-21 20:08:25
CASE_03401,FIR/2026/998,2026-03-30 07:24:25,INVESTMENT_SCAM,Andhra Pradesh,Synthetic_District_50,14.619685,96.296198,599991.04,2,0.73,7,0,0.008,2026-04-04 07:24:25
CASE_03402,FIR/2025/637,2025-05-03 00:37:25,PHISHING,Tamil Nadu,Synthetic_District_7,27.181026,79.210972,138608.87,5,1.69,0,5,0.611,2025-05-26 00:37:25
CASE_03403,FIR/2026/124,2026-08-04 21:16:25,UPI_FRAUD,Kerala,Synthetic_District_16,30.4687,83.841815,12999.43,14,4.65,21,1,0.429,2026-08-14 21:16:25
CASE_03404,FIR/2026/498,2026-01-20 18:36:25,NET_BANKING_FRAUD,Karnataka,Synthetic_District_48,12.645575,77.119867,130811.12,17,3.07,18,1,0.952,2026-01-27 18:36:25
CASE_03405,FIR/2025/597,2025-11-27 08:46:25,CARD_FRAUD,Tamil Nadu,Synthetic_District_34,9.678634,84.087849,41826.61,17,4.88,8,3,0.147,2025-12-04 08:46:25
CASE_03406,FIR/2024/916,2024-11-13 11:14:25,UPI_FRAUD,Uttar Pradesh,Synthetic_District_35,12.922047,81.460103,4759.04,2,3.19,11,2,0.467,2024-11-17 11:14:25
CASE_03407,FIR/2026/103,2026-03-20 15:44:25,NET_BANKING_FRAUD,Uttar Pradesh,Synthetic_District_33,27.146622,93.411629,28583.12,14,4.21,15,4,0.404,2026-04-06 15:44:25
CASE_03408,FIR/2026/533,2026-09-01 22:17:25,IMPERSONATION,West Bengal,Synthetic_District_37,19.229009,68.399377,130384.07,13,4.28,22,1,0.504,2026-10-01 22:17:25
CASE_03409,FIR/2026/148,2026-03-19 19:41:25,PHISHING,Kerala,Synthetic_District_47,33.102033,78.715075,97782.38,18,3.39,19,3,0.377,2026-04-05 19:41:25
CASE_03410,FIR/2024/560,2024-10-23 06:19:25,OTHER,Uttar Pradesh,Synthetic_District_9,12.546702,76.279061,15940.64,20,3.09,6,2,0.456,2024-11-12 06:19:25
CASE_03411,FIR/2025/163,2025-12-26 16:58:25,UPI_FRAUD,West Bengal,Synthetic_District_14,15.66771,89.021536,2160.25,20,2.78,16,4,0.85,2026-01-24 16:58:25
CASE_03412,FIR/2025/664,2025-06-21 01:43:25,INVESTMENT_SCAM,Uttar Pradesh,Synthetic_District_3,35.379565,91.151763,986774.54,9,4.5,1,5,0.534,2025-06-28 01:43:25
CASE_03413,FIR/2025/486,2025-06-18 06:42:25,OTHER,Gujarat,Synthetic_District_48,26.397646,79.219802,64345.55,6,0.59,6,2,0.07,2025-07-05 06:42:25
CASE_03414,FIR/2026/844,2026-09-03 17:12:25,IMPERSONATION,Andhra Pradesh,Synthetic_District_20,9.627262,94.7351,85077.0,20,4.43,17,3,0.477,2026-09-25 17:12:25
CASE_03415,FIR/2025/842,2025-08-06 00:25:25,UPI_FRAUD,West Bengal,Synthetic_District_1,32.41406,74.137772,26607.1,17,0.95,0,2,0.976,2025-08-31 00:25:25
CASE_03416,FIR/2025/209,2025-09-07 15:44:25,OTHER,Delhi,Synthetic_District_27,29.313632,93.360275,49000.93,17,2.53,15,6,0.287,2025-10-06 15:44:25
CASE_03417,FIR/2024/751,2024-12-21 03:35:25,CARD_FRAUD,Maharashtra,Synthetic_District_16,26.320463,80.748657,97835.63,3,1.49,3,5,0.167,2024-12-25 03:35:25
CASE_03418,FIR/2026/376,2026-02-01 14:06:25,NET_BANKING_FRAUD,Gujarat,Synthetic_District_39,25.466376,95.998859,196454.8,9,1.31,14,6,0.835,2026-02-17 14:06:25
CASE_03419,FIR/2026/139,2026-04-09 22:13:25,PHISHING,Telangana,Synthetic_District_42,33.056622,81.850189,144759.95,14,0.76,22,3,0.528,2026-05-06 22:13:25
CASE_03420,FIR/2024/510,2024-10-14 07:18:25,CARD_FRAUD,Kerala,Synthetic_District_1,30.155233,77.629539,143281.56,15,1.54,7,0,0.971,2024-10-19 07:18:25
CASE_03421,FIR/2025/778,2025-01-27 12:24:25,IMPERSONATION,Telangana,Synthetic_District_28,17.945395,71.631237,97670.01,11,3.35,12,0,0.301,2025-02-05 12:24:25
CASE_03422,FIR/2025/278,2025-09-07 10:35:25,NET_BANKING_FRAUD,Uttar Pradesh,Synthetic_District_12,24.60406,69.590132,80978.22,15,0.89,10,6,0.983,2025-09-21 10:35:25
CASE_03423,FIR/2026/124,2026-01-26 12:02:25,UPI_FRAUD,Maharashtra,Synthetic_District_21,36.682642,75.533745,21729.39,8,2.63,12,0,0.438,2026-02-25 12:02:25
CASE_03424,FIR/2025/323,2025-05-26 10:11:25,IMPERSONATION,Tamil Nadu,Synthetic_District_40,11.9138,73.883772,107971.78,18,3.37,10,0,0.606,2025-06-08 10:11:25
CASE_03425,FIR/2025/533,2025-02-17 21:07:25,IMPERSONATION,West Bengal,Synthetic_District_48,20.216767,84.326898,176353.37,14,4.92,21,0,0.06,2025-03-01 21:07:25
CASE_03426,FIR/2025/153,2025-11-15 04:16:25,CARD_FRAUD,West Bengal,Synthetic_District_20,13.822364,86.902873,128643.59,3,3.56,4,5,0.832,2025-12-04 04:16:25
CASE_03427,FIR/2025/474,2025-03-13 05:54:25,NET_BANKING_FRAUD,Karnataka,Synthetic_District_42,19.564872,69.516325,47131.08,3,0.83,5,3,0.428,2025-04-10 05:54:25
CASE_03428,FIR/2025/918,2025-07-19 05:25:25,OTHER,Andhra Pradesh,Synthetic_District_5,16.25755,90.71246,8238.75,19,4.54,5,5,0.084,2025-07-21 05:25:25
CASE_03429,FIR/2026/781,2026-06-02 20:12:25,NET_BANKING_FRAUD,Uttar Pradesh,Synthetic_District_21,16.958263,95.340258,71767.97,8,0.29,20,1,0.096,2026-07-01 20:12:25
CASE_03430,FIR/2026/852,2026-03-15 01:39:25,NET_BANKING_FRAUD,Gujarat,Synthetic_District_47,16.645356,90.025994,26928.32,6,4.04,1,6,0.004,2026-04-05 01:39:25
CASE_03431,FIR/2025/781,2025-08-17 22:37:25,IMPERSONATION,West Bengal,Synthetic_District_37,22.686958,93.894624,26976.2,7,0.38,22,6,0.774,2025-08-24 22:37:25
CASE_03432,FIR/2025/892,2025-03-09 20:11:25,NET_BANKING_FRAUD,Andhra Pradesh,Synthetic_District_37,33.712256,69.329621,75329.76,15,0.39,20,6,0.532,2025-03-31 20:11:25
CASE_03433,FIR/2025/195,2025-11-16 19:40:25,UPI_FRAUD,Tamil Nadu,Synthetic_District_43,34.472837,68.026952,40706.85,5,1.85,19,6,0.95,2025-11-30 19:40:25
CASE_03434,FIR/2025/907,2025-07-02 21:54:25,NET_BANKING_FRAUD,Kerala,Synthetic_District_16,16.993233,84.683945,198795.64,10,3.84,21,2,0.414,2025-07-07 21:54:25
CASE_03435,FIR/2025/427,2025-12-15 14:28:25,CARD_FRAUD,Tamil Nadu,Synthetic_District_19,22.473535,82.219997,13113.58,9,0.49,14,0,0.996,2025-12-16 14:28:25
CASE_03436,FIR/2025/460,2025-03-09 09:08:25,IMPERSONATION,Tamil Nadu,Synthetic_District_46,32.316102,94.19334,115029.66,18,2.73,9,6,0.499,2025-03-21 09:08:25
CASE_03437,FIR/2026/424,2026-06-05 13:42:25,INVESTMENT_SCAM,Uttar Pradesh,Synthetic_District_48,13.431551,75.549553,518866.56,3,3.4,13,4,0.882,2026-06-11 13:42:25
CASE_03438,FIR/2026/881,2026-03-26 16:35:25,OTHER,Tamil Nadu,Synthetic_District_4,31.368882,70.870127,183466.39,9,3.67,16,3,0.02,2026-04-17 16:35:25
CASE_03439,FIR/2025/568,2025-06-09 12:53:25,INVESTMENT_SCAM,Kerala,Synthetic_District_19,26.657662,76.330722,961573.18,8,3.9,12,0,0.975,2025-06-28 12:53:25
CASE_03440,FIR/2026/538,2026-09-19 02:07:25,IMPERSONATION,Gujarat,Synthetic_District_45,26.663045,76.188712,91853.29,2,1.55,2,5,0.857,2026-10-05 02:07:25
CASE_03441,FIR/2026/502,2026-01-07 21:01:25,IMPERSONATION,Kerala,Synthetic_District_40,21.943971,90.825815,127655.07,17,1.13,21,2,0.774,2026-01-11 21:01:25
CASE_03442,FIR/2026/911,2026-04-28 17:11:25,NET_BANKING_FRAUD,Maharashtra,Synthetic_District_2,8.933556,84.596867,125935.99,18,1.53,17,1,0.984,2026-05-18 17:11:25
CASE_03443,FIR/2026/488,2026-03-03 22:22:25,INVESTMENT_SCAM,Kerala,Synthetic_District_9,11.511953,82.580126,285248.95,14,1.84,22,1,0.349,2026-03-23 22:22:25
CASE_03444,FIR/2026/391,2026-01-23 18:43:25,OTHER,West Bengal,Synthetic_District_38,10.071727,77.929233,153534.54,12,2.4,18,4,0.573,2026-01-26 18:43:25
CASE_03445,FIR/2025/794,2025-10-05 09:32:25,CARD_FRAUD,Telangana,Synthetic_District_25,18.158064,71.392315,46490.36,5,4.97,9,6,0.223,2025-10-12 09:32:25
CASE_03446,FIR/2025/808,2025-06-28 00:48:25,IMPERSONATION,Karnataka,Synthetic_District_33,30.393001,80.017715,173964.16,7,0.45,0,5,0.734,2025-07-17 00:48:25
CASE_03447,FIR/2025/560,2025-09-01 12:26:25,CARD_FRAUD,West Bengal,Synthetic_District_48,30.71913,94.575024,48491.35,11,3.13,12,0,0.742,2025-09-08 12:26:25
CASE_03448,FIR/2026/267,2026-09-07 16:38:25,UPI_FRAUD,Maharashtra,Synthetic_District_41,10.921875,70.069787,7886.74,13,1.61,16,0,0.152,2026-09-29 16:38:25
CASE_03449,FIR/2026/607,2026-03-06 19:05:25,CARD_FRAUD,West Bengal,Synthetic_District_33,24.9251,90.24923,53252.59,15,0.35,19,4,0.058,2026-04-03 19:05:25
CASE_03450,FIR/2024/760,2024-10-28 06:46:25,INVESTMENT_SCAM,Karnataka,Synthetic_District_41,19.663238,71.77422,402475.51,7,1.01,6,0,0.405,2024-11-27 06:46:25
CASE_03451,FIR/2025/307,2025-06-18 15:27:25,OTHER,Delhi,Synthetic_District_28,17.706596,72.434755,152833.79,16,3.07,15,2,0.053,2025-07-12 15:27:25
CASE_03452,FIR/2026/910,2026-02-13 18:15:25,INVESTMENT_SCAM,Tamil Nadu,Synthetic_District_29,25.523709,82.996279,640436.28,16,3.35,18,4,0.163,2026-03-06 18:15:25
CASE_03453,FIR/2025/954,2025-04-13 12:22:25,INVESTMENT_SCAM,Tamil Nadu,Synthetic_District_25,24.405659,71.156258,462925.2,17,1.57,12,6,0.277,2025-04-17 12:22:25
CASE_03454,FIR/2026/619,2026-08-26 11:19:25,IMPERSONATION,Telangana,Synthetic_District_29,36.219725,93.818561,45681.65,5,2.68,11,2,0.4,2026-08-31 11:19:25
CASE_03455,FIR/2026/460,2026-06-10 16:51:25,NET_BANKING_FRAUD,Maharashtra,Synthetic_District_21,25.495043,84.741396,160851.17,6,2.46,16,2,0.284,2026-07-08 16:51:25
CASE_03456,FIR/2026/439,2026-04-09 16:16:25,UPI_FRAUD,Tamil Nadu,Synthetic_District_13,35.874359,70.049633,18119.75,15,2.91,16,3,0.774,2026-04-12 16:16:25
CASE_03457,FIR/2026/437,2026-08-11 23:26:25,CARD_FRAUD,Andhra Pradesh,Synthetic_District_5,25.871562,80.267617,163639.22,4,4.31,23,1,0.379,2026-09-01 23:26:25
CASE_03458,FIR/2024/120,2024-11-19 20:52:25,OTHER,Karnataka,Synthetic_District_11,22.462652,80.300368,5058.43,20,3.88,20,1,0.357,2024-12-16 20:52:25
CASE_03459,FIR/2026/575,2026-03-18 14:43:25,OTHER,Karnataka,Synthetic_District_50,8.144961,71.498113,173797.95,5,4.72,14,2,0.227,2026-04-16 14:43:25
CASE_03460,FIR/2026/297,2026-07-28 18:40:25,IMPERSONATION,Maharashtra,Synthetic_District_40,28.305125,77.596266,157329.39,7,4.45,18,1,0.835,2026-08-10 18:40:25
CASE_03461,FIR/2026/748,2026-06-03 22:55:25,IMPERSONATION,Uttar Pradesh,Synthetic_District_44,12.86518,93.258801,111701.44,16,1.51,22,2,0.843,2026-06-16 22:55:25
CASE_03462,FIR/2025/587,2025-04-08 22:10:25,INVESTMENT_SCAM,Telangana,Synthetic_District_13,10.576593,89.658954,692508.0,12,0.9,22,1,0.26,2025-05-04 22:10:25
CASE_03463,FIR/2025/126,2025-04-29 10:16:25,PHISHING,Gujarat,Synthetic_District_21,20.935915,73.591641,171989.72,4,1.62,10,1,0.651,2025-05-08 10:16:25
CASE_03464,FIR/2026/217,2026-07-31 12:02:25,OTHER,Uttar Pradesh,Synthetic_District_46,24.370075,87.133027,156816.73,11,4.85,12,4,0.575,2026-08-25 12:02:25
CASE_03465,FIR/2026/307,2026-07-29 04:56:25,IMPERSONATION,West Bengal,Synthetic_District_18,8.183929,84.666282,53277.46,5,3.86,4,2,0.447,2026-08-20 04:56:25
CASE_03466,FIR/2024/781,2024-12-15 04:13:25,OTHER,Andhra Pradesh,Synthetic_District_34,17.610984,86.764647,184767.64,2,1.67,4,6,0.11,2025-01-02 04:13:25
CASE_03467,FIR/2025/909,2025-03-08 03:50:25,IMPERSONATION,Karnataka,Synthetic_District_13,10.599765,83.406343,181668.37,15,0.74,3,5,0.019,2025-03-20 03:50:25
CASE_03468,FIR/2026/482,2026-05-14 20:02:25,CARD_FRAUD,Andhra Pradesh,Synthetic_District_28,35.58667,70.23799,165905.64,14,4.05,20,3,0.728,2026-06-05 20:02:25
CASE_03469,FIR/2025/833,2025-10-19 16:50:25,IMPERSONATION,Kerala,Synthetic_District_16,15.891212,68.04263,67245.93,3,0.1,16,6,0.185,2025-11-09 16:50:25
CASE_03470,FIR/2025/572,2025-10-15 03:14:25,NET_BANKING_FRAUD,Telangana,Synthetic_District_27,32.480561,92.53378,139182.73,13,1.88,3,2,0.458,2025-10-22 03:14:25
CASE_03471,FIR/2025/408,2025-02-19 11:26:25,NET_BANKING_FRAUD,Maharashtra,Synthetic_District_49,9.701097,68.078729,96459.15,17,1.69,11,2,0.021,2025-03-16 11:26:25
CASE_03472,FIR/2025/404,2025-03-04 00:00:25,UPI_FRAUD,Andhra Pradesh,Synthetic_District_49,28.377001,71.401093,30636.69,16,3.22,0,1,0.864,2025-03-31 00:00:25
CASE_03473,FIR/2025/957,2025-01-08 05:38:25,CARD_FRAUD,Gujarat,Synthetic_District_15,32.254454,90.925084,44839.97,11,1.1,5,2,0.875,2025-01-18 05:38:25
CASE_03474,FIR/2025/826,2025-03-17 10:23:25,UPI_FRAUD,West Bengal,Synthetic_District_5,26.413412,92.132006,47551.87,5,2.94,10,0,0.062,2025-04-05 10:23:25
CASE_03475,FIR/2026/590,2026-07-26 04:52:25,CARD_FRAUD,Maharashtra,Synthetic_District_4,20.523091,71.530964,173663.48,20,0.37,4,6,0.433,2026-08-23 04:52:25
CASE_03476,FIR/2026/221,2026-01-12 18:06:25,INVESTMENT_SCAM,Maharashtra,Synthetic_District_30,27.050665,84.649481,105673.73,16,2.27,18,0,0.431,2026-01-19 18:06:25
CASE_03477,FIR/2025/133,2025-01-14 12:21:25,CARD_FRAUD,Uttar Pradesh,Synthetic_District_40,19.230031,69.412023,83069.3,15,1.43,12,1,0.42,2025-01-17 12:21:25
CASE_03478,FIR/2025/324,2025-02-28 21:23:25,OTHER,Karnataka,Synthetic_District_33,27.416413,82.212551,186101.45,17,1.62,21,4,0.469,2025-03-28 21:23:25
CASE_03479,FIR/2026/896,2026-04-29 10:17:25,INVESTMENT_SCAM,Tamil Nadu,Synthetic_District_30,18.098252,79.694769,195474.11,17,3.73,10,2,0.538,2026-05-13 10:17:25
CASE_03480,FIR/2025/812,2025-03-30 07:01:25,INVESTMENT_SCAM,Tamil Nadu,Synthetic_District_1,33.308556,95.406052,228026.25,19,3.59,7,6,0.065,2025-04-10 07:01:25
CASE_03481,FIR/2025/463,2025-06-20 08:37:25,CARD_FRAUD,Karnataka,Synthetic_District_8,31.559964,73.637577,118491.5,7,1.98,8,4,0.858,2025-07-14 08:37:25
CASE_03482,FIR/2026/556,2026-08-03 18:49:25,OTHER,West Bengal,Synthetic_District_5,16.033678,83.535345,66178.42,18,0.99,18,0,0.294,2026-08-30 18:49:25
CASE_03483,FIR/2025/914,2025-11-19 02:23:25,IMPERSONATION,Maharashtra,Synthetic_District_42,14.9593,70.312141,166141.49,11,0.37,2,2,0.279,2025-12-10 02:23:25
CASE_03484,FIR/2025/208,2025-03-20 14:36:25,OTHER,Telangana,Synthetic_District_37,19.841082,74.838485,44106.55,18,0.52,14,3,0.223,2025-04-18 14:36:25
CASE_03485,FIR/2026/844,2026-07-31 11:49:25,CARD_FRAUD,Maharashtra,Synthetic_District_46,14.997958,91.407322,22135.41,1,0.23,11,4,0.903,2026-08-20 11:49:25
CASE_03486,FIR/2024/712,2024-11-18 02:12:25,IMPERSONATION,Kerala,Synthetic_District_4,30.329634,87.788263,61749.9,18,0.42,2,0,0.098,2024-12-13 02:12:25
CASE_03487,FIR/2025/678,2025-05-16 12:01:25,PHISHING,Maharashtra,Synthetic_District_46,26.153235,70.106692,99408.25,6,2.23,12,4,0.842,2025-06-05 12:01:25
CASE_03488,FIR/2024/536,2024-11-23 17:24:25,INVESTMENT_SCAM,Karnataka,Synthetic_District_41,20.259637,94.743031,851695.74,3,4.47,17,5,0.833,2024-12-03 17:24:25
CASE_03489,FIR/2024/839,2024-12-21 06:42:25,IMPERSONATION,Andhra Pradesh,Synthetic_District_7,10.981968,90.017963,85901.55,5,4.19,6,5,0.278,2024-12-22 06:42:25
CASE_03490,FIR/2025/450,2025-11-23 07:48:25,INVESTMENT_SCAM,West Bengal,Synthetic_District_48,36.381077,84.076765,970617.45,9,4.99,7,6,0.012,2025-12-13 07:48:25
CASE_03491,FIR/2026/819,2026-07-25 08:16:25,IMPERSONATION,Telangana,Synthetic_District_45,22.040715,76.261276,137148.85,1,0.26,8,5,0.059,2026-07-28 08:16:25
CASE_03492,FIR/2025/523,2025-10-08 19:32:25,OTHER,Maharashtra,Synthetic_District_29,18.078924,84.193194,104465.11,14,0.97,19,2,0.152,2025-10-18 19:32:25
CASE_03493,FIR/2026/760,2026-06-17 02:25:25,NET_BANKING_FRAUD,Maharashtra,Synthetic_District_40,15.843941,95.992698,84449.64,12,4.33,2,2,0.932,2026-06-23 02:25:25
CASE_03494,FIR/2025/110,2025-10-05 19:23:25,INVESTMENT_SCAM,Delhi,Synthetic_District_26,14.739757,75.608367,86003.8,20,4.19,19,6,0.983,2025-10-20 19:23:25
CASE_03495,FIR/2026/435,2026-02-09 15:33:25,NET_BANKING_FRAUD,Uttar Pradesh,Synthetic_District_20,32.659684,72.797315,11918.15,17,0.94,15,0,0.617,2026-03-05 15:33:25
CASE_03496,FIR/2025/384,2025-10-04 16:08:25,CARD_FRAUD,Kerala,Synthetic_District_35,30.847355,70.650697,40502.86,17,3.2,16,5,0.117,2025-10-15 16:08:25
CASE_03497,FIR/2026/897,2026-07-25 03:15:25,NET_BANKING_FRAUD,Maharashtra,Synthetic_District_44,36.002982,93.232755,120802.06,4,1.13,3,5,0.546,2026-08-23 03:15:25
CASE_03498,FIR/2025/309,2025-10-06 04:36:25,PHISHING,Gujarat,Synthetic_District_24,8.403816,89.984738,32261.74,20,2.53,4,0,0.117,2025-10-17 04:36:25
CASE_03499,FIR/2025/325,2025-03-19 02:54:25,IMPERSONATION,Delhi,Synthetic_District_18,14.807097,88.261405,196148.9,4,3.72,2,2,0.569,2025-04-14 02:54:25
CASE_03500,FIR/2026/547,2026-02-06 11:41:25,NET_BANKING_FRAUD,Delhi,Synthetic_District_36,8.18814,73.721068,65853.31,8,1.93,11,4,0.012,2026-03-01 11:41:25
CASE_03501,FIR/2025/635,2025-06-22 15:05:25,OTHER,Karnataka,Synthetic_District_20,30.675843,72.95004,65888.01,10,0.3,15,6,0.858,2025-07-10 15:05:25
CASE_03502,FIR/2025/455,2025-03-12 09:09:25,PHISHING,West Bengal,Synthetic_District_29,29.706438,84.719664,73697.52,15,0.21,9,2,0.428,2025-04-06 09:09:25
CASE_03503,FIR/2025/574,2025-03-10 13:25:25,CARD_FRAUD,Tamil Nadu,Synthetic_District_25,8.564614,69.754135,173917.82,12,2.74,13,0,0.826,2025-03-15 13:25:25
CASE_03504,FIR/2025/780,2025-12-01 21:33:25,PHISHING,Maharashtra,Synthetic_District_27,36.814892,78.824992,187478.93,1,0.41,21,0,0.37,2025-12-29 21:33:25
CASE_03505,FIR/2025/894,2025-02-15 13:13:25,IMPERSONATION,Tamil Nadu,Synthetic_District_20,30.242348,92.053507,5866.61,10,4.69,13,5,0.444,2025-03-17 13:13:25
CASE_03506,FIR/2025/813,2025-09-10 05:39:25,IMPERSONATION,Andhra Pradesh,Synthetic_District_14,29.347202,70.602738,109419.2,15,4.94,5,2,0.588,2025-09-26 05:39:25
CASE_03507,FIR/2024/969,2024-10-08 08:46:25,OTHER,Telangana,Synthetic_District_16,22.670447,83.649107,161948.99,19,2.8,8,1,0.996,2024-11-03 08:46:25
CASE_03508,FIR/2025/328,2025-03-29 14:54:25,IMPERSONATION,Uttar Pradesh,Synthetic_District_25,31.230508,77.572754,156781.42,12,4.24,14,5,0.759,2025-04-14 14:54:25
CASE_03509,FIR/2025/262,2025-11-02 01:36:25,CARD_FRAUD,Telangana,Synthetic_District_25,12.485927,72.901935,67102.87,1,2.75,1,6,0.877,2025-11-09 01:36:25
CASE_03510,FIR/2025/919,2025-07-14 06:38:25,CARD_FRAUD,Delhi,Synthetic_District_38,24.407543,89.280135,135644.84,4,1.13,6,0,0.057,2025-07-17 06:38:25
CASE_03511,FIR/2026/846,2026-04-25 14:41:25,NET_BANKING_FRAUD,Andhra Pradesh,Synthetic_District_37,25.18602,86.91356,9828.56,20,3.03,14,5,0.34,2026-04-27 14:41:25
CASE_03512,FIR/2025/837,2025-10-28 14:39:25,INVESTMENT_SCAM,Delhi,Synthetic_District_40,12.085796,79.052881,239696.98,19,2.63,14,1,0.731,2025-10-29 14:39:25
CASE_03513,FIR/2025/817,2025-08-09 14:56:25,NET_BANKING_FRAUD,Gujarat,Synthetic_District_7,29.755804,75.118526,101862.72,7,3.21,14,5,0.36,2025-08-29 14:56:25
CASE_03514,FIR/2025/280,2025-09-06 13:26:25,OTHER,Telangana,Synthetic_District_41,9.002298,84.856845,83618.39,20,1.57,13,5,0.14,2025-09-17 13:26:25
CASE_03515,FIR/2025/791,2025-03-21 10:18:25,INVESTMENT_SCAM,Karnataka,Synthetic_District_44,36.020072,83.904402,633729.51,17,3.82,10,4,0.519,2025-04-03 10:18:25
CASE_03516,FIR/2024/103,2024-10-31 08:49:25,UPI_FRAUD,Gujarat,Synthetic_District_7,16.187975,89.59201,44231.35,7,3.55,8,3,0.026,2024-11-25 08:49:25
CASE_03517,FIR/2025/671,2025-11-27 08:46:25,INVESTMENT_SCAM,West Bengal,Synthetic_District_19,15.571059,90.326313,667645.99,7,4.03,8,3,0.488,2025-12-22 08:46:25
CASE_03518,FIR/2025/831,2025-01-22 22:56:25,NET_BANKING_FRAUD,Gujarat,Synthetic_District_32,32.756669,74.160003,171917.75,18,3.93,22,2,0.224,2025-01-25 22:56:25
CASE_03519,FIR/2026/411,2026-05-23 19:28:25,INVESTMENT_SCAM,Tamil Nadu,Synthetic_District_33,33.865314,88.254427,102080.57,2,3.88,19,5,0.983,2026-06-11 19:28:25
CASE_03520,FIR/2026/905,2026-02-11 03:34:25,NET_BANKING_FRAUD,Kerala,Synthetic_District_12,11.400101,71.524349,103010.13,2,0.42,3,2,0.526,2026-03-07 03:34:25
CASE_03521,FIR/2026/830,2026-01-26 01:14:25,PHISHING,Tamil Nadu,Synthetic_District_7,11.568236,95.971193,120078.91,12,3.13,1,0,0.441,2026-02-08 01:14:25
CASE_03522,FIR/2024/209,2024-10-06 22:48:25,PHISHING,Delhi,Synthetic_District_5,22.190317,71.286473,137521.65,1,1.61,22,6,0.703,2024-11-03 22:48:25
CASE_03523,FIR/2025/664,2025-02-20 08:39:25,CARD_FRAUD,Maharashtra,Synthetic_District_6,23.458809,85.719965,105650.68,6,0.22,8,3,0.219,2025-03-20 08:39:25
CASE_03524,FIR/2025/564,2025-06-23 20:09:25,CARD_FRAUD,Delhi,Synthetic_District_26,10.593494,93.757589,26927.36,4,0.15,20,0,0.344,2025-06-27 20:09:25
CASE_03525,FIR/2024/716,2024-11-11 17:42:25,OTHER,Delhi,Synthetic_District_49,17.391768,74.539572,14819.38,6,0.86,17,0,0.543,2024-11-12 17:42:25
CASE_03526,FIR/2024/280,2024-12-14 23:27:25,NET_BANKING_FRAUD,Karnataka,Synthetic_District_37,26.92754,84.240733,191042.98,3,4.18,23,5,0.312,2024-12-17 23:27:25
CASE_03527,FIR/2025/821,2025-07-10 05:24:25,NET_BANKING_FRAUD,Tamil Nadu,Synthetic_District_26,9.039787,81.497308,17390.68,5,4.48,5,3,0.157,2025-07-31 05:24:25
CASE_03528,FIR/2025/664,2025-07-16 03:48:25,IMPERSONATION,Karnataka,Synthetic_District_28,29.338812,93.985344,142887.76,12,1.22,3,2,0.961,2025-07-28 03:48:25
CASE_03529,FIR/2024/235,2024-10-26 20:10:25,IMPERSONATION,Telangana,Synthetic_District_5,9.034353,92.449406,38311.22,19,1.43,20,5,0.938,2024-11-11 20:10:25
CASE_03530,FIR/2025/929,2025-06-06 18:41:25,CARD_FRAUD,Telangana,Synthetic_District_7,14.001266,87.068268,133442.94,1,3.0,18,4,0.443,2025-06-08 18:41:25
CASE_03531,FIR/2026/195,2026-05-22 21:03:25,UPI_FRAUD,Tamil Nadu,Synthetic_District_22,24.444832,87.727967,23940.17,14,1.75,21,4,0.237,2026-05-24 21:03:25
CASE_03532,FIR/2025/470,2025-05-15 04:59:25,IMPERSONATION,Gujarat,Synthetic_District_18,13.817767,85.545345,196079.89,19,1.67,4,3,0.504,2025-06-07 04:59:25
CASE_03533,FIR/2024/501,2024-10-10 17:35:25,INVESTMENT_SCAM,Delhi,Synthetic_District_44,18.938622,78.456813,333522.19,3,3.6,17,3,0.431,2024-10-18 17:35:25
CASE_03534,FIR/2026/950,2026-07-24 20:02:25,NET_BANKING_FRAUD,Karnataka,Synthetic_District_15,24.748815,90.287605,73181.87,12,4.35,20,4,0.361,2026-08-16 20:02:25
CASE_03535,FIR/2026/860,2026-08-22 16:30:25,CARD_FRAUD,Kerala,Synthetic_District_42,12.678761,70.832735,78313.51,4,3.84,16,5,0.915,2026-08-23 16:30:25
CASE_03536,FIR/2025/456,2025-02-19 22:55:25,UPI_FRAUD,Maharashtra,Synthetic_District_39,23.146752,95.008225,4836.62,1,2.09,22,2,0.016,2025-03-11 22:55:25
CASE_03537,FIR/2025/451,2025-01-22 08:34:25,CARD_FRAUD,Maharashtra,Synthetic_District_48,24.77271,72.683978,7436.41,15,2.42,8,2,0.354,2025-01-23 08:34:25
CASE_03538,FIR/2025/777,2025-07-14 04:51:25,NET_BANKING_FRAUD,Delhi,Synthetic_District_44,26.483827,82.940872,129853.1,10,4.96,4,0,0.733,2025-08-05 04:51:25
CASE_03539,FIR/2025/991,2025-12-15 04:12:25,INVESTMENT_SCAM,West Bengal,Synthetic_District_49,26.530549,90.752934,885772.8,6,0.15,4,0,0.888,2025-12-24 04:12:25
CASE_03540,FIR/2026/492,2026-04-22 07:50:25,UPI_FRAUD,Telangana,Synthetic_District_15,16.244855,78.921246,41437.4,10,0.53,7,2,0.291,2026-04-27 07:50:25
CASE_03541,FIR/2026/696,2026-09-27 16:15:25,UPI_FRAUD,Gujarat,Synthetic_District_19,17.776357,69.868369,34342.78,10,1.88,16,6,0.368,2026-09-28 16:15:25
CASE_03542,FIR/2026/118,2026-04-25 17:48:25,PHISHING,Andhra Pradesh,Synthetic_District_47,24.89935,76.845294,125997.76,7,4.87,17,5,0.425,2026-05-25 17:48:25
CASE_03543,FIR/2025/707,2025-06-16 21:36:25,NET_BANKING_FRAUD,Kerala,Synthetic_District_14,19.972108,70.692245,137897.57,20,0.22,21,0,0.521,2025-06-22 21:36:25
CASE_03544,FIR/2025/370,2025-06-24 02:48:25,IMPERSONATION,Andhra Pradesh,Synthetic_District_43,16.616698,69.194942,104781.83,7,2.15,2,1,0.44,2025-06-28 02:48:25
CASE_03545,FIR/2026/277,2026-02-14 18:35:25,NET_BANKING_FRAUD,Telangana,Synthetic_District_11,17.733157,94.333923,3538.07,7,3.34,18,5,0.08,2026-02-23 18:35:25
CASE_03546,FIR/2025/659,2025-01-03 07:11:25,PHISHING,Karnataka,Synthetic_District_37,18.046413,94.857049,198797.08,16,1.91,7,4,0.679,2025-01-07 07:11:25
CASE_03547,FIR/2025/889,2025-11-01 00:13:25,INVESTMENT_SCAM,West Bengal,Synthetic_District_18,24.079556,84.057576,84363.55,15,1.02,0,5,0.204,2025-11-26 00:13:25
CASE_03548,FIR/2026/205,2026-06-17 16:10:25,INVESTMENT_SCAM,Karnataka,Synthetic_District_49,34.597529,90.134151,649055.2,18,0.9,16,2,0.585,2026-07-08 16:10:25
CASE_03549,FIR/2026/162,2026-08-07 04:12:25,UPI_FRAUD,Andhra Pradesh,Synthetic_District_19,19.207445,88.904727,6917.24,16,1.94,4,4,0.464,2026-09-03 04:12:25
CASE_03550,FIR/2025/668,2025-09-29 04:55:25,CARD_FRAUD,Kerala,Synthetic_District_23,9.681094,87.734506,179893.25,10,1.31,4,0,0.984,2025-10-18 04:55:25
CASE_03551,FIR/2026/115,2026-05-17 10:54:25,CARD_FRAUD,Uttar Pradesh,Synthetic_District_38,33.640173,82.924603,94232.91,4,0.14,10,6,0.521,2026-06-07 10:54:25
CASE_03552,FIR/2025/978,2025-09-06 20:01:25,PHISHING,Delhi,Synthetic_District_21,27.820865,72.087702,106213.82,8,1.01,20,5,0.925,2025-10-04 20:01:25
CASE_03553,FIR/2026/649,2026-04-07 06:06:25,OTHER,Maharashtra,Synthetic_District_37,30.958013,83.343801,113319.41,12,1.01,6,1,0.856,2026-05-03 06:06:25
CASE_03554,FIR/2026/115,2026-06-10 18:39:25,OTHER,Andhra Pradesh,Synthetic_District_32,14.3601,68.434126,68433.6,18,1.2,18,2,0.053,2026-06-28 18:39:25
CASE_03555,FIR/2026/752,2026-03-23 01:46:25,UPI_FRAUD,Gujarat,Synthetic_District_30,30.960683,85.181651,36907.34,3,2.95,1,0,0.647,2026-04-16 01:46:25
CASE_03556,FIR/2024/203,2024-10-17 02:45:25,OTHER,Uttar Pradesh,Synthetic_District_30,9.01511,78.26587,98431.83,16,1.54,2,3,0.911,2024-10-27 02:45:25
CASE_03557,FIR/2025/705,2025-09-21 15:02:25,UPI_FRAUD,Maharashtra,Synthetic_District_20,15.169777,81.183339,42498.14,14,2.41,15,6,0.552,2025-10-01 15:02:25
CASE_03558,FIR/2025/425,2025-06-07 20:34:25,IMPERSONATION,Telangana,Synthetic_District_27,22.364831,85.640217,185224.54,20,4.58,20,5,0.625,2025-06-26 20:34:25
CASE_03559,FIR/2025/833,2025-10-20 22:32:25,NET_BANKING_FRAUD,Gujarat,Synthetic_District_14,12.854575,75.669663,46089.55,8,2.5,22,0,0.043,2025-11-11 22:32:25
CASE_03560,FIR/2026/141,2026-07-11 11:50:25,INVESTMENT_SCAM,Telangana,Synthetic_District_27,19.759491,77.313196,683437.51,4,4.63,11,5,0.266,2026-08-02 11:50:25
CASE_03561,FIR/2025/506,2025-05-27 01:57:25,UPI_FRAUD,West Bengal,Synthetic_District_42,32.821816,72.359081,44649.87,19,3.92,1,1,0.444,2025-06-22 01:57:25
CASE_03562,FIR/2026/541,2026-09-11 09:50:25,IMPERSONATION,Karnataka,Synthetic_District_23,31.500143,86.190751,126979.96,19,0.61,9,4,0.792,2026-09-17 09:50:25
CASE_03563,FIR/2026/867,2026-08-28 00:56:25,OTHER,Tamil Nadu,Synthetic_District_29,15.260226,87.185941,48310.93,15,1.32,0,4,0.045,2026-09-04 00:56:25
CASE_03564,FIR/2024/292,2024-12-16 09:01:25,PHISHING,Telangana,Synthetic_District_44,21.964846,71.460273,58161.31,14,3.77,9,0,0.143,2024-12-20 09:01:25
CASE_03565,FIR/2024/274,2024-12-04 20:32:25,CARD_FRAUD,Karnataka,Synthetic_District_29,13.944209,81.376635,92792.0,16,4.44,20,2,0.75,2024-12-28 20:32:25
CASE_03566,FIR/2025/431,2025-09-17 01:52:25,CARD_FRAUD,Telangana,Synthetic_District_27,33.253822,81.109867,165138.5,7,0.41,1,2,0.098,2025-09-30 01:52:25
CASE_03567,FIR/2026/512,2026-03-08 10:05:25,INVESTMENT_SCAM,Tamil Nadu,Synthetic_District_31,26.475553,68.546181,217317.26,18,4.35,10,6,0.523,2026-03-28 10:05:25
CASE_03568,FIR/2025/405,2025-07-01 00:20:25,PHISHING,West Bengal,Synthetic_District_43,18.611342,82.705972,10024.13,4,2.08,0,1,0.902,2025-07-02 00:20:25
CASE_03569,FIR/2026/370,2026-03-15 08:48:25,IMPERSONATION,Maharashtra,Synthetic_District_33,27.829835,69.094669,158648.43,5,1.48,8,6,0.948,2026-04-10 08:48:25
CASE_03570,FIR/2025/167,2025-04-07 10:18:25,OTHER,Gujarat,Synthetic_District_14,15.606782,78.948464,34924.12,18,2.34,10,0,0.764,2025-04-21 10:18:25
CASE_03571,FIR/2025/195,2025-04-23 19:01:25,INVESTMENT_SCAM,West Bengal,Synthetic_District_6,13.509571,94.416067,235389.41,5,2.99,19,2,0.201,2025-05-17 19:01:25
CASE_03572,FIR/2024/103,2024-10-07 02:06:25,UPI_FRAUD,West Bengal,Synthetic_District_48,14.665849,84.462896,32531.7,3,2.07,2,0,0.49,2024-10-16 02:06:25
CASE_03573,FIR/2026/807,2026-05-16 22:31:25,NET_BANKING_FRAUD,Andhra Pradesh,Synthetic_District_36,31.486817,73.900481,40320.1,8,4.64,22,5,0.475,2026-05-21 22:31:25
CASE_03574,FIR/2026/899,2026-09-14 22:25:25,NET_BANKING_FRAUD,West Bengal,Synthetic_District_7,24.189707,78.549582,162156.37,7,3.33,22,0,0.185,2026-10-07 22:25:25
CASE_03575,FIR/2026/190,2026-02-27 10:00:25,UPI_FRAUD,Tamil Nadu,Synthetic_District_26,22.113787,79.834582,46632.94,8,1.3,10,4,0.311,2026-03-29 10:00:25
CASE_03576,FIR/2026/623,2026-01-27 09:14:25,NET_BANKING_FRAUD,Gujarat,Synthetic_District_20,25.337588,68.416766,3654.53,6,2.13,9,1,0.691,2026-02-05 09:14:25
CASE_03577,FIR/2026/131,2026-03-27 08:49:25,UPI_FRAUD,Tamil Nadu,Synthetic_District_38,10.554209,81.942391,16991.32,3,0.95,8,4,0.511,2026-04-04 08:49:25
CASE_03578,FIR/2025/653,2025-12-28 12:25:25,PHISHING,Telangana,Synthetic_District_41,24.452413,95.311265,120745.73,2,3.91,12,6,0.893,2026-01-23 12:25:25
CASE_03579,FIR/2025/535,2025-04-06 07:26:25,INVESTMENT_SCAM,Uttar Pradesh,Synthetic_District_23,15.2479,77.184351,141585.54,14,2.99,7,6,0.729,2025-04-14 07:26:25
CASE_03580,FIR/2025/933,2025-03-26 18:13:25,PHISHING,West Bengal,Synthetic_District_27,10.874855,87.694425,126835.52,11,2.22,18,2,0.889,2025-04-22 18:13:25
CASE_03581,FIR/2025/610,2025-03-11 23:48:25,OTHER,West Bengal,Synthetic_District_2,9.871018,84.704105,139308.95,13,2.51,23,1,0.995,2025-03-20 23:48:25
CASE_03582,FIR/2026/100,2026-09-19 19:39:25,PHISHING,Kerala,Synthetic_District_19,20.688174,96.764717,112710.59,6,0.28,19,5,0.562,2026-10-14 19:39:25
CASE_03583,FIR/2025/615,2025-12-02 21:03:25,INVESTMENT_SCAM,Telangana,Synthetic_District_26,13.388765,91.672079,474113.27,18,3.27,21,1,0.556,2025-12-25 21:03:25
CASE_03584,FIR/2024/233,2024-12-10 08:44:25,PHISHING,Gujarat,Synthetic_District_30,36.096995,68.734682,160793.88,14,4.87,8,1,0.188,2025-01-08 08:44:25
CASE_03585,FIR/2026/345,2026-07-27 14:06:25,IMPERSONATION,Andhra Pradesh,Synthetic_District_36,24.50132,84.881756,14187.21,14,1.86,14,0,0.475,2026-07-30 14:06:25
CASE_03586,FIR/2026/324,2026-09-14 06:22:25,INVESTMENT_SCAM,Andhra Pradesh,Synthetic_District_26,35.013193,75.066818,288457.42,8,2.43,6,0,0.834,2026-09-26 06:22:25
CASE_03587,FIR/2025/462,2025-11-29 19:42:25,OTHER,Tamil Nadu,Synthetic_District_22,21.973715,81.968137,101933.08,16,4.46,19,5,0.362,2025-12-04 19:42:25
CASE_03588,FIR/2026/523,2026-09-04 12:02:25,CARD_FRAUD,Maharashtra,Synthetic_District_35,36.215813,94.935839,101515.19,17,4.57,12,4,0.192,2026-09-14 12:02:25
CASE_03589,FIR/2025/294,2025-08-15 10:41:25,INVESTMENT_SCAM,Uttar Pradesh,Synthetic_District_25,9.088416,71.785283,908773.46,9,1.69,10,4,0.182,2025-09-11 10:41:25
CASE_03590,FIR/2025/590,2025-11-03 08:25:25,UPI_FRAUD,West Bengal,Synthetic_District_12,25.917616,90.895,7854.75,19,2.82,8,0,0.913,2025-12-03 08:25:25
CASE_03591,FIR/2025/548,2025-11-10 20:31:25,UPI_FRAUD,Andhra Pradesh,Synthetic_District_14,30.157641,85.0839,48130.46,1,1.19,20,0,0.792,2025-12-07 20:31:25
CASE_03592,FIR/2024/740,2024-10-31 01:58:25,NET_BANKING_FRAUD,Delhi,Synthetic_District_28,25.717431,91.837606,51836.8,1,2.61,1,3,0.375,2024-11-11 01:58:25
CASE_03593,FIR/2025/204,2025-01-30 17:18:25,NET_BANKING_FRAUD,Uttar Pradesh,Synthetic_District_38,21.41302,96.438746,155563.07,16,4.26,17,3,0.746,2025-02-06 17:18:25
CASE_03594,FIR/2026/737,2026-06-30 23:28:25,UPI_FRAUD,Kerala,Synthetic_District_3,12.827572,81.657507,11822.06,12,2.98,23,1,0.182,2026-07-29 23:28:25
CASE_03595,FIR/2024/473,2024-11-11 19:41:25,NET_BANKING_FRAUD,Telangana,Synthetic_District_21,21.768572,83.121389,75322.56,7,3.21,19,0,0.555,2024-11-12 19:41:25
CASE_03596,FIR/2026/103,2026-09-01 14:16:25,IMPERSONATION,Telangana,Synthetic_District_26,9.720243,93.785924,149894.81,11,2.45,14,1,0.523,2026-09-22 14:16:25
CASE_03597,FIR/2025/897,2025-07-16 19:48:25,INVESTMENT_SCAM,Karnataka,Synthetic_District_48,20.516113,79.006317,434490.31,4,2.1,19,2,0.974,2025-08-07 19:48:25
CASE_03598,FIR/2024/551,2024-12-07 14:06:25,PHISHING,Andhra Pradesh,Synthetic_District_26,8.604558,88.094486,196701.46,10,1.53,14,5,0.375,2024-12-27 14:06:25
CASE_03599,FIR/2026/400,2026-01-17 15:22:25,UPI_FRAUD,Tamil Nadu,Synthetic_District_15,30.015269,93.986507,25562.24,13,4.35,15,5,0.975,2026-01-28 15:22:25
CASE_03600,FIR/2026/502,2026-01-12 03:39:25,OTHER,Karnataka,Synthetic_District_25,24.141237,75.781333,73025.85,6,2.15,3,0,0.373,2026-01-20 03:39:25
CASE_03601,FIR/2026/722,2026-03-21 09:55:25,OTHER,Uttar Pradesh,Synthetic_District_28,25.063182,78.937833,126299.81,2,2.78,9,5,0.781,2026-04-20 09:55:25
CASE_03602,FIR/2026/629,2026-08-31 20:17:25,NET_BANKING_FRAUD,West Bengal,Synthetic_District_3,16.364982,76.384657,151801.89,1,1.05,20,0,0.981,2026-09-10 20:17:25
CASE_03603,FIR/2026/921,2026-03-23 07:01:25,CARD_FRAUD,Andhra Pradesh,Synthetic_District_8,34.326904,93.51522,21954.32,15,3.1,7,0,0.866,2026-03-29 07:01:25
CASE_03604,FIR/2026/122,2026-08-01 16:42:25,INVESTMENT_SCAM,Uttar Pradesh,Synthetic_District_42,27.947543,76.534881,247873.54,3,3.46,16,5,0.085,2026-08-08 16:42:25
CASE_03605,FIR/2025/721,2025-07-08 15:05:25,CARD_FRAUD,Uttar Pradesh,Synthetic_District_39,8.886093,69.186685,166448.43,6,1.78,15,1,0.387,2025-08-05 15:05:25
CASE_03606,FIR/2026/756,2026-04-23 07:53:25,PHISHING,Tamil Nadu,Synthetic_District_27,18.105283,93.042033,12422.83,7,2.27,7,3,0.074,2026-05-15 07:53:25
CASE_03607,FIR/2025/341,2025-10-13 20:35:25,UPI_FRAUD,Andhra Pradesh,Synthetic_District_32,21.20752,95.67744,14312.43,16,3.07,20,0,0.805,2025-11-04 20:35:25
CASE_03608,FIR/2026/235,2026-09-09 12:57:25,IMPERSONATION,Kerala,Synthetic_District_39,19.107883,74.325529,26595.36,3,2.99,12,2,0.472,2026-09-20 12:57:25
CASE_03609,FIR/2026/957,2026-01-05 10:52:25,OTHER,Uttar Pradesh,Synthetic_District_20,17.700003,87.430464,27304.0,6,2.74,10,0,0.625,2026-01-28 10:52:25
CASE_03610,FIR/2025/641,2025-07-11 01:58:25,INVESTMENT_SCAM,Delhi,Synthetic_District_25,32.373196,80.959284,929476.97,19,1.47,1,4,0.121,2025-08-02 01:58:25
CASE_03611,FIR/2025/633,2025-11-01 05:16:25,CARD_FRAUD,Andhra Pradesh,Synthetic_District_33,25.525716,84.910589,153539.95,20,4.37,5,5,0.519,2025-11-17 05:16:25
CASE_03612,FIR/2026/404,2026-03-14 05:59:25,INVESTMENT_SCAM,Maharashtra,Synthetic_District_35,28.088343,77.383011,917266.3,2,3.75,5,5,0.899,2026-03-24 05:59:25
CASE_03613,FIR/2026/366,2026-06-15 18:28:25,CARD_FRAUD,Gujarat,Synthetic_District_18,13.401472,69.545589,158200.77,5,1.88,18,0,0.273,2026-07-09 18:28:25
CASE_03614,FIR/2025/716,2025-03-03 08:20:25,NET_BANKING_FRAUD,Telangana,Synthetic_District_17,21.34194,86.827659,13685.01,18,2.43,8,0,0.905,2025-03-18 08:20:25
CASE_03615,FIR/2025/226,2025-08-20 19:40:25,INVESTMENT_SCAM,Kerala,Synthetic_District_25,31.13756,74.937778,283403.7,18,0.92,19,2,0.559,2025-09-18 19:40:25
CASE_03616,FIR/2024/712,2024-10-31 00:05:25,NET_BANKING_FRAUD,Uttar Pradesh,Synthetic_District_45,11.339338,94.217715,105115.69,18,3.3,0,3,0.372,2024-11-16 00:05:25
CASE_03617,FIR/2026/130,2026-02-03 06:45:25,IMPERSONATION,Maharashtra,Synthetic_District_13,24.695861,87.498062,94468.69,7,4.21,6,1,0.601,2026-02-09 06:45:25
CASE_03618,FIR/2025/589,2025-08-26 05:13:25,OTHER,Kerala,Synthetic_District_50,27.618605,79.437995,122779.59,8,0.55,5,1,0.982,2025-09-20 05:13:25
CASE_03619,FIR/2026/516,2026-02-04 19:18:25,NET_BANKING_FRAUD,Gujarat,Synthetic_District_48,30.191818,83.298076,37077.93,3,2.08,19,2,0.232,2026-02-12 19:18:25
CASE_03620,FIR/2026/347,2026-04-28 04:58:25,OTHER,Karnataka,Synthetic_District_13,12.129994,91.181801,107293.92,5,1.58,4,1,0.819,2026-05-15 04:58:25
CASE_03621,FIR/2025/506,2025-12-05 01:46:25,INVESTMENT_SCAM,Telangana,Synthetic_District_18,24.44363,81.122742,290221.42,11,1.2,1,4,0.297,2025-12-31 01:46:25
CASE_03622,FIR/2025/205,2025-06-11 01:21:25,IMPERSONATION,Delhi,Synthetic_District_7,26.92992,79.028428,67960.44,2,4.53,1,2,0.652,2025-07-09 01:21:25
CASE_03623,FIR/2024/355,2024-12-17 14:56:25,OTHER,Kerala,Synthetic_District_33,12.742082,68.265402,106676.41,1,3.97,14,1,0.589,2025-01-13 14:56:25
CASE_03624,FIR/2024/126,2024-10-19 04:00:25,OTHER,Kerala,Synthetic_District_41,18.291952,83.214457,77678.91,20,2.15,4,5,0.039,2024-11-18 04:00:25
CASE_03625,FIR/2024/904,2024-12-20 11:55:25,PHISHING,Telangana,Synthetic_District_9,31.378259,68.422845,38440.6,9,4.47,11,4,0.123,2024-12-31 11:55:25
CASE_03626,FIR/2026/811,2026-07-14 07:05:25,INVESTMENT_SCAM,Delhi,Synthetic_District_30,20.271491,80.100035,705035.46,3,3.29,7,1,0.175,2026-07-29 07:05:25
CASE_03627,FIR/2026/331,2026-05-07 16:39:25,PHISHING,Tamil Nadu,Synthetic_District_22,20.640795,92.401525,161061.23,10,4.53,16,3,0.02,2026-05-25 16:39:25
CASE_03628,FIR/2025/487,2025-07-01 01:35:25,CARD_FRAUD,Maharashtra,Synthetic_District_27,33.195418,88.80135,90101.74,6,4.43,1,1,0.841,2025-07-31 01:35:25
CASE_03629,FIR/2025/114,2025-10-06 18:31:25,NET_BANKING_FRAUD,Tamil Nadu,Synthetic_District_5,23.50441,69.826884,56987.05,16,4.45,18,0,0.668,2025-10-27 18:31:25
CASE_03630,FIR/2025/749,2025-11-21 04:37:25,PHISHING,Andhra Pradesh,Synthetic_District_24,28.333064,94.027245,43178.13,10,2.2,4,4,0.064,2025-12-18 04:37:25
CASE_03631,FIR/2026/387,2026-08-04 17:59:25,OTHER,Andhra Pradesh,Synthetic_District_30,27.587108,80.632204,152102.58,10,3.41,17,1,0.076,2026-08-24 17:59:25
CASE_03632,FIR/2026/716,2026-03-09 11:56:25,IMPERSONATION,Maharashtra,Synthetic_District_20,27.709784,91.993286,197147.57,7,1.76,11,0,0.815,2026-03-18 11:56:25
CASE_03633,FIR/2025/540,2025-04-02 03:25:25,IMPERSONATION,Delhi,Synthetic_District_35,27.382188,80.262252,192836.16,1,2.53,3,2,0.99,2025-04-05 03:25:25
CASE_03634,FIR/2025/441,2025-06-11 09:03:25,IMPERSONATION,Maharashtra,Synthetic_District_16,29.430194,75.462138,91469.42,2,2.37,9,2,0.273,2025-06-14 09:03:25
CASE_03635,FIR/2026/997,2026-02-27 16:05:25,UPI_FRAUD,West Bengal,Synthetic_District_9,27.426421,69.501931,18777.77,12,3.39,16,4,0.315,2026-03-08 16:05:25
CASE_03636,FIR/2025/511,2025-12-01 15:07:25,UPI_FRAUD,Uttar Pradesh,Synthetic_District_2,27.194295,86.695771,6643.88,4,0.57,15,0,0.947,2025-12-25 15:07:25
CASE_03637,FIR/2025/259,2025-09-22 11:14:25,PHISHING,Telangana,Synthetic_District_16,30.929535,74.729006,128196.24,11,2.72,11,0,0.379,2025-09-30 11:14:25
CASE_03638,FIR/2026/660,2026-06-02 01:02:25,OTHER,Karnataka,Synthetic_District_45,17.292095,87.510078,151931.48,2,2.96,1,1,0.165,2026-07-02 01:02:25
CASE_03639,FIR/2025/148,2025-05-02 20:21:25,CARD_FRAUD,Gujarat,Synthetic_District_36,22.39879,68.437682,186883.52,11,3.45,20,4,0.582,2025-05-30 20:21:25
CASE_03640,FIR/2024/881,2024-11-07 00:33:25,CARD_FRAUD,Tamil Nadu,Synthetic_District_12,29.634268,72.612697,127169.73,13,0.8,0,3,0.894,2024-11-29 00:33:25
CASE_03641,FIR/2025/842,2025-10-08 15:08:25,IMPERSONATION,Andhra Pradesh,Synthetic_District_10,33.755275,76.744467,69892.19,16,1.92,15,2,0.797,2025-11-01 15:08:25
CASE_03642,FIR/2025/929,2025-12-27 10:29:25,PHISHING,Tamil Nadu,Synthetic_District_39,15.045493,84.833089,167025.94,10,1.12,10,5,0.029,2026-01-18 10:29:25
CASE_03643,FIR/2025/880,2025-09-23 19:19:25,INVESTMENT_SCAM,Gujarat,Synthetic_District_36,20.756837,94.712786,533039.9,17,4.71,19,1,0.015,2025-10-21 19:19:25
CASE_03644,FIR/2026/950,2026-05-02 03:15:25,PHISHING,West Bengal,Synthetic_District_16,25.515971,83.034535,145482.39,1,3.44,3,5,0.071,2026-05-22 03:15:25
CASE_03645,FIR/2026/702,2026-04-28 06:37:25,CARD_FRAUD,West Bengal,Synthetic_District_19,19.722155,91.010618,126601.36,1,4.18,6,1,0.754,2026-05-09 06:37:25
CASE_03646,FIR/2025/486,2025-12-02 22:27:25,CARD_FRAUD,Gujarat,Synthetic_District_1,33.982782,94.453818,136104.03,15,0.59,22,1,0.534,2025-12-23 22:27:25
CASE_03647,FIR/2026/436,2026-03-03 07:07:25,INVESTMENT_SCAM,Karnataka,Synthetic_District_38,24.012829,68.924066,479398.84,5,0.27,7,1,0.341,2026-03-25 07:07:25
CASE_03648,FIR/2025/699,2025-02-05 18:01:25,NET_BANKING_FRAUD,Karnataka,Synthetic_District_30,36.445296,74.036557,158836.79,1,3.2,18,2,0.826,2025-03-07 18:01:25
CASE_03649,FIR/2026/271,2026-03-29 01:15:25,NET_BANKING_FRAUD,Karnataka,Synthetic_District_10,16.638292,91.038363,38838.53,9,0.16,1,6,0.478,2026-04-19 01:15:25
CASE_03650,FIR/2025/768,2025-01-11 11:15:25,UPI_FRAUD,Uttar Pradesh,Synthetic_District_48,27.507066,71.502986,45455.39,6,0.38,11,5,0.196,2025-01-24 11:15:25
CASE_03651,FIR/2026/173,2026-02-11 22:24:25,IMPERSONATION,Andhra Pradesh,Synthetic_District_40,31.358556,75.327566,194109.08,5,4.48,22,2,0.083,2026-03-04 22:24:25
CASE_03652,FIR/2025/167,2025-11-05 06:27:25,NET_BANKING_FRAUD,Karnataka,Synthetic_District_32,28.136991,74.376376,55642.76,6,2.27,6,2,0.42,2025-11-10 06:27:25
CASE_03653,FIR/2026/801,2026-09-17 14:46:25,INVESTMENT_SCAM,Tamil Nadu,Synthetic_District_1,26.891168,70.181824,285566.77,13,0.49,14,3,0.866,2026-09-25 14:46:25
CASE_03654,FIR/2025/147,2025-03-30 19:06:25,PHISHING,Karnataka,Synthetic_District_32,16.560978,91.412816,197844.88,13,4.39,19,6,0.711,2025-04-08 19:06:25
CASE_03655,FIR/2025/403,2025-05-02 18:20:25,NET_BANKING_FRAUD,Delhi,Synthetic_District_36,32.862477,74.819094,5815.98,13,2.5,18,4,0.212,2025-05-30 18:20:25
CASE_03656,FIR/2025/387,2025-08-03 05:38:25,IMPERSONATION,Gujarat,Synthetic_District_8,9.105966,69.399082,51174.58,13,0.4,5,6,0.454,2025-08-24 05:38:25
CASE_03657,FIR/2025/733,2025-05-30 08:43:25,NET_BANKING_FRAUD,Delhi,Synthetic_District_5,15.413465,83.758134,106144.33,2,0.39,8,4,0.161,2025-06-19 08:43:25
CASE_03658,FIR/2024/929,2024-10-26 09:27:25,CARD_FRAUD,West Bengal,Synthetic_District_47,9.348131,71.037242,94713.86,4,2.33,9,5,0.735,2024-11-20 09:27:25
CASE_03659,FIR/2025/538,2025-11-04 01:14:25,IMPERSONATION,Telangana,Synthetic_District_35,26.264041,81.181742,174109.18,12,2.3,1,1,0.021,2025-11-12 01:14:25
CASE_03660,FIR/2025/427,2025-05-18 05:25:25,NET_BANKING_FRAUD,Uttar Pradesh,Synthetic_District_49,29.109529,76.105651,174266.16,16,4.67,5,6,0.977,2025-06-14 05:25:25
CASE_03661,FIR/2024/697,2024-10-21 11:33:25,INVESTMENT_SCAM,Tamil Nadu,Synthetic_District_48,31.913872,82.009399,730322.38,10,2.75,11,0,0.853,2024-11-01 11:33:25
CASE_03662,FIR/2025/395,2025-03-14 23:34:25,UPI_FRAUD,Telangana,Synthetic_District_14,13.614299,93.432334,26948.54,1,1.39,23,4,0.818,2025-03-20 23:34:25
CASE_03663,FIR/2024/257,2024-10-26 07:39:25,UPI_FRAUD,Andhra Pradesh,Synthetic_District_50,21.58974,77.788989,207.02,15,1.8,7,5,0.812,2024-11-20 07:39:25
CASE_03664,FIR/2026/191,2026-06-22 06:36:25,CARD_FRAUD,Andhra Pradesh,Synthetic_District_14,23.341104,77.903465,158190.53,4,2.41,6,0,0.819,2026-07-19 06:36:25
CASE_03665,FIR/2026/457,2026-07-10 22:48:25,PHISHING,West Bengal,Synthetic_District_11,10.602209,91.24372,168694.77,6,4.91,22,4,0.957,2026-08-01 22:48:25
CASE_03666,FIR/2025/901,2025-06-10 17:19:25,OTHER,Kerala,Synthetic_District_36,35.063721,92.444424,181469.59,1,2.72,17,1,0.691,2025-07-03 17:19:25
CASE_03667,FIR/2025/476,2025-12-13 14:50:25,UPI_FRAUD,West Bengal,Synthetic_District_2,16.774966,88.360542,8396.68,8,0.39,14,5,0.982,2026-01-04 14:50:25
CASE_03668,FIR/2026/555,2026-01-18 07:53:25,UPI_FRAUD,Maharashtra,Synthetic_District_45,19.735403,71.065386,5086.19,19,2.7,7,6,0.095,2026-02-15 07:53:25
CASE_03669,FIR/2026/476,2026-08-06 07:11:25,NET_BANKING_FRAUD,Delhi,Synthetic_District_6,17.680948,95.031213,194861.05,16,1.09,7,3,0.653,2026-08-10 07:11:25
CASE_03670,FIR/2024/504,2024-12-12 17:13:25,OTHER,West Bengal,Synthetic_District_27,23.253407,80.561176,2307.47,14,4.96,17,3,0.831,2024-12-16 17:13:25
CASE_03671,FIR/2025/721,2025-07-24 08:41:25,PHISHING,Kerala,Synthetic_District_28,23.928423,77.734816,70633.66,15,1.53,8,3,0.186,2025-07-30 08:41:25
CASE_03672,FIR/2025/954,2025-08-21 07:13:25,NET_BANKING_FRAUD,Uttar Pradesh,Synthetic_District_41,28.147356,88.806029,108135.33,8,3.43,7,3,0.573,2025-08-24 07:13:25
CASE_03673,FIR/2025/842,2025-11-01 13:42:25,NET_BANKING_FRAUD,Delhi,Synthetic_District_43,26.873589,87.041028,7767.31,1,0.59,13,5,0.676,2025-11-02 13:42:25
CASE_03674,FIR/2026/795,2026-06-21 04:30:25,IMPERSONATION,Gujarat,Synthetic_District_42,31.510821,78.183262,193283.36,4,3.14,4,6,0.946,2026-07-15 04:30:25
CASE_03675,FIR/2026/159,2026-08-14 13:32:25,PHISHING,Kerala,Synthetic_District_32,34.415711,72.37747,29025.87,19,2.15,13,4,0.702,2026-08-26 13:32:25
CASE_03676,FIR/2026/801,2026-07-15 13:23:25,IMPERSONATION,Tamil Nadu,Synthetic_District_15,31.326197,82.648615,69569.36,10,0.55,13,2,0.126,2026-08-09 13:23:25
CASE_03677,FIR/2026/289,2026-08-30 11:28:25,OTHER,West Bengal,Synthetic_District_48,30.154354,70.525593,4444.4,14,2.05,11,6,0.662,2026-09-25 11:28:25
CASE_03678,FIR/2025/459,2025-04-14 17:44:25,INVESTMENT_SCAM,Maharashtra,Synthetic_District_41,23.137284,75.6287,558389.24,7,1.44,17,0,0.567,2025-04-28 17:44:25
CASE_03679,FIR/2025/634,2025-06-12 03:12:25,INVESTMENT_SCAM,Gujarat,Synthetic_District_29,25.850693,94.655021,108174.9,8,1.49,3,3,0.145,2025-07-11 03:12:25
CASE_03680,FIR/2026/496,2026-09-18 00:51:25,IMPERSONATION,Delhi,Synthetic_District_7,31.221393,82.232413,85456.47,10,1.28,0,4,0.617,2026-09-28 00:51:25
CASE_03681,FIR/2026/243,2026-02-23 01:53:25,INVESTMENT_SCAM,Andhra Pradesh,Synthetic_District_34,14.85145,76.753216,658266.4,16,0.22,1,0,0.719,2026-03-16 01:53:25
CASE_03682,FIR/2025/788,2025-03-25 11:39:25,CARD_FRAUD,Delhi,Synthetic_District_36,28.577153,69.174925,21745.35,10,1.81,11,1,0.526,2025-03-30 11:39:25
CASE_03683,FIR/2025/328,2025-10-20 21:13:25,NET_BANKING_FRAUD,Maharashtra,Synthetic_District_12,17.79095,70.789137,181250.04,18,4.57,21,0,0.393,2025-11-02 21:13:25
CASE_03684,FIR/2025/737,2025-05-16 00:45:25,CARD_FRAUD,Gujarat,Synthetic_District_48,15.316981,94.680815,159694.54,15,2.18,0,4,0.715,2025-06-13 00:45:25
CASE_03685,FIR/2025/628,2025-02-09 02:10:25,OTHER,Telangana,Synthetic_District_49,11.329894,85.188829,122560.48,3,2.44,2,6,0.072,2025-02-13 02:10:25
CASE_03686,FIR/2025/666,2025-06-10 04:29:25,IMPERSONATION,Kerala,Synthetic_District_21,15.555967,81.174063,29572.96,11,0.13,4,1,0.023,2025-07-06 04:29:25
CASE_03687,FIR/2025/144,2025-12-24 01:28:25,CARD_FRAUD,Gujarat,Synthetic_District_27,20.1657,83.505764,142135.98,17,1.56,1,2,0.226,2026-01-15 01:28:25
CASE_03688,FIR/2025/607,2025-06-11 19:56:25,NET_BANKING_FRAUD,West Bengal,Synthetic_District_50,14.811318,78.154278,87705.83,10,2.75,19,2,0.637,2025-07-09 19:56:25
CASE_03689,FIR/2025/922,2025-02-07 01:08:25,PHISHING,West Bengal,Synthetic_District_35,11.442211,93.306892,58100.59,7,4.41,1,4,0.807,2025-02-17 01:08:25
CASE_03690,FIR/2025/418,2025-01-18 08:12:25,IMPERSONATION,Andhra Pradesh,Synthetic_District_7,31.414927,70.862487,166114.75,19,3.31,8,5,0.033,2025-01-22 08:12:25
CASE_03691,FIR/2025/681,2025-07-26 14:34:25,NET_BANKING_FRAUD,Maharashtra,Synthetic_District_41,12.91317,84.732268,173009.31,8,4.71,14,5,0.313,2025-08-04 14:34:25
CASE_03692,FIR/2025/201,2025-07-15 10:42:25,IMPERSONATION,Delhi,Synthetic_District_30,21.76995,71.928419,2630.65,15,4.9,10,1,0.697,2025-08-14 10:42:25
CASE_03693,FIR/2025/299,2025-08-25 05:26:25,INVESTMENT_SCAM,Uttar Pradesh,Synthetic_District_1,32.158876,70.787231,995817.94,15,1.48,5,0,0.487,2025-09-24 05:26:25
CASE_03694,FIR/2025/296,2025-06-14 17:43:25,INVESTMENT_SCAM,Karnataka,Synthetic_District_49,23.597939,89.275111,51892.1,6,2.87,17,5,0.045,2025-06-27 17:43:25
CASE_03695,FIR/2025/433,2025-06-23 20:23:25,INVESTMENT_SCAM,West Bengal,Synthetic_District_48,16.567061,72.482041,775652.09,19,1.3,20,0,0.421,2025-07-04 20:23:25
CASE_03696,FIR/2025/232,2025-02-06 06:25:25,CARD_FRAUD,West Bengal,Synthetic_District_1,34.935135,74.90208,111464.37,13,1.67,6,3,0.178,2025-02-20 06:25:25
CASE_03697,FIR/2024/656,2024-11-12 17:20:25,UPI_FRAUD,Karnataka,Synthetic_District_43,33.196025,93.027229,18316.29,18,2.61,17,1,0.007,2024-11-20 17:20:25
CASE_03698,FIR/2024/257,2024-09-29 17:06:25,PHISHING,West Bengal,Synthetic_District_26,33.092735,89.348741,91756.86,6,3.95,17,6,0.656,2024-10-20 17:06:25
CASE_03699,FIR/2025/110,2025-03-06 18:43:25,OTHER,Gujarat,Synthetic_District_5,9.78101,92.902416,199714.23,3,4.51,18,3,0.424,2025-03-30 18:43:25
CASE_03700,FIR/2025/578,2025-03-22 21:58:25,OTHER,Andhra Pradesh,Synthetic_District_42,19.356045,71.272605,141813.21,9,0.44,21,5,0.851,2025-04-14 21:58:25
CASE_03701,FIR/2024/958,2024-12-08 11:20:25,UPI_FRAUD,Delhi,Synthetic_District_30,29.281773,85.969865,22322.51,6,4.18,11,6,0.695,2024-12-18 11:20:25
CASE_03702,FIR/2025/650,2025-03-07 14:20:25,NET_BANKING_FRAUD,Tamil Nadu,Synthetic_District_20,24.928806,88.401172,44115.35,13,1.08,14,4,0.583,2025-04-05 14:20:25
CASE_03703,FIR/2026/730,2026-07-14 10:16:25,IMPERSONATION,Telangana,Synthetic_District_23,25.661201,69.537477,131346.73,5,3.88,10,1,0.746,2026-07-22 10:16:25
CASE_03704,FIR/2025/566,2025-10-03 04:39:25,INVESTMENT_SCAM,Delhi,Synthetic_District_33,26.83431,75.613793,528944.53,7,3.27,4,4,0.816,2025-10-07 04:39:25
CASE_03705,FIR/2025/428,2025-12-18 19:27:25,INVESTMENT_SCAM,West Bengal,Synthetic_District_32,18.604677,68.537973,75407.21,5,2.98,19,3,0.086,2026-01-11 19:27:25
CASE_03706,FIR/2026/908,2026-05-22 12:27:25,OTHER,Uttar Pradesh,Synthetic_District_20,9.870044,81.57247,12362.7,11,3.17,12,4,0.157,2026-05-24 12:27:25
CASE_03707,FIR/2025/729,2025-04-09 07:23:25,OTHER,Maharashtra,Synthetic_District_18,17.520662,75.634516,183371.57,18,0.5,7,2,0.071,2025-04-29 07:23:25
CASE_03708,FIR/2025/445,2025-01-31 08:25:25,PHISHING,West Bengal,Synthetic_District_20,23.544989,82.025735,103151.29,19,1.36,8,4,0.842,2025-02-19 08:25:25
CASE_03709,FIR/2025/629,2025-03-27 05:56:25,INVESTMENT_SCAM,Andhra Pradesh,Synthetic_District_23,29.315556,92.368442,915750.06,16,3.32,5,3,0.987,2025-04-23 05:56:25
CASE_03710,FIR/2024/567,2024-11-26 10:25:25,IMPERSONATION,Karnataka,Synthetic_District_6,24.525508,82.434398,5478.31,7,4.83,10,1,0.658,2024-12-07 10:25:25
CASE_03711,FIR/2025/731,2025-12-31 03:28:25,PHISHING,Delhi,Synthetic_District_22,17.971459,91.759149,131861.57,12,4.38,3,2,0.422,2026-01-01 03:28:25
CASE_03712,FIR/2026/714,2026-09-19 15:20:25,CARD_FRAUD,Karnataka,Synthetic_District_1,11.014305,88.142291,85445.14,18,0.64,15,5,0.78,2026-10-02 15:20:25
CASE_03713,FIR/2025/761,2025-03-05 01:30:25,PHISHING,Kerala,Synthetic_District_31,27.673135,68.135395,59386.05,12,0.67,1,2,0.693,2025-03-18 01:30:25
CASE_03714,FIR/2026/375,2026-07-28 07:42:25,PHISHING,Andhra Pradesh,Synthetic_District_4,26.02331,78.426648,62344.78,16,3.48,7,1,0.898,2026-08-24 07:42:25
CASE_03715,FIR/2025/495,2025-07-21 10:15:25,NET_BANKING_FRAUD,Tamil Nadu,Synthetic_District_4,35.373836,83.411347,58480.18,11,2.25,10,0,0.669,2025-08-10 10:15:25
CASE_03716,FIR/2024/158,2024-10-30 11:51:25,OTHER,Karnataka,Synthetic_District_46,28.033001,80.109506,157096.21,9,3.24,11,2,0.307,2024-11-24 11:51:25
CASE_03717,FIR/2026/893,2026-08-21 19:17:25,UPI_FRAUD,Delhi,Synthetic_District_3,27.660751,72.549776,41016.6,1,1.65,19,4,0.868,2026-09-06 19:17:25
CASE_03718,FIR/2025/945,2025-09-17 07:00:25,PHISHING,Andhra Pradesh,Synthetic_District_36,30.46436,89.776295,196833.37,17,4.26,7,2,0.378,2025-10-02 07:00:25
CASE_03719,FIR/2025/621,2025-10-03 16:07:25,CARD_FRAUD,Andhra Pradesh,Synthetic_District_36,17.38943,79.141041,28617.69,18,1.86,16,4,0.725,2025-10-17 16:07:25
CASE_03720,FIR/2025/773,2025-10-28 01:17:25,NET_BANKING_FRAUD,Andhra Pradesh,Synthetic_District_20,33.368978,82.794357,105503.51,4,1.2,1,1,0.051,2025-11-03 01:17:25
CASE_03721,FIR/2025/448,2025-09-16 04:01:25,NET_BANKING_FRAUD,Tamil Nadu,Synthetic_District_16,16.285711,86.029419,128573.81,12,0.77,4,1,0.266,2025-10-07 04:01:25
CASE_03722,FIR/2026/937,2026-03-04 02:03:25,NET_BANKING_FRAUD,Maharashtra,Synthetic_District_45,28.275342,78.784451,2204.55,11,3.37,2,2,0.386,2026-03-29 02:03:25
CASE_03723,FIR/2025/442,2025-04-18 07:47:25,NET_BANKING_FRAUD,Maharashtra,Synthetic_District_5,23.154684,85.125605,121068.18,4,1.07,7,4,0.645,2025-05-16 07:47:25
CASE_03724,FIR/2025/386,2025-10-07 13:24:25,CARD_FRAUD,Delhi,Synthetic_District_12,24.671127,95.237009,65812.78,7,1.31,13,1,0.931,2025-10-12 13:24:25
CASE_03725,FIR/2025/967,2025-07-21 19:24:25,IMPERSONATION,Gujarat,Synthetic_District_47,10.526524,83.074268,123294.36,4,3.6,19,0,0.377,2025-08-13 19:24:25
CASE_03726,FIR/2026/949,2026-01-14 02:37:25,PHISHING,Kerala,Synthetic_District_35,26.087887,68.073239,76424.73,19,2.65,2,2,0.604,2026-01-29 02:37:25
CASE_03727,FIR/2025/888,2025-01-09 00:59:25,IMPERSONATION,Kerala,Synthetic_District_31,15.333913,85.529254,83709.56,10,3.9,0,3,0.39,2025-01-26 00:59:25
CASE_03728,FIR/2026/183,2026-03-30 10:58:25,IMPERSONATION,Andhra Pradesh,Synthetic_District_41,29.381956,88.31772,101623.13,17,3.36,10,0,0.805,2026-04-12 10:58:25
CASE_03729,FIR/2025/652,2025-08-10 16:05:25,INVESTMENT_SCAM,Kerala,Synthetic_District_13,10.35754,85.931037,690199.62,11,0.9,16,6,0.067,2025-09-02 16:05:25
CASE_03730,FIR/2025/128,2025-12-31 11:32:25,UPI_FRAUD,Telangana,Synthetic_District_13,27.234299,71.890775,32045.66,14,0.2,11,2,0.319,2026-01-28 11:32:25
CASE_03731,FIR/2026/918,2026-02-13 01:48:25,PHISHING,West Bengal,Synthetic_District_49,34.95563,94.866684,181429.62,20,1.9,1,4,0.763,2026-02-28 01:48:25
CASE_03732,FIR/2025/960,2025-12-07 11:05:25,CARD_FRAUD,Maharashtra,Synthetic_District_41,12.94653,82.95966,113490.59,8,0.27,11,6,0.518,2025-12-22 11:05:25
CASE_03733,FIR/2025/347,2025-05-01 20:35:25,INVESTMENT_SCAM,Telangana,Synthetic_District_38,34.643721,71.164281,710177.57,8,3.85,20,3,0.989,2025-05-12 20:35:25
CASE_03734,FIR/2026/478,2026-05-19 14:56:25,PHISHING,West Bengal,Synthetic_District_4,35.974009,73.252617,36111.77,12,1.66,14,1,0.5,2026-06-18 14:56:25
CASE_03735,FIR/2025/376,2025-01-12 04:56:25,OTHER,Tamil Nadu,Synthetic_District_22,10.977838,90.715853,140191.05,20,0.72,4,6,0.822,2025-01-19 04:56:25
CASE_03736,FIR/2025/202,2025-02-14 08:29:25,UPI_FRAUD,Gujarat,Synthetic_District_17,26.384506,95.74787,7777.54,5,2.67,8,4,0.074,2025-02-27 08:29:25
CASE_03737,FIR/2024/950,2024-10-02 13:39:25,NET_BANKING_FRAUD,Kerala,Synthetic_District_18,14.027328,76.115214,78186.16,14,0.11,13,2,0.65,2024-10-31 13:39:25
CASE_03738,FIR/2025/384,2025-10-18 23:00:25,IMPERSONATION,Maharashtra,Synthetic_District_46,19.70038,73.197618,73961.42,18,3.35,23,5,0.495,2025-11-13 23:00:25
CASE_03739,FIR/2025/839,2025-03-24 02:54:25,UPI_FRAUD,Maharashtra,Synthetic_District_18,27.662278,95.740664,18063.33,8,4.74,2,0,0.854,2025-03-28 02:54:25
CASE_03740,FIR/2026/619,2026-01-28 21:26:25,PHISHING,Telangana,Synthetic_District_3,15.633902,89.588796,134041.37,10,2.73,21,2,0.169,2026-01-30 21:26:25
CASE_03741,FIR/2026/441,2026-07-09 21:37:25,IMPERSONATION,Kerala,Synthetic_District_42,21.6469,93.44014,198346.71,9,0.27,21,3,0.32,2026-08-02 21:37:25
CASE_03742,FIR/2025/178,2025-10-02 23:47:25,OTHER,Maharashtra,Synthetic_District_15,25.771424,68.123769,81715.65,12,3.31,23,3,0.913,2025-10-07 23:47:25
CASE_03743,FIR/2026/374,2026-01-27 04:39:25,IMPERSONATION,Karnataka,Synthetic_District_33,22.262627,89.808277,33860.95,14,2.86,4,1,0.903,2026-02-18 04:39:25
CASE_03744,FIR/2025/511,2025-05-18 00:06:25,CARD_FRAUD,Tamil Nadu,Synthetic_District_33,18.748405,84.089627,190054.5,17,3.87,0,6,0.557,2025-06-16 00:06:25
CASE_03745,FIR/2025/642,2025-05-02 12:21:25,OTHER,Andhra Pradesh,Synthetic_District_38,24.255838,69.27007,88313.23,12,3.61,12,4,0.488,2025-05-09 12:21:25
CASE_03746,FIR/2025/852,2025-04-25 08:45:25,NET_BANKING_FRAUD,Delhi,Synthetic_District_26,26.260239,68.028106,125125.83,10,0.15,8,4,0.252,2025-05-24 08:45:25
CASE_03747,FIR/2025/115,2025-10-13 16:51:25,NET_BANKING_FRAUD,Telangana,Synthetic_District_27,27.702823,79.358673,161653.67,11,2.63,16,0,0.765,2025-11-03 16:51:25
CASE_03748,FIR/2024/506,2024-11-08 13:10:25,CARD_FRAUD,Uttar Pradesh,Synthetic_District_32,33.09504,89.713065,107446.57,5,0.9,13,4,0.169,2024-11-14 13:10:25
CASE_03749,FIR/2024/344,2024-11-12 01:00:25,UPI_FRAUD,Maharashtra,Synthetic_District_37,11.046114,69.078177,3156.8,14,4.28,1,1,0.469,2024-12-10 01:00:25
CASE_03750,FIR/2025/347,2025-01-11 16:39:25,PHISHING,Telangana,Synthetic_District_38,10.277487,87.478008,76978.5,3,4.24,16,5,0.982,2025-01-16 16:39:25
CASE_03751,FIR/2024/935,2024-11-18 21:20:25,NET_BANKING_FRAUD,Delhi,Synthetic_District_14,12.57374,79.92357,22653.34,4,1.42,21,0,0.716,2024-11-23 21:20:25
CASE_03752,FIR/2026/249,2026-07-13 02:44:25,CARD_FRAUD,Kerala,Synthetic_District_48,25.243992,72.953475,60291.36,8,0.21,2,0,0.231,2026-07-18 02:44:25
CASE_03753,FIR/2026/232,2026-09-18 17:45:25,UPI_FRAUD,Gujarat,Synthetic_District_34,35.209112,72.967687,4915.82,6,1.4,17,4,0.236,2026-09-20 17:45:25
CASE_03754,FIR/2026/831,2026-07-18 11:38:25,NET_BANKING_FRAUD,Tamil Nadu,Synthetic_District_22,14.677348,72.692174,113867.72,11,4.87,11,5,0.117,2026-08-03 11:38:25
CASE_03755,FIR/2025/813,2025-11-23 22:22:25,CARD_FRAUD,West Bengal,Synthetic_District_18,19.829064,82.157579,178959.98,13,1.5,22,6,0.9,2025-12-11 22:22:25
CASE_03756,FIR/2026/320,2026-06-02 07:14:25,INVESTMENT_SCAM,Andhra Pradesh,Synthetic_District_5,34.248046,68.100807,937243.3,7,0.1,7,1,0.465,2026-06-22 07:14:25
CASE_03757,FIR/2024/231,2024-11-24 05:00:25,PHISHING,Gujarat,Synthetic_District_13,34.387017,88.918308,75966.83,11,2.17,5,6,0.84,2024-11-30 05:00:25
CASE_03758,FIR/2025/899,2025-12-04 19:16:25,IMPERSONATION,Tamil Nadu,Synthetic_District_28,13.42355,72.221824,186571.59,11,4.08,19,3,0.669,2025-12-23 19:16:25
CASE_03759,FIR/2026/656,2026-01-24 15:13:25,OTHER,Delhi,Synthetic_District_45,16.721021,95.443991,91521.73,5,0.41,15,5,0.432,2026-02-13 15:13:25
CASE_03760,FIR/2025/974,2025-03-11 21:56:25,PHISHING,Tamil Nadu,Synthetic_District_13,23.139271,90.804675,189282.51,7,2.55,21,1,0.928,2025-03-17 21:56:25
CASE_03761,FIR/2025/494,2025-03-15 23:06:25,INVESTMENT_SCAM,Delhi,Synthetic_District_32,27.76737,90.370917,994671.83,10,4.6,23,5,0.818,2025-03-17 23:06:25
CASE_03762,FIR/2026/418,2026-09-02 20:02:25,CARD_FRAUD,Telangana,Synthetic_District_11,13.380223,96.633085,15807.63,9,4.07,20,2,0.388,2026-09-24 20:02:25
CASE_03763,FIR/2024/325,2024-10-26 09:27:25,OTHER,Uttar Pradesh,Synthetic_District_46,14.574137,93.360009,129359.62,12,0.27,9,5,0.415,2024-11-01 09:27:25
CASE_03764,FIR/2026/570,2026-09-10 12:29:25,PHISHING,Kerala,Synthetic_District_8,18.220024,73.705773,40126.56,11,2.81,12,3,0.812,2026-10-09 12:29:25
CASE_03765,FIR/2025/759,2025-05-26 23:30:25,INVESTMENT_SCAM,Uttar Pradesh,Synthetic_District_24,30.84515,70.310909,474440.8,20,0.21,23,0,0.242,2025-05-28 23:30:25
CASE_03766,FIR/2026/593,2026-05-16 13:32:25,CARD_FRAUD,Telangana,Synthetic_District_37,18.021409,82.75424,68715.26,6,1.79,13,5,0.909,2026-05-21 13:32:25
CASE_03767,FIR/2025/114,2025-05-17 22:32:25,IMPERSONATION,Karnataka,Synthetic_District_31,8.129876,80.219752,136500.46,3,2.83,22,5,0.603,2025-05-27 22:32:25
CASE_03768,FIR/2026/577,2026-02-27 02:10:25,IMPERSONATION,Telangana,Synthetic_District_11,29.551482,70.841249,91819.78,18,1.32,2,4,0.367,2026-03-20 02:10:25
CASE_03769,FIR/2025/490,2025-10-24 03:47:25,INVESTMENT_SCAM,Uttar Pradesh,Synthetic_District_9,27.272583,72.04258,656123.78,1,3.76,3,4,0.333,2025-10-29 03:47:25
CASE_03770,FIR/2026/784,2026-08-24 14:08:25,OTHER,Kerala,Synthetic_District_41,10.9958,71.206561,160551.09,2,4.47,14,0,0.874,2026-09-05 14:08:25
CASE_03771,FIR/2025/246,2025-11-23 22:26:25,CARD_FRAUD,Andhra Pradesh,Synthetic_District_43,19.836555,80.205546,195712.88,17,0.23,22,6,0.647,2025-12-12 22:26:25
CASE_03772,FIR/2025/409,2025-06-27 18:32:25,CARD_FRAUD,Gujarat,Synthetic_District_3,15.2023,80.304579,114116.41,9,0.94,18,4,0.289,2025-07-22 18:32:25
CASE_03773,FIR/2025/427,2025-08-27 23:30:25,PHISHING,Kerala,Synthetic_District_47,29.242597,72.066739,5668.96,14,3.21,23,2,0.295,2025-09-04 23:30:25
CASE_03774,FIR/2025/961,2025-07-31 18:29:25,IMPERSONATION,Tamil Nadu,Synthetic_District_31,10.064677,72.331357,181231.06,9,1.03,18,3,0.12,2025-08-20 18:29:25
CASE_03775,FIR/2024/646,2024-12-05 03:28:25,OTHER,Tamil Nadu,Synthetic_District_42,34.400167,85.953786,187240.1,12,1.28,3,3,0.968,2024-12-08 03:28:25
CASE_03776,FIR/2025/889,2025-04-07 22:08:25,PHISHING,Andhra Pradesh,Synthetic_District_18,25.007419,76.170033,147787.89,18,2.37,22,0,0.435,2025-04-28 22:08:25
CASE_03777,FIR/2026/618,2026-07-03 14:09:25,CARD_FRAUD,Andhra Pradesh,Synthetic_District_41,35.157578,74.749935,57080.21,15,4.92,14,4,0.737,2026-07-18 14:09:25
CASE_03778,FIR/2026/850,2026-03-19 19:32:25,UPI_FRAUD,Karnataka,Synthetic_District_7,11.921001,96.986734,36613.67,10,2.67,19,3,0.009,2026-04-01 19:32:25
CASE_03779,FIR/2026/856,2026-06-12 13:04:25,PHISHING,West Bengal,Synthetic_District_31,16.914322,85.00595,21852.23,1,0.23,13,4,0.256,2026-06-15 13:04:25
CASE_03780,FIR/2024/273,2024-11-24 14:34:25,IMPERSONATION,Tamil Nadu,Synthetic_District_45,10.070205,92.358656,13284.23,10,4.6,14,6,0.173,2024-11-25 14:34:25
CASE_03781,FIR/2025/524,2025-07-17 11:23:25,PHISHING,Kerala,Synthetic_District_4,33.757111,70.482357,4238.98,3,0.39,11,3,0.04,2025-08-14 11:23:25
CASE_03782,FIR/2025/456,2025-07-08 13:58:25,UPI_FRAUD,Telangana,Synthetic_District_1,14.293779,78.568538,1558.16,17,2.62,13,1,0.55,2025-07-10 13:58:25
CASE_03783,FIR/2025/929,2025-10-31 05:45:25,OTHER,Telangana,Synthetic_District_42,11.35711,71.364456,86699.91,17,1.22,5,4,0.937,2025-11-11 05:45:25
CASE_03784,FIR/2025/836,2025-11-15 17:21:25,CARD_FRAUD,Delhi,Synthetic_District_30,21.749741,87.873684,24967.66,3,1.78,17,5,0.23,2025-11-28 17:21:25
CASE_03785,FIR/2025/826,2025-01-24 20:06:25,UPI_FRAUD,Andhra Pradesh,Synthetic_District_12,33.085577,81.655594,5962.34,4,1.35,20,4,0.751,2025-02-13 20:06:25
CASE_03786,FIR/2025/762,2025-04-15 00:52:25,UPI_FRAUD,Andhra Pradesh,Synthetic_District_21,8.302108,75.387898,19705.04,16,1.02,0,1,0.318,2025-04-22 00:52:25
CASE_03787,FIR/2025/176,2025-02-01 14:47:25,NET_BANKING_FRAUD,Delhi,Synthetic_District_10,8.199992,72.205915,40813.59,2,2.77,14,5,0.988,2025-02-12 14:47:25
CASE_03788,FIR/2025/547,2025-03-30 02:44:25,UPI_FRAUD,Karnataka,Synthetic_District_48,25.681582,87.553346,27484.8,5,1.66,2,6,0.945,2025-04-26 02:44:25
CASE_03789,FIR/2025/696,2025-05-28 05:47:25,UPI_FRAUD,Uttar Pradesh,Synthetic_District_37,14.889008,70.156787,33640.43,19,4.92,5,2,0.944,2025-06-20 05:47:25
CASE_03790,FIR/2025/799,2025-07-01 17:46:25,OTHER,West Bengal,Synthetic_District_8,12.777485,88.84663,119421.24,20,2.31,17,1,0.707,2025-07-27 17:46:25
CASE_03791,FIR/2026/758,2026-05-23 21:27:25,IMPERSONATION,Delhi,Synthetic_District_34,23.102829,92.870988,169215.83,10,3.69,21,5,0.335,2026-06-11 21:27:25
CASE_03792,FIR/2025/751,2025-06-20 11:54:25,OTHER,Tamil Nadu,Synthetic_District_20,28.5231,91.804021,71832.45,5,2.09,11,4,0.261,2025-06-26 11:54:25
CASE_03793,FIR/2026/709,2026-02-02 00:19:25,IMPERSONATION,Andhra Pradesh,Synthetic_District_28,33.932827,83.912438,87265.16,3,0.28,0,0,0.07,2026-02-27 00:19:25
CASE_03794,FIR/2025/999,2025-03-24 11:25:25,IMPERSONATION,Gujarat,Synthetic_District_10,31.756608,73.481746,27998.41,14,2.51,11,0,0.498,2025-04-10 11:25:25
CASE_03795,FIR/2025/168,2025-05-27 14:09:25,NET_BANKING_FRAUD,Karnataka,Synthetic_District_32,8.088295,88.043808,92295.59,5,1.33,14,1,0.054,2025-06-16 14:09:25
CASE_03796,FIR/2025/981,2025-05-16 13:07:25,UPI_FRAUD,Tamil Nadu,Synthetic_District_13,29.529532,70.815535,35821.33,12,2.33,13,4,0.178,2025-06-03 13:07:25
CASE_03797,FIR/2025/185,2025-04-02 14:00:25,OTHER,Andhra Pradesh,Synthetic_District_42,12.755293,70.388014,87022.23,5,2.99,14,2,0.967,2025-04-26 14:00:25
CASE_03798,FIR/2025/994,2025-01-27 13:53:25,NET_BANKING_FRAUD,Andhra Pradesh,Synthetic_District_4,33.566802,84.305331,129237.92,14,4.76,13,0,0.423,2025-01-31 13:53:25
CASE_03799,FIR/2024/345,2024-12-27 17:20:25,CARD_FRAUD,Uttar Pradesh,Synthetic_District_2,29.526243,73.23535,1327.46,16,2.02,17,4,0.483,2025-01-21 17:20:25
CASE_03800,FIR/2025/923,2025-11-24 17:34:25,INVESTMENT_SCAM,Tamil Nadu,Synthetic_District_14,31.670518,85.270292,446549.07,12,0.32,17,0,0.391,2025-12-07 17:34:25
CASE_03801,FIR/2026/448,2026-07-20 08:12:25,UPI_FRAUD,Telangana,Synthetic_District_2,23.257653,68.768763,39623.04,2,1.76,8,0,0.921,2026-08-11 08:12:25
CASE_03802,FIR/2026/740,2026-06-14 18:20:25,PHISHING,Uttar Pradesh,Synthetic_District_12,18.460506,88.063393,9567.17,19,3.83,18,6,0.829,2026-06-26 18:20:25
CASE_03803,FIR/2025/179,2025-10-14 06:44:25,CARD_FRAUD,Uttar Pradesh,Synthetic_District_37,29.715446,90.470255,63014.25,5,1.38,6,1,0.418,2025-10-27 06:44:25
CASE_03804,FIR/2024/750,2024-11-18 03:45:25,IMPERSONATION,Uttar Pradesh,Synthetic_District_40,36.091539,80.76632,36831.64,3,2.95,3,0,0.762,2024-12-05 03:45:25
CASE_03805,FIR/2025/649,2025-01-20 16:42:25,CARD_FRAUD,Tamil Nadu,Synthetic_District_27,22.306157,75.642293,122648.48,1,1.26,16,0,0.838,2025-01-23 16:42:25
CASE_03806,FIR/2026/812,2026-01-03 07:02:25,INVESTMENT_SCAM,Maharashtra,Synthetic_District_8,30.237914,80.628151,841847.58,11,1.92,7,5,0.969,2026-01-25 07:02:25
CASE_03807,FIR/2024/757,2024-11-10 00:57:25,OTHER,Tamil Nadu,Synthetic_District_48,33.360242,77.639728,99247.63,15,1.84,0,6,0.94,2024-12-08 00:57:25
CASE_03808,FIR/2025/651,2025-02-11 22:24:25,CARD_FRAUD,Tamil Nadu,Synthetic_District_36,19.416212,94.308581,11435.0,19,0.39,22,1,0.425,2025-02-21 22:24:25
CASE_03809,FIR/2026/505,2026-04-21 06:13:25,OTHER,Gujarat,Synthetic_District_24,32.749332,90.388628,72653.6,11,4.72,6,1,0.889,2026-04-29 06:13:25
CASE_03810,FIR/2025/712,2025-06-21 14:29:25,NET_BANKING_FRAUD,Delhi,Synthetic_District_32,8.030133,71.034956,57606.47,2,2.35,14,5,0.045,2025-07-18 14:29:25
CASE_03811,FIR/2024/102,2024-10-25 23:16:25,INVESTMENT_SCAM,Maharashtra,Synthetic_District_1,15.223263,72.155898,134547.64,1,2.56,23,4,0.847,2024-11-03 23:16:25
CASE_03812,FIR/2025/125,2025-01-07 04:45:25,INVESTMENT_SCAM,Uttar Pradesh,Synthetic_District_30,18.077392,88.424525,701091.9,18,4.05,4,1,0.354,2025-02-05 04:45:25
CASE_03813,FIR/2025/505,2025-11-14 04:50:25,INVESTMENT_SCAM,Kerala,Synthetic_District_20,15.709976,85.377481,67552.49,9,1.19,4,4,0.59,2025-12-08 04:50:25
CASE_03814,FIR/2026/544,2026-08-18 15:42:25,NET_BANKING_FRAUD,Delhi,Synthetic_District_9,27.994417,96.570531,143786.86,15,0.75,15,1,0.105,2026-08-29 15:42:25
CASE_03815,FIR/2025/273,2025-07-02 13:35:25,OTHER,Andhra Pradesh,Synthetic_District_2,29.624319,73.222321,189354.49,10,4.27,13,2,0.412,2025-07-26 13:35:25
CASE_03816,FIR/2025/701,2025-09-04 10:54:25,UPI_FRAUD,Telangana,Synthetic_District_25,23.686953,91.440742,35393.8,9,4.38,10,3,0.625,2025-10-03 10:54:25
CASE_03817,FIR/2025/381,2025-05-09 23:27:25,INVESTMENT_SCAM,Telangana,Synthetic_District_13,33.427895,95.938293,477299.36,18,0.31,23,4,0.233,2025-05-19 23:27:25
CASE_03818,FIR/2026/411,2026-04-22 07:11:25,UPI_FRAUD,Kerala,Synthetic_District_17,14.49187,88.766922,39266.28,8,3.38,7,2,0.768,2026-05-21 07:11:25
CASE_03819,FIR/2025/735,2025-05-25 05:34:25,IMPERSONATION,Karnataka,Synthetic_District_33,17.549359,77.844068,129544.71,15,3.05,5,6,0.443,2025-06-19 05:34:25
CASE_03820,FIR/2025/361,2025-05-08 20:18:25,IMPERSONATION,Delhi,Synthetic_District_46,24.600353,68.377829,44345.61,10,4.67,20,3,0.166,2025-05-24 20:18:25
CASE_03821,FIR/2026/509,2026-04-03 02:55:25,OTHER,Maharashtra,Synthetic_District_21,10.012374,96.318527,41329.84,6,0.65,2,4,0.814,2026-04-19 02:55:25
CASE_03822,FIR/2025/723,2025-11-16 15:45:25,OTHER,Andhra Pradesh,Synthetic_District_3,10.570112,78.964738,105085.16,14,4.38,15,6,0.506,2025-12-06 15:45:25
CASE_03823,FIR/2025/232,2025-12-30 09:28:25,PHISHING,Telangana,Synthetic_District_27,18.455461,71.793078,141430.49,19,1.17,9,1,0.818,2026-01-08 09:28:25
CASE_03824,FIR/2026/407,2026-09-19 13:43:25,UPI_FRAUD,Kerala,Synthetic_District_41,17.765703,87.993137,31434.88,19,2.8,13,5,0.194,2026-10-18 13:43:25
CASE_03825,FIR/2025/499,2025-04-21 16:01:25,NET_BANKING_FRAUD,Uttar Pradesh,Synthetic_District_49,8.657244,71.474302,196037.87,9,1.54,16,0,0.531,2025-04-23 16:01:25
CASE_03826,FIR/2025/330,2025-02-17 12:30:25,NET_BANKING_FRAUD,Delhi,Synthetic_District_44,24.120897,93.874884,158937.5,3,1.79,12,0,0.936,2025-02-18 12:30:25
CASE_03827,FIR/2026/206,2026-02-01 17:14:25,INVESTMENT_SCAM,Uttar Pradesh,Synthetic_District_3,31.081934,88.458482,808012.35,16,2.63,17,6,0.944,2026-02-04 17:14:25
CASE_03828,FIR/2025/920,2025-10-01 18:17:25,IMPERSONATION,Tamil Nadu,Synthetic_District_16,34.967206,76.037401,153264.36,11,0.45,18,2,0.606,2025-10-06 18:17:25
CASE_03829,FIR/2026/871,2026-06-09 13:32:25,CARD_FRAUD,Maharashtra,Synthetic_District_33,14.053324,90.583448,70065.42,18,2.65,13,1,0.304,2026-06-25 13:32:25
CASE_03830,FIR/2026/922,2026-09-25 01:54:25,CARD_FRAUD,Kerala,Synthetic_District_15,23.264473,71.853465,5703.39,7,3.01,1,4,0.826,2026-09-27 01:54:25
CASE_03831,FIR/2026/538,2026-07-27 15:36:25,UPI_FRAUD,Gujarat,Synthetic_District_29,33.147742,77.687417,22219.85,2,3.91,15,0,0.19,2026-08-20 15:36:25
CASE_03832,FIR/2025/938,2025-08-22 08:35:25,OTHER,Andhra Pradesh,Synthetic_District_46,9.729824,74.37844,127769.35,15,1.12,8,4,0.997,2025-08-25 08:35:25
CASE_03833,FIR/2025/464,2025-07-01 22:01:25,NET_BANKING_FRAUD,Maharashtra,Synthetic_District_28,29.302943,72.345103,56887.32,11,2.24,22,1,0.709,2025-07-22 22:01:25
CASE_03834,FIR/2025/807,2025-07-08 09:41:25,OTHER,Delhi,Synthetic_District_45,15.668379,75.020235,159139.36,10,2.77,9,1,0.075,2025-07-25 09:41:25
CASE_03835,FIR/2025/607,2025-03-14 15:13:25,IMPERSONATION,Gujarat,Synthetic_District_13,9.745023,79.217879,72975.35,9,4.36,15,4,0.391,2025-03-17 15:13:25
CASE_03836,FIR/2026/486,2026-02-16 14:01:25,OTHER,Kerala,Synthetic_District_2,34.046473,69.745679,18108.39,19,0.86,14,0,0.412,2026-03-05 14:01:25
CASE_03837,FIR/2025/536,2025-04-25 14:06:25,INVESTMENT_SCAM,Delhi,Synthetic_District_29,23.088297,86.150265,672036.65,18,2.42,14,4,0.479,2025-05-06 14:06:25
CASE_03838,FIR/2025/582,2025-06-22 16:53:25,PHISHING,Maharashtra,Synthetic_District_19,17.991959,93.692496,60234.62,15,1.44,16,6,0.878,2025-07-17 16:53:25
CASE_03839,FIR/2025/938,2025-02-07 10:26:25,OTHER,Telangana,Synthetic_District_42,30.373772,95.95923,33512.17,6,2.89,10,4,0.913,2025-02-20 10:26:25
CASE_03840,FIR/2026/879,2026-02-02 04:09:25,PHISHING,Kerala,Synthetic_District_22,27.552079,75.495278,91400.78,8,3.92,4,0,0.584,2026-02-19 04:09:25
CASE_03841,FIR/2026/466,2026-05-09 00:23:25,NET_BANKING_FRAUD,Telangana,Synthetic_District_16,19.579997,76.653562,72888.5,6,0.99,0,5,0.049,2026-05-28 00:23:25
CASE_03842,FIR/2025/366,2025-06-25 06:47:25,CARD_FRAUD,Gujarat,Synthetic_District_26,18.383478,93.413251,52150.8,7,3.09,6,2,0.978,2025-07-18 06:47:25
CASE_03843,FIR/2024/494,2024-10-10 19:20:25,IMPERSONATION,Uttar Pradesh,Synthetic_District_11,32.209813,69.810667,131356.59,8,2.61,19,3,0.331,2024-11-03 19:20:25
CASE_03844,FIR/2025/461,2025-02-27 09:13:25,UPI_FRAUD,West Bengal,Synthetic_District_15,15.871162,96.199689,42579.32,9,1.2,9,3,0.131,2025-03-18 09:13:25
CASE_03845,FIR/2026/345,2026-06-26 15:27:25,NET_BANKING_FRAUD,West Bengal,Synthetic_District_21,17.011225,93.312638,179819.18,6,4.04,15,4,0.061,2026-07-16 15:27:25
CASE_03846,FIR/2025/534,2025-06-22 10:33:25,UPI_FRAUD,West Bengal,Synthetic_District_34,19.171834,88.996343,15147.01,20,3.59,10,6,0.558,2025-07-12 10:33:25
CASE_03847,FIR/2024/960,2024-11-16 10:30:25,NET_BANKING_FRAUD,Kerala,Synthetic_District_43,13.048869,72.801175,80713.16,15,4.05,10,5,0.104,2024-11-28 10:30:25
CASE_03848,FIR/2025/649,2025-12-30 10:14:25,PHISHING,Maharashtra,Synthetic_District_22,33.788098,71.555223,96604.64,13,0.87,10,1,0.741,2026-01-06 10:14:25
CASE_03849,FIR/2025/640,2025-10-22 08:39:25,UPI_FRAUD,Gujarat,Synthetic_District_13,9.828639,68.581523,11803.89,7,4.54,8,2,0.569,2025-11-18 08:39:25
CASE_03850,FIR/2025/835,2025-01-28 05:12:25,NET_BANKING_FRAUD,Maharashtra,Synthetic_District_28,12.918866,89.655235,173559.55,13,3.12,5,1,0.546,2025-02-21 05:12:25
CASE_03851,FIR/2026/502,2026-05-14 13:31:25,NET_BANKING_FRAUD,Delhi,Synthetic_District_48,10.203903,72.019868,96424.21,10,2.38,13,3,0.974,2026-06-04 13:31:25
CASE_03852,FIR/2025/665,2025-04-02 21:01:25,NET_BANKING_FRAUD,Andhra Pradesh,Synthetic_District_29,9.230042,87.92146,81558.96,4,2.02,21,2,0.443,2025-04-23 21:01:25
CASE_03853,FIR/2025/724,2025-07-01 09:27:25,INVESTMENT_SCAM,Delhi,Synthetic_District_22,21.227023,78.747473,391341.91,6,1.04,9,1,0.315,2025-07-06 09:27:25
CASE_03854,FIR/2026/293,2026-06-03 08:48:25,UPI_FRAUD,Kerala,Synthetic_District_49,10.035276,90.542127,39278.87,8,1.33,8,2,0.269,2026-06-13 08:48:25
CASE_03855,FIR/2026/630,2026-01-31 19:49:25,CARD_FRAUD,Delhi,Synthetic_District_12,35.510319,84.163776,175285.65,19,1.73,19,5,0.445,2026-02-26 19:49:25
CASE_03856,FIR/2026/567,2026-06-09 17:13:25,OTHER,Gujarat,Synthetic_District_42,20.395706,87.356588,6175.96,7,4.15,17,1,0.117,2026-06-13 17:13:25
CASE_03857,FIR/2025/297,2025-11-04 02:05:25,PHISHING,Andhra Pradesh,Synthetic_District_19,12.679216,77.349421,111153.8,1,4.29,2,1,0.961,2025-11-12 02:05:25
CASE_03858,FIR/2025/279,2025-06-05 15:43:25,IMPERSONATION,Maharashtra,Synthetic_District_3,10.90674,77.781669,149722.39,10,3.52,15,3,0.451,2025-06-30 15:43:25
CASE_03859,FIR/2026/719,2026-06-01 19:03:25,INVESTMENT_SCAM,Telangana,Synthetic_District_37,30.125952,89.940685,609324.71,16,0.31,19,0,0.095,2026-06-27 19:03:25
CASE_03860,FIR/2026/842,2026-02-02 17:08:25,NET_BANKING_FRAUD,Delhi,Synthetic_District_24,24.003902,73.411703,107038.95,3,4.5,17,0,0.802,2026-02-09 17:08:25
CASE_03861,FIR/2025/984,2025-09-02 02:08:25,NET_BANKING_FRAUD,Tamil Nadu,Synthetic_District_26,33.368931,85.866259,161117.02,17,3.46,2,1,0.983,2025-09-10 02:08:25
CASE_03862,FIR/2025/972,2025-12-21 09:12:25,PHISHING,Kerala,Synthetic_District_43,17.045144,76.973407,84451.98,19,2.59,9,6,0.117,2026-01-12 09:12:25
CASE_03863,FIR/2025/980,2025-11-16 23:33:25,PHISHING,Gujarat,Synthetic_District_49,13.593694,72.048885,157012.99,1,1.95,23,6,0.71,2025-11-17 23:33:25
CASE_03864,FIR/2025/730,2025-07-07 21:40:25,INVESTMENT_SCAM,Uttar Pradesh,Synthetic_District_9,29.934075,70.597818,329800.83,6,1.41,21,0,0.263,2025-07-14 21:40:25
CASE_03865,FIR/2026/779,2026-07-19 13:06:25,UPI_FRAUD,Gujarat,Synthetic_District_35,34.090234,69.73285,21600.24,19,3.72,13,6,0.503,2026-07-24 13:06:25
CASE_03866,FIR/2025/254,2025-01-28 19:53:25,UPI_FRAUD,Uttar Pradesh,Synthetic_District_40,22.65311,85.038173,10854.97,20,4.41,19,1,0.917,2025-02-01 19:53:25
CASE_03867,FIR/2025/793,2025-10-11 17:34:25,IMPERSONATION,Telangana,Synthetic_District_40,18.13192,76.643934,190175.49,14,0.49,17,5,0.559,2025-11-05 17:34:25
CASE_03868,FIR/2024/343,2024-12-01 16:25:25,NET_BANKING_FRAUD,Karnataka,Synthetic_District_20,29.094411,92.79284,103058.73,1,4.34,16,6,0.327,2024-12-24 16:25:25
CASE_03869,FIR/2025/817,2025-07-03 06:18:25,UPI_FRAUD,Tamil Nadu,Synthetic_District_8,31.783129,94.179181,4054.31,7,4.6,6,3,0.416,2025-08-02 06:18:25
CASE_03870,FIR/2025/853,2025-10-01 08:01:25,PHISHING,Maharashtra,Synthetic_District_8,34.390593,77.976945,37967.24,19,1.73,8,2,0.631,2025-10-22 08:01:25
CASE_03871,FIR/2026/799,2026-07-24 11:53:25,INVESTMENT_SCAM,Gujarat,Synthetic_District_39,29.326797,71.125131,127901.72,13,4.23,11,4,0.993,2026-08-13 11:53:25
CASE_03872,FIR/2026/488,2026-08-03 18:23:25,OTHER,Kerala,Synthetic_District_5,22.213044,80.072624,14225.58,19,0.73,18,0,0.909,2026-08-30 18:23:25
CASE_03873,FIR/2025/905,2025-10-12 11:04:25,INVESTMENT_SCAM,Andhra Pradesh,Synthetic_District_2,34.130222,96.712202,652754.95,3,2.16,11,6,0.52,2025-10-16 11:04:25
CASE_03874,FIR/2024/859,2024-12-23 03:42:25,OTHER,Andhra Pradesh,Synthetic_District_2,26.097964,76.467692,132665.55,20,1.57,3,0,0.632,2024-12-30 03:42:25
CASE_03875,FIR/2026/229,2026-08-01 01:42:25,INVESTMENT_SCAM,Karnataka,Synthetic_District_1,32.657313,80.007541,518256.24,4,1.92,1,5,0.335,2026-08-27 01:42:25
CASE_03876,FIR/2026/889,2026-07-06 17:07:25,PHISHING,Telangana,Synthetic_District_28,29.605546,94.884928,36634.32,18,2.78,17,0,0.858,2026-07-27 17:07:25
CASE_03877,FIR/2026/710,2026-09-04 09:46:25,OTHER,Gujarat,Synthetic_District_3,15.67713,76.011983,160092.58,11,1.68,9,4,0.982,2026-09-08 09:46:25
CASE_03878,FIR/2026/834,2026-08-30 05:21:25,IMPERSONATION,Kerala,Synthetic_District_3,32.458399,93.875547,42853.38,15,3.81,5,6,0.672,2026-09-25 05:21:25
CASE_03879,FIR/2025/478,2025-07-22 19:50:25,IMPERSONATION,Tamil Nadu,Synthetic_District_37,10.8462,68.042632,113583.49,17,3.26,19,1,0.579,2025-08-14 19:50:25
CASE_03880,FIR/2025/739,2025-11-09 05:16:25,NET_BANKING_FRAUD,Telangana,Synthetic_District_10,10.102651,82.713456,137757.11,11,3.41,5,6,0.85,2025-11-22 05:16:25
CASE_03881,FIR/2026/293,2026-03-27 14:47:25,CARD_FRAUD,Uttar Pradesh,Synthetic_District_17,12.187712,68.406291,139312.88,17,3.42,14,4,0.531,2026-04-01 14:47:25
CASE_03882,FIR/2025/626,2025-08-30 10:38:25,IMPERSONATION,Tamil Nadu,Synthetic_District_39,28.73658,95.856226,65567.03,2,1.04,10,5,0.024,2025-09-14 10:38:25
CASE_03883,FIR/2026/477,2026-01-24 23:33:25,UPI_FRAUD,West Bengal,Synthetic_District_36,19.875906,86.631307,7754.88,10,2.64,23,5,0.205,2026-01-26 23:33:25
CASE_03884,FIR/2026/179,2026-01-10 01:18:25,NET_BANKING_FRAUD,Tamil Nadu,Synthetic_District_17,36.276583,88.961378,189524.44,12,3.49,1,5,0.118,2026-01-19 01:18:25
CASE_03885,FIR/2024/203,2024-10-14 02:48:25,IMPERSONATION,Tamil Nadu,Synthetic_District_46,32.490465,79.202382,15307.44,16,4.41,2,0,0.002,2024-10-23 02:48:25
CASE_03886,FIR/2026/841,2026-03-11 04:04:25,IMPERSONATION,Delhi,Synthetic_District_44,13.576803,75.274277,131776.76,4,0.14,4,2,0.725,2026-03-21 04:04:25
CASE_03887,FIR/2026/354,2026-08-25 02:55:25,CARD_FRAUD,Uttar Pradesh,Synthetic_District_25,12.237128,92.414177,66038.86,14,0.48,2,1,0.269,2026-09-24 02:55:25
CASE_03888,FIR/2025/851,2025-03-08 14:30:25,OTHER,Uttar Pradesh,Synthetic_District_35,20.918044,69.817215,138783.94,2,3.1,14,5,0.661,2025-03-12 14:30:25
CASE_03889,FIR/2025/925,2025-09-05 21:22:25,CARD_FRAUD,Andhra Pradesh,Synthetic_District_8,11.2098,93.659822,22466.5,10,2.62,21,4,0.234,2025-09-14 21:22:25
CASE_03890,FIR/2026/875,2026-09-19 18:23:25,NET_BANKING_FRAUD,Delhi,Synthetic_District_44,19.928461,70.215469,150141.93,4,2.0,18,5,0.788,2026-10-12 18:23:25
CASE_03891,FIR/2026/965,2026-04-30 02:18:25,UPI_FRAUD,Karnataka,Synthetic_District_1,10.233472,72.776212,45851.73,7,1.17,2,3,0.696,2026-05-04 02:18:25
CASE_03892,FIR/2025/477,2025-12-03 07:22:25,OTHER,Andhra Pradesh,Synthetic_District_42,21.476328,75.126381,76927.35,8,2.79,7,2,0.647,2025-12-10 07:22:25
CASE_03893,FIR/2025/414,2025-11-01 09:04:25,UPI_FRAUD,Kerala,Synthetic_District_26,33.83693,73.081261,14742.22,17,0.21,9,5,0.487,2025-11-23 09:04:25
CASE_03894,FIR/2026/624,2026-06-09 12:48:25,CARD_FRAUD,Uttar Pradesh,Synthetic_District_50,26.580102,77.939432,196299.35,20,1.9,12,1,0.615,2026-07-08 12:48:25
CASE_03895,FIR/2025/656,2025-07-02 22:18:25,IMPERSONATION,Tamil Nadu,Synthetic_District_26,12.419731,95.626117,14668.82,16,0.98,22,2,0.026,2025-07-19 22:18:25
CASE_03896,FIR/2026/225,2026-02-13 22:14:25,CARD_FRAUD,Karnataka,Synthetic_District_24,24.907207,94.574394,190745.67,12,3.73,22,4,0.905,2026-03-04 22:14:25
CASE_03897,FIR/2026/482,2026-03-05 16:38:25,IMPERSONATION,Telangana,Synthetic_District_22,10.641199,77.047591,175176.06,12,3.62,16,3,0.79,2026-03-11 16:38:25
CASE_03898,FIR/2026/243,2026-06-29 06:01:25,PHISHING,Delhi,Synthetic_District_7,22.033499,71.718234,125756.92,10,0.79,6,0,0.777,2026-07-15 06:01:25
CASE_03899,FIR/2026/779,2026-07-20 13:55:25,INVESTMENT_SCAM,Delhi,Synthetic_District_2,33.842506,85.899332,558004.1,15,4.95,13,0,0.384,2026-08-14 13:55:25
CASE_03900,FIR/2025/249,2025-01-16 13:26:25,PHISHING,Karnataka,Synthetic_District_20,26.12848,92.389258,144079.81,17,3.79,13,3,0.988,2025-01-24 13:26:25
CASE_03901,FIR/2025/240,2025-01-17 02:08:25,OTHER,Telangana,Synthetic_District_15,9.756154,69.753414,172808.45,5,1.48,2,4,0.065,2025-01-18 02:08:25
CASE_03902,FIR/2024/534,2024-10-14 19:52:25,PHISHING,Kerala,Synthetic_District_20,13.362497,76.177896,14116.4,15,3.25,19,0,0.502,2024-11-11 19:52:25
CASE_03903,FIR/2026/731,2026-08-23 17:39:25,CARD_FRAUD,Delhi,Synthetic_District_48,11.860996,81.874258,67827.58,16,0.22,17,6,0.661,2026-09-06 17:39:25
CASE_03904,FIR/2024/737,2024-11-23 16:04:25,INVESTMENT_SCAM,Gujarat,Synthetic_District_40,24.927476,96.017776,493060.45,15,3.51,16,5,0.352,2024-12-15 16:04:25
CASE_03905,FIR/2026/165,2026-05-28 06:26:25,OTHER,Tamil Nadu,Synthetic_District_23,8.447109,80.987184,61838.31,14,3.95,6,3,0.618,2026-06-10 06:26:25
CASE_03906,FIR/2026/294,2026-01-04 22:29:25,NET_BANKING_FRAUD,Tamil Nadu,Synthetic_District_37,19.91545,68.762383,141602.82,2,2.27,22,6,0.911,2026-01-24 22:29:25
CASE_03907,FIR/2025/899,2025-07-16 08:05:25,UPI_FRAUD,Telangana,Synthetic_District_41,13.336409,69.318923,32942.31,3,0.81,8,2,0.843,2025-08-12 08:05:25
CASE_03908,FIR/2026/816,2026-02-06 17:31:25,CARD_FRAUD,Telangana,Synthetic_District_37,29.024308,74.828619,29335.42,5,1.13,17,4,0.552,2026-03-04 17:31:25
CASE_03909,FIR/2025/176,2025-08-06 23:58:25,UPI_FRAUD,Andhra Pradesh,Synthetic_District_26,29.420804,86.022184,20373.45,16,1.61,23,2,0.307,2025-09-04 23:58:25
CASE_03910,FIR/2025/214,2025-11-27 11:16:25,UPI_FRAUD,Uttar Pradesh,Synthetic_District_34,31.405635,84.821178,24438.13,3,3.98,11,3,0.118,2025-12-13 11:16:25
CASE_03911,FIR/2026/301,2026-04-11 06:53:25,PHISHING,Gujarat,Synthetic_District_8,17.337021,78.699506,116996.6,17,2.06,6,5,0.182,2026-04-21 06:53:25
CASE_03912,FIR/2025/960,2025-02-09 23:10:25,OTHER,Kerala,Synthetic_District_22,31.112743,83.594032,36371.74,10,3.59,23,6,0.741,2025-03-09 23:10:25
CASE_03913,FIR/2025/762,2025-04-29 06:49:25,OTHER,West Bengal,Synthetic_District_32,18.045495,68.748398,56949.58,1,1.85,6,1,0.694,2025-05-20 06:49:25
CASE_03914,FIR/2024/641,2024-12-05 19:41:25,OTHER,Kerala,Synthetic_District_41,16.897458,69.423382,169156.94,5,3.69,19,3,0.825,2024-12-30 19:41:25
CASE_03915,FIR/2026/336,2026-03-05 12:01:25,PHISHING,Gujarat,Synthetic_District_39,31.946986,79.774401,55960.18,14,4.79,12,3,0.287,2026-03-23 12:01:25
CASE_03916,FIR/2025/636,2025-11-10 16:14:25,UPI_FRAUD,Maharashtra,Synthetic_District_27,9.967675,72.895084,6064.49,16,3.61,16,0,0.645,2025-11-20 16:14:25
CASE_03917,FIR/2025/630,2025-12-30 07:03:25,INVESTMENT_SCAM,Kerala,Synthetic_District_24,28.307576,81.421566,446740.07,8,3.49,7,1,0.242,2026-01-20 07:03:25
CASE_03918,FIR/2026/632,2026-07-16 20:25:25,INVESTMENT_SCAM,Maharashtra,Synthetic_District_21,20.046439,77.48567,838054.15,10,0.69,20,3,0.214,2026-07-27 20:25:25
CASE_03919,FIR/2025/451,2025-07-10 13:34:25,OTHER,Gujarat,Synthetic_District_39,21.246393,91.407532,126953.81,15,3.05,13,3,0.719,2025-07-26 13:34:25
CASE_03920,FIR/2025/755,2025-12-26 12:48:25,OTHER,Telangana,Synthetic_District_22,36.09261,68.77722,62440.22,1,0.45,12,4,0.196,2026-01-20 12:48:25
CASE_03921,FIR/2025/459,2025-06-24 19:54:25,NET_BANKING_FRAUD,Uttar Pradesh,Synthetic_District_12,11.14485,73.319708,35245.6,18,1.85,19,1,0.448,2025-06-29 19:54:25
CASE_03922,FIR/2025/761,2025-06-20 18:08:25,CARD_FRAUD,Delhi,Synthetic_District_21,32.686791,71.033561,69044.03,16,1.51,18,4,0.532,2025-07-04 18:08:25
CASE_03923,FIR/2025/259,2025-08-23 21:44:25,IMPERSONATION,Kerala,Synthetic_District_14,20.695216,72.479165,81307.33,5,3.93,21,5,0.024,2025-08-28 21:44:25
CASE_03924,FIR/2024/684,2024-11-21 00:49:25,UPI_FRAUD,Andhra Pradesh,Synthetic_District_3,21.270673,78.903747,20977.6,6,3.6,0,3,0.954,2024-12-20 00:49:25
CASE_03925,FIR/2026/529,2026-09-02 20:31:25,CARD_FRAUD,Karnataka,Synthetic_District_40,19.92472,95.567295,103196.04,15,0.93,20,2,0.034,2026-09-21 20:31:25
CASE_03926,FIR/2025/499,2025-05-31 21:52:25,IMPERSONATION,Uttar Pradesh,Synthetic_District_13,30.887367,69.71706,115016.84,1,2.17,21,5,0.347,2025-06-13 21:52:25
CASE_03927,FIR/2026/838,2026-05-04 05:43:25,IMPERSONATION,Telangana,Synthetic_District_35,23.07526,75.903383,23589.37,12,0.72,5,0,0.397,2026-05-23 05:43:25
CASE_03928,FIR/2025/134,2025-06-26 18:51:25,IMPERSONATION,Delhi,Synthetic_District_3,23.595297,78.883623,6423.33,13,3.76,18,3,0.297,2025-07-22 18:51:25
CASE_03929,FIR/2025/471,2025-11-24 21:00:25,PHISHING,Maharashtra,Synthetic_District_45,35.934025,81.521191,20221.66,4,3.05,21,0,0.473,2025-12-20 21:00:25
CASE_03930,FIR/2025/540,2025-04-01 11:11:25,UPI_FRAUD,Telangana,Synthetic_District_15,10.337837,75.847725,16932.45,7,1.43,11,1,0.178,2025-04-03 11:11:25
CASE_03931,FIR/2026/908,2026-02-18 18:42:25,CARD_FRAUD,Karnataka,Synthetic_District_30,21.264979,72.813113,44180.69,18,2.39,18,2,0.618,2026-03-10 18:42:25
CASE_03932,FIR/2025/598,2025-09-05 09:21:25,PHISHING,Kerala,Synthetic_District_11,23.681377,79.527671,147040.6,3,2.48,9,4,0.392,2025-10-04 09:21:25
CASE_03933,FIR/2026/561,2026-09-07 13:15:25,IMPERSONATION,Tamil Nadu,Synthetic_District_33,30.126416,82.962019,173425.22,4,0.61,13,0,0.807,2026-09-09 13:15:25
CASE_03934,FIR/2026/254,2026-07-30 03:56:25,IMPERSONATION,Tamil Nadu,Synthetic_District_34,14.453118,94.791038,186915.79,6,0.82,3,3,0.465,2026-08-10 03:56:25
CASE_03935,FIR/2024/130,2024-11-14 01:03:25,OTHER,Andhra Pradesh,Synthetic_District_42,15.022472,73.426354,105331.55,9,2.8,1,3,0.609,2024-12-02 01:03:25
CASE_03936,FIR/2025/830,2025-06-13 05:47:25,CARD_FRAUD,Delhi,Synthetic_District_27,11.040073,88.994903,169003.38,12,1.69,5,4,0.311,2025-06-28 05:47:25
CASE_03937,FIR/2026/580,2026-05-21 23:57:25,IMPERSONATION,Karnataka,Synthetic_District_9,11.502241,93.631665,118007.19,13,0.48,23,3,0.386,2026-06-17 23:57:25
CASE_03938,FIR/2024/151,2024-11-04 02:15:25,IMPERSONATION,Delhi,Synthetic_District_40,32.861738,87.197885,76630.99,12,1.39,2,0,0.083,2024-11-28 02:15:25
CASE_03939,FIR/2024/133,2024-11-14 00:57:25,NET_BANKING_FRAUD,Delhi,Synthetic_District_40,27.14681,81.293659,93518.79,2,1.72,0,3,0.206,2024-11-28 00:57:25
CASE_03940,FIR/2025/871,2025-03-21 00:13:25,OTHER,Kerala,Synthetic_District_26,27.358894,90.377028,38182.0,13,0.15,0,4,0.537,2025-04-19 00:13:25
CASE_03941,FIR/2025/514,2025-09-29 18:50:25,INVESTMENT_SCAM,Telangana,Synthetic_District_49,19.394642,74.824264,613504.94,6,3.4,18,0,0.485,2025-10-02 18:50:25
CASE_03942,FIR/2025/216,2025-01-25 19:37:25,NET_BANKING_FRAUD,Delhi,Synthetic_District_23,25.480654,72.969593,102227.35,15,0.97,19,5,0.968,2025-01-28 19:37:25
CASE_03943,FIR/2025/233,2025-11-19 12:03:25,PHISHING,Uttar Pradesh,Synthetic_District_10,34.797533,75.156109,152789.22,9,0.45,12,2,0.443,2025-12-15 12:03:25
CASE_03944,FIR/2026/795,2026-02-01 04:50:25,NET_BANKING_FRAUD,Gujarat,Synthetic_District_11,12.636433,75.492259,81637.67,12,4.22,4,6,0.898,2026-02-18 04:50:25
CASE_03945,FIR/2025/673,2025-05-29 06:12:25,UPI_FRAUD,Tamil Nadu,Synthetic_District_16,36.915336,76.196388,25032.59,17,1.09,6,3,0.814,2025-06-05 06:12:25
CASE_03946,FIR/2026/215,2026-01-26 08:58:25,NET_BANKING_FRAUD,Telangana,Synthetic_District_41,24.712788,92.705086,170206.08,14,2.66,8,0,0.383,2026-02-12 08:58:25
CASE_03947,FIR/2024/527,2024-10-24 09:46:25,NET_BANKING_FRAUD,Telangana,Synthetic_District_16,9.474688,69.434384,118179.42,5,2.47,9,3,0.365,2024-11-13 09:46:25
CASE_03948,FIR/2025/387,2025-04-24 15:11:25,IMPERSONATION,Gujarat,Synthetic_District_1,25.944964,84.24912,163028.31,8,4.48,15,3,0.453,2025-04-27 15:11:25
CASE_03949,FIR/2025/583,2025-06-27 21:28:25,UPI_FRAUD,Kerala,Synthetic_District_29,31.89652,82.465816,10874.41,19,1.22,21,4,0.175,2025-07-02 21:28:25
CASE_03950,FIR/2026/385,2026-09-01 06:31:25,IMPERSONATION,Uttar Pradesh,Synthetic_District_21,15.540854,82.463633,101157.39,14,3.73,6,1,0.126,2026-09-09 06:31:25
CASE_03951,FIR/2025/623,2025-06-09 05:31:25,INVESTMENT_SCAM,Tamil Nadu,Synthetic_District_10,29.808117,68.863593,878545.77,16,0.95,5,0,0.917,2025-06-12 05:31:25
CASE_03952,FIR/2026/783,2026-06-23 04:24:25,INVESTMENT_SCAM,Andhra Pradesh,Synthetic_District_5,27.27901,68.738204,149575.94,17,4.11,4,1,0.031,2026-07-11 04:24:25
CASE_03953,FIR/2026/312,2026-04-27 15:48:25,CARD_FRAUD,Tamil Nadu,Synthetic_District_26,28.972118,80.690152,4863.18,9,3.91,15,0,0.329,2026-05-02 15:48:25
CASE_03954,FIR/2025/499,2025-04-08 08:08:25,INVESTMENT_SCAM,Gujarat,Synthetic_District_15,31.120531,87.995641,296042.12,16,0.98,8,1,0.896,2025-04-12 08:08:25
CASE_03955,FIR/2025/895,2025-08-18 04:00:25,PHISHING,Maharashtra,Synthetic_District_26,25.936482,84.775602,64697.11,6,2.88,4,0,0.908,2025-08-27 04:00:25
CASE_03956,FIR/2025/446,2025-10-04 19:50:25,IMPERSONATION,Maharashtra,Synthetic_District_28,8.12222,79.57043,133355.24,10,4.18,19,5,0.783,2025-11-02 19:50:25
CASE_03957,FIR/2025/932,2025-01-15 23:57:25,INVESTMENT_SCAM,Karnataka,Synthetic_District_48,35.560789,92.010289,453970.71,11,4.23,23,2,0.641,2025-01-28 23:57:25
CASE_03958,FIR/2025/796,2025-11-08 16:04:25,NET_BANKING_FRAUD,Maharashtra,Synthetic_District_33,10.485796,94.46444,14073.75,5,3.33,16,5,0.453,2025-11-15 16:04:25
CASE_03959,FIR/2026/369,2026-05-09 20:22:25,IMPERSONATION,Andhra Pradesh,Synthetic_District_22,34.866357,92.950691,18366.29,14,4.69,20,5,0.433,2026-06-01 20:22:25
CASE_03960,FIR/2026/487,2026-08-11 09:06:25,OTHER,Gujarat,Synthetic_District_48,33.233329,86.815341,13606.84,12,1.84,9,1,0.619,2026-09-05 09:06:25
CASE_03961,FIR/2026/522,2026-05-16 19:23:25,NET_BANKING_FRAUD,Uttar Pradesh,Synthetic_District_29,19.773218,89.478556,199639.43,5,1.07,19,5,0.275,2026-05-26 19:23:25
CASE_03962,FIR/2026/802,2026-05-08 15:21:25,OTHER,Maharashtra,Synthetic_District_19,14.800399,87.332246,159942.33,9,1.07,15,4,0.68,2026-05-13 15:21:25
CASE_03963,FIR/2025/540,2025-07-30 11:51:25,OTHER,Tamil Nadu,Synthetic_District_8,22.42609,81.611887,84200.16,9,3.57,11,2,0.273,2025-08-05 11:51:25
CASE_03964,FIR/2025/234,2025-02-24 20:39:25,PHISHING,Maharashtra,Synthetic_District_46,31.024798,92.400656,136265.7,7,4.87,20,0,0.093,2025-03-20 20:39:25
CASE_03965,FIR/2026/308,2026-08-29 10:46:25,PHISHING,Maharashtra,Synthetic_District_30,17.47323,68.906395,52217.35,6,3.0,10,5,0.365,2026-09-06 10:46:25
CASE_03966,FIR/2026/340,2026-04-25 02:45:25,INVESTMENT_SCAM,Delhi,Synthetic_District_31,10.932525,76.654202,748764.65,7,3.71,2,5,0.323,2026-05-02 02:45:25
CASE_03967,FIR/2025/788,2025-08-21 13:12:25,IMPERSONATION,Kerala,Synthetic_District_15,9.897714,80.745381,41149.58,3,3.07,13,3,0.964,2025-08-24 13:12:25
CASE_03968,FIR/2025/456,2025-10-24 00:44:25,OTHER,Kerala,Synthetic_District_29,26.218331,88.345636,39923.64,9,4.34,0,4,0.211,2025-11-23 00:44:25
CASE_03969,FIR/2026/210,2026-07-16 13:17:25,PHISHING,Gujarat,Synthetic_District_27,23.790804,95.95367,65405.71,5,0.26,13,3,0.923,2026-07-21 13:17:25
CASE_03970,FIR/2026/891,2026-05-06 13:22:25,IMPERSONATION,West Bengal,Synthetic_District_45,9.205092,94.948224,51686.74,10,1.8,13,2,0.118,2026-05-24 13:22:25
CASE_03971,FIR/2025/779,2025-12-01 11:28:25,UPI_FRAUD,West Bengal,Synthetic_District_6,20.389386,73.103861,37850.73,10,3.02,11,0,0.195,2025-12-31 11:28:25
CASE_03972,FIR/2025/202,2025-08-05 03:00:25,IMPERSONATION,Tamil Nadu,Synthetic_District_14,34.698716,96.024164,84227.73,4,3.95,3,1,0.414,2025-08-28 03:00:25
CASE_03973,FIR/2025/945,2025-07-24 04:50:25,NET_BANKING_FRAUD,Karnataka,Synthetic_District_21,15.908434,74.568987,20992.94,1,2.47,4,3,0.668,2025-08-16 04:50:25
CASE_03974,FIR/2025/817,2025-05-30 05:15:25,UPI_FRAUD,Kerala,Synthetic_District_31,8.117775,85.558773,6439.98,12,4.82,5,4,0.805,2025-06-05 05:15:25
CASE_03975,FIR/2025/709,2025-01-18 07:35:25,INVESTMENT_SCAM,Kerala,Synthetic_District_1,27.228324,79.248228,824536.76,15,0.79,7,5,0.594,2025-02-02 07:35:25
CASE_03976,FIR/2025/273,2025-02-20 18:02:25,UPI_FRAUD,Uttar Pradesh,Synthetic_District_13,9.890327,89.921454,27775.1,4,3.26,18,3,0.889,2025-03-10 18:02:25
CASE_03977,FIR/2026/671,2026-07-09 07:05:25,IMPERSONATION,Andhra Pradesh,Synthetic_District_45,15.477557,95.972565,138214.53,1,4.45,7,3,0.884,2026-07-29 07:05:25
CASE_03978,FIR/2025/223,2025-02-24 13:08:25,CARD_FRAUD,Gujarat,Synthetic_District_22,17.459915,68.03511,50105.86,13,4.21,13,0,0.434,2025-03-06 13:08:25
CASE_03979,FIR/2026/378,2026-09-22 00:19:25,OTHER,Karnataka,Synthetic_District_15,25.487166,81.515663,146903.07,13,2.44,0,1,0.281,2026-10-07 00:19:25
CASE_03980,FIR/2025/191,2025-12-02 11:25:25,UPI_FRAUD,Kerala,Synthetic_District_9,18.317742,87.142283,29135.41,2,3.12,11,1,0.392,2025-12-16 11:25:25
CASE_03981,FIR/2026/761,2026-08-24 15:48:25,PHISHING,Telangana,Synthetic_District_11,22.705651,83.162659,102381.1,7,0.67,15,0,0.21,2026-09-13 15:48:25
CASE_03982,FIR/2026/942,2026-06-26 06:16:25,INVESTMENT_SCAM,Kerala,Synthetic_District_13,35.070824,83.537664,255376.98,12,3.13,6,4,0.108,2026-07-16 06:16:25
CASE_03983,FIR/2026/624,2026-01-17 07:11:25,PHISHING,Andhra Pradesh,Synthetic_District_46,31.224489,84.691712,102937.03,5,1.74,7,5,0.647,2026-01-26 07:11:25
CASE_03984,FIR/2025/514,2025-05-20 08:29:25,NET_BANKING_FRAUD,Delhi,Synthetic_District_33,22.422397,70.227985,40033.48,4,4.83,8,1,0.437,2025-06-17 08:29:25
CASE_03985,FIR/2025/455,2025-05-05 13:06:25,INVESTMENT_SCAM,Tamil Nadu,Synthetic_District_39,15.810996,78.709759,769514.42,2,2.18,13,0,0.568,2025-05-25 13:06:25
CASE_03986,FIR/2025/369,2025-09-09 09:34:25,IMPERSONATION,West Bengal,Synthetic_District_27,14.828682,91.261413,26564.86,20,2.91,9,1,0.462,2025-09-14 09:34:25
CASE_03987,FIR/2026/224,2026-03-17 03:05:25,IMPERSONATION,Gujarat,Synthetic_District_38,13.926889,92.150824,125946.58,20,1.57,3,1,0.219,2026-03-27 03:05:25
CASE_03988,FIR/2026/172,2026-05-02 14:52:25,CARD_FRAUD,Telangana,Synthetic_District_17,16.990634,93.322554,32618.83,2,2.94,14,5,0.463,2026-05-15 14:52:25
CASE_03989,FIR/2025/469,2025-02-27 02:43:25,PHISHING,Gujarat,Synthetic_District_17,8.95683,68.655114,110498.92,12,0.88,2,3,0.67,2025-03-15 02:43:25
CASE_03990,FIR/2026/477,2026-07-13 15:14:25,OTHER,Kerala,Synthetic_District_30,20.499169,95.083686,4926.96,8,0.34,15,0,0.453,2026-08-04 15:14:25
CASE_03991,FIR/2025/178,2025-12-26 11:36:25,INVESTMENT_SCAM,Karnataka,Synthetic_District_38,8.816611,88.415799,514076.68,12,3.86,11,4,0.966,2025-12-30 11:36:25
CASE_03992,FIR/2026/919,2026-06-28 01:46:25,NET_BANKING_FRAUD,Tamil Nadu,Synthetic_District_18,35.567728,79.836034,34746.75,12,3.66,1,6,0.272,2026-07-21 01:46:25
CASE_03993,FIR/2024/255,2024-12-03 07:48:25,INVESTMENT_SCAM,Delhi,Synthetic_District_4,25.038546,91.864839,195293.07,3,3.81,7,1,0.211,2024-12-04 07:48:25
CASE_03994,FIR/2024/165,2024-10-03 22:22:25,IMPERSONATION,Maharashtra,Synthetic_District_20,20.794952,94.183422,71823.37,15,0.96,22,3,0.572,2024-10-26 22:22:25
CASE_03995,FIR/2025/616,2025-09-20 04:05:25,PHISHING,Tamil Nadu,Synthetic_District_45,25.922966,75.321179,48886.93,16,1.79,4,5,0.702,2025-09-30 04:05:25
CASE_03996,FIR/2025/239,2025-08-16 05:44:25,INVESTMENT_SCAM,Andhra Pradesh,Synthetic_District_15,13.671827,91.876942,319038.47,8,3.91,5,5,0.851,2025-09-03 05:44:25
CASE_03997,FIR/2026/450,2026-04-10 02:41:25,IMPERSONATION,Maharashtra,Synthetic_District_37,34.648554,74.008119,173435.77,10,2.85,2,4,0.792,2026-04-28 02:41:25
CASE_03998,FIR/2025/532,2025-02-18 01:50:25,PHISHING,Karnataka,Synthetic_District_26,27.192938,90.906136,9187.38,9,4.04,1,1,0.041,2025-03-02 01:50:25
CASE_03999,FIR/2026/397,2026-07-16 16:21:25,PHISHING,Maharashtra,Synthetic_District_32,27.802649,89.439332,175010.71,7,1.1,16,3,0.718,2026-08-06 16:21:25
CASE_04000,FIR/2025/820,2025-05-27 15:25:25,UPI_FRAUD,Gujarat,Synthetic_District_8,23.864396,91.716488,47860.15,4,3.17,15,1,0.531,2025-05-30 15:25:25
CASE_04001,FIR/2025/682,2025-10-27 13:46:25,NET_BANKING_FRAUD,Delhi,Synthetic_District_15,9.943829,94.929828,133365.14,15,4.96,13,0,0.666,2025-10-31 13:46:25
CASE_04002,FIR/2026/657,2026-08-21 19:27:25,OTHER,Karnataka,Synthetic_District_10,34.837803,74.830593,164985.58,18,2.83,19,4,0.887,2026-09-09 19:27:25
CASE_04003,FIR/2026/243,2026-08-27 08:43:25,UPI_FRAUD,Telangana,Synthetic_District_29,25.636316,77.177457,38540.71,12,2.17,8,3,0.27,2026-08-30 08:43:25
CASE_04004,FIR/2024/398,2024-12-10 12:26:25,IMPERSONATION,Gujarat,Synthetic_District_45,13.359684,79.330071,38661.72,19,4.9,12,1,0.701,2024-12-16 12:26:25
CASE_04005,FIR/2025/819,2025-08-08 17:27:25,PHISHING,Kerala,Synthetic_District_40,12.172839,74.538867,47076.81,16,3.21,17,4,0.623,2025-08-17 17:27:25
CASE_04006,FIR/2025/124,2025-08-23 17:23:25,UPI_FRAUD,Tamil Nadu,Synthetic_District_40,27.571614,90.24604,30115.17,5,2.65,17,5,0.376,2025-08-31 17:23:25
CASE_04007,FIR/2026/900,2026-06-21 03:00:25,INVESTMENT_SCAM,Maharashtra,Synthetic_District_2,19.105425,88.819787,953230.09,8,1.18,3,6,0.92,2026-06-27 03:00:25
CASE_04008,FIR/2025/879,2025-12-29 05:05:25,OTHER,Kerala,Synthetic_District_35,27.425502,92.913962,44063.64,10,2.92,5,0,0.391,2026-01-18 05:05:25
CASE_04009,FIR/2026/470,2026-05-11 14:55:25,PHISHING,West Bengal,Synthetic_District_23,29.01206,89.433284,192606.31,1,0.46,14,0,0.68,2026-05-15 14:55:25
CASE_04010,FIR/2026/796,2026-07-11 15:42:25,IMPERSONATION,Telangana,Synthetic_District_44,16.99296,90.439964,185013.85,18,4.26,15,5,0.491,2026-07-16 15:42:25
CASE_04011,FIR/2024/917,2024-10-04 07:02:25,UPI_FRAUD,West Bengal,Synthetic_District_30,8.403738,73.474617,18385.25,5,0.93,7,4,0.723,2024-10-19 07:02:25
CASE_04012,FIR/2026/452,2026-01-10 03:24:25,INVESTMENT_SCAM,Kerala,Synthetic_District_48,34.009668,85.312991,101918.75,17,1.28,3,5,0.074,2026-01-17 03:24:25
CASE_04013,FIR/2025/153,2025-03-28 17:29:25,CARD_FRAUD,Tamil Nadu,Synthetic_District_41,22.116766,82.737778,22059.6,3,0.37,17,4,0.15,2025-04-22 17:29:25
CASE_04014,FIR/2026/952,2026-06-03 06:56:25,INVESTMENT_SCAM,Gujarat,Synthetic_District_21,36.813056,93.654046,374488.39,4,0.86,6,2,0.215,2026-06-05 06:56:25
CASE_04015,FIR/2026/888,2026-07-20 18:16:25,OTHER,Tamil Nadu,Synthetic_District_14,28.356464,91.105907,121842.62,6,1.81,18,0,0.467,2026-08-03 18:16:25
CASE_04016,FIR/2025/268,2025-12-21 10:24:25,INVESTMENT_SCAM,Gujarat,Synthetic_District_19,20.118904,70.860965,215569.19,7,1.15,10,6,0.364,2026-01-19 10:24:25
CASE_04017,FIR/2025/476,2025-09-20 09:56:25,IMPERSONATION,Andhra Pradesh,Synthetic_District_23,19.535077,69.85402,124890.07,6,3.03,9,5,0.725,2025-10-18 09:56:25
CASE_04018,FIR/2026/995,2026-06-03 18:22:25,IMPERSONATION,Kerala,Synthetic_District_5,29.770471,82.455273,113797.26,7,3.83,18,2,0.428,2026-06-10 18:22:25
CASE_04019,FIR/2026/279,2026-01-05 10:43:25,IMPERSONATION,Telangana,Synthetic_District_27,35.120511,90.31979,195837.0,12,2.76,10,0,0.91,2026-01-21 10:43:25
CASE_04020,FIR/2025/431,2025-12-21 06:22:25,CARD_FRAUD,Gujarat,Synthetic_District_32,28.964488,77.325151,179832.03,18,2.09,6,6,0.365,2026-01-17 06:22:25
CASE_04021,FIR/2024/695,2024-11-22 05:14:25,INVESTMENT_SCAM,Andhra Pradesh,Synthetic_District_18,33.064864,69.931994,743211.63,12,2.97,5,4,0.005,2024-12-12 05:14:25
CASE_04022,FIR/2025/417,2025-02-17 03:11:25,INVESTMENT_SCAM,Delhi,Synthetic_District_28,15.607875,95.765396,483549.62,16,3.12,3,0,0.046,2025-03-13 03:11:25
CASE_04023,FIR/2026/506,2026-04-10 18:35:25,OTHER,Andhra Pradesh,Synthetic_District_1,28.086056,86.214072,60581.43,8,2.59,18,4,0.782,2026-05-07 18:35:25
CASE_04024,FIR/2025/204,2025-04-05 09:08:25,UPI_FRAUD,Andhra Pradesh,Synthetic_District_10,30.12774,77.576954,35829.69,6,0.24,9,5,0.615,2025-04-11 09:08:25
CASE_04025,FIR/2025/932,2025-09-06 21:52:25,PHISHING,Tamil Nadu,Synthetic_District_36,8.362692,84.844671,153424.71,10,1.4,21,5,0.82,2025-10-05 21:52:25
CASE_04026,FIR/2025/836,2025-02-14 08:09:25,PHISHING,Maharashtra,Synthetic_District_19,22.833353,75.643109,65512.2,16,3.19,8,4,0.315,2025-02-18 08:09:25
CASE_04027,FIR/2025/871,2025-02-11 14:23:25,CARD_FRAUD,West Bengal,Synthetic_District_39,14.971584,96.560241,55883.9,11,1.2,14,1,0.632,2025-03-11 14:23:25
CASE_04028,FIR/2025/684,2025-05-20 03:17:25,OTHER,Uttar Pradesh,Synthetic_District_41,32.243572,87.79277,132490.7,3,2.22,3,1,0.347,2025-06-01 03:17:25
CASE_04029,FIR/2026/236,2026-07-22 13:23:25,IMPERSONATION,West Bengal,Synthetic_District_46,21.73095,87.706942,68609.77,3,0.74,13,2,0.007,2026-08-14 13:23:25
CASE_04030,FIR/2024/409,2024-11-13 19:20:25,UPI_FRAUD,Uttar Pradesh,Synthetic_District_30,15.233412,69.834839,24877.32,3,1.51,19,2,0.607,2024-11-21 19:20:25
CASE_04031,FIR/2025/724,2025-05-02 06:39:25,UPI_FRAUD,Maharashtra,Synthetic_District_4,17.120756,68.084776,28270.1,11,3.07,6,4,0.39,2025-05-30 06:39:25
CASE_04032,FIR/2025/375,2025-01-12 12:26:25,NET_BANKING_FRAUD,Karnataka,Synthetic_District_2,32.559989,78.502296,180074.17,16,1.9,12,6,0.52,2025-01-21 12:26:25
CASE_04033,FIR/2026/272,2026-08-19 02:07:25,INVESTMENT_SCAM,Maharashtra,Synthetic_District_2,28.76648,72.724379,748630.61,17,4.53,2,2,0.814,2026-09-17 02:07:25
CASE_04034,FIR/2026/516,2026-03-09 22:19:25,IMPERSONATION,Telangana,Synthetic_District_18,24.537943,92.161622,185317.55,18,2.27,22,0,0.324,2026-03-11 22:19:25
CASE_04035,FIR/2026/223,2026-09-23 04:04:25,UPI_FRAUD,Uttar Pradesh,Synthetic_District_4,24.639206,81.28222,16796.27,15,3.82,4,2,0.981,2026-10-20 04:04:25
CASE_04036,FIR/2025/978,2025-12-27 11:09:25,IMPERSONATION,Andhra Pradesh,Synthetic_District_6,34.337456,80.289194,180636.22,9,0.65,11,5,0.76,2026-01-23 11:09:25
CASE_04037,FIR/2025/982,2025-01-09 22:37:25,INVESTMENT_SCAM,West Bengal,Synthetic_District_14,19.016442,85.427456,299426.56,12,2.98,22,3,0.364,2025-01-15 22:37:25
CASE_04038,FIR/2026/697,2026-02-08 07:32:25,UPI_FRAUD,Uttar Pradesh,Synthetic_District_9,33.699696,80.059877,34689.41,4,4.12,7,6,0.389,2026-03-02 07:32:25
CASE_04039,FIR/2026/121,2026-08-18 01:23:25,UPI_FRAUD,West Bengal,Synthetic_District_42,13.164917,80.316804,21804.6,1,0.15,1,1,0.712,2026-08-30 01:23:25
CASE_04040,FIR/2024/881,2024-12-17 13:53:25,UPI_FRAUD,Kerala,Synthetic_District_24,36.788122,88.545643,46152.42,13,2.96,13,1,0.334,2025-01-11 13:53:25
CASE_04041,FIR/2026/299,2026-01-22 23:30:25,CARD_FRAUD,West Bengal,Synthetic_District_23,34.891458,87.152949,120579.29,7,1.1,23,3,0.359,2026-02-19 23:30:25
CASE_04042,FIR/2026/187,2026-03-08 15:31:25,CARD_FRAUD,Tamil Nadu,Synthetic_District_47,23.677749,81.733021,118859.1,17,2.54,15,6,0.003,2026-03-26 15:31:25
CASE_04043,FIR/2026/975,2026-03-11 19:25:25,OTHER,Maharashtra,Synthetic_District_8,28.904879,74.775829,132800.58,16,3.09,19,2,0.877,2026-04-10 19:25:25
CASE_04044,FIR/2025/270,2025-03-11 22:57:25,UPI_FRAUD,Kerala,Synthetic_District_6,26.255469,80.822992,13370.88,15,4.4,22,1,0.762,2025-03-16 22:57:25
CASE_04045,FIR/2026/345,2026-02-13 09:16:25,OTHER,Tamil Nadu,Synthetic_District_48,22.786826,90.024416,120736.86,20,3.26,9,4,0.842,2026-03-09 09:16:25
CASE_04046,FIR/2024/151,2024-12-08 23:28:25,PHISHING,West Bengal,Synthetic_District_10,13.250432,69.571163,35362.73,10,2.64,23,6,0.659,2024-12-31 23:28:25
CASE_04047,FIR/2025/894,2025-06-01 02:52:25,INVESTMENT_SCAM,West Bengal,Synthetic_District_7,20.046133,75.406923,516268.07,12,2.43,2,6,0.803,2025-06-03 02:52:25
CASE_04048,FIR/2025/737,2025-07-23 21:27:25,OTHER,Uttar Pradesh,Synthetic_District_2,8.43093,90.670467,68801.23,6,2.6,21,2,0.164,2025-08-01 21:27:25
CASE_04049,FIR/2025/919,2025-01-07 07:47:25,IMPERSONATION,Tamil Nadu,Synthetic_District_41,30.772633,74.918194,25756.16,16,3.41,7,1,0.21,2025-01-09 07:47:25
CASE_04050,FIR/2025/584,2025-05-16 18:38:25,CARD_FRAUD,Uttar Pradesh,Synthetic_District_11,17.630714,91.398554,148033.03,3,2.54,18,4,0.223,2025-06-15 18:38:25
CASE_04051,FIR/2025/267,2025-09-20 08:52:25,PHISHING,Delhi,Synthetic_District_4,10.369231,93.4788,82292.65,5,3.1,8,5,0.927,2025-10-06 08:52:25
CASE_04052,FIR/2026/513,2026-06-23 06:20:25,CARD_FRAUD,Delhi,Synthetic_District_6,10.679993,95.638975,199858.56,1,3.21,6,1,0.417,2026-06-25 06:20:25
CASE_04053,FIR/2026/110,2026-03-09 20:51:25,OTHER,Gujarat,Synthetic_District_50,27.036263,80.548523,27411.06,11,3.37,20,0,0.213,2026-03-14 20:51:25
CASE_04054,FIR/2026/841,2026-05-10 20:52:25,OTHER,Telangana,Synthetic_District_3,26.356599,70.911917,139526.56,8,1.43,20,6,0.924,2026-05-23 20:52:25
CASE_04055,FIR/2026/127,2026-04-07 15:41:25,OTHER,Uttar Pradesh,Synthetic_District_9,31.775657,70.39597,116413.46,17,1.5,15,1,0.94,2026-05-07 15:41:25
CASE_04056,FIR/2026/838,2026-05-30 01:07:25,CARD_FRAUD,Uttar Pradesh,Synthetic_District_18,29.323307,80.736159,134051.69,12,1.54,1,5,0.843,2026-06-21 01:07:25
CASE_04057,FIR/2024/413,2024-11-25 02:16:25,CARD_FRAUD,Delhi,Synthetic_District_44,11.125058,92.262369,157589.87,14,1.23,2,0,0.257,2024-11-26 02:16:25
CASE_04058,FIR/2025/408,2025-06-26 05:05:25,UPI_FRAUD,Kerala,Synthetic_District_20,20.198691,91.227944,43662.47,16,1.62,5,3,0.068,2025-07-06 05:05:25
CASE_04059,FIR/2025/623,2025-08-20 22:05:25,PHISHING,West Bengal,Synthetic_District_35,27.323901,79.423207,140958.99,13,1.66,22,2,0.017,2025-09-07 22:05:25
CASE_04060,FIR/2026/184,2026-06-17 00:42:25,UPI_FRAUD,Gujarat,Synthetic_District_36,16.518633,70.216783,12575.11,20,0.58,0,2,0.777,2026-07-10 00:42:25
CASE_04061,FIR/2026/324,2026-06-15 12:16:25,CARD_FRAUD,Uttar Pradesh,Synthetic_District_14,22.142608,82.027669,52865.87,5,3.77,12,0,0.996,2026-07-09 12:16:25
CASE_04062,FIR/2025/363,2025-02-01 04:01:25,OTHER,Maharashtra,Synthetic_District_11,36.87049,96.150002,31170.54,1,3.61,4,5,0.852,2025-02-23 04:01:25
CASE_04063,FIR/2025/586,2025-05-03 01:33:25,UPI_FRAUD,Delhi,Synthetic_District_12,14.657876,93.08359,9383.29,15,4.58,1,5,0.044,2025-05-13 01:33:25
CASE_04064,FIR/2024/588,2024-12-09 12:15:25,CARD_FRAUD,Karnataka,Synthetic_District_44,9.506776,80.458304,44090.41,6,1.25,12,0,0.917,2024-12-29 12:15:25
CASE_04065,FIR/2026/566,2026-04-23 14:25:25,INVESTMENT_SCAM,Tamil Nadu,Synthetic_District_15,35.725242,72.619688,907528.11,1,2.7,14,3,0.916,2026-04-30 14:25:25
CASE_04066,FIR/2026/659,2026-07-17 07:08:25,CARD_FRAUD,Delhi,Synthetic_District_27,35.381423,72.614398,136794.8,3,2.68,7,4,0.281,2026-08-11 07:08:25
CASE_04067,FIR/2025/454,2025-10-12 20:31:25,UPI_FRAUD,West Bengal,Synthetic_District_37,28.469091,84.774284,27882.98,3,2.69,20,6,0.912,2025-11-07 20:31:25
CASE_04068,FIR/2026/608,2026-06-08 12:02:25,PHISHING,West Bengal,Synthetic_District_16,16.273948,90.620807,112710.99,1,2.12,12,0,0.19,2026-06-30 12:02:25
CASE_04069,FIR/2026/930,2026-05-25 16:26:25,CARD_FRAUD,Kerala,Synthetic_District_13,13.44002,84.351306,68541.0,15,3.59,16,0,0.769,2026-06-09 16:26:25
CASE_04070,FIR/2025/992,2025-02-07 12:45:25,CARD_FRAUD,Uttar Pradesh,Synthetic_District_44,35.359817,73.372074,11046.72,5,1.46,12,4,0.196,2025-02-28 12:45:25
CASE_04071,FIR/2024/858,2024-10-31 17:24:25,IMPERSONATION,Gujarat,Synthetic_District_15,11.23616,73.588746,17128.55,5,1.54,17,3,0.227,2024-11-22 17:24:25
CASE_04072,FIR/2026/274,2026-03-12 13:35:25,IMPERSONATION,Kerala,Synthetic_District_17,21.923521,74.934394,100092.24,19,3.71,13,3,0.923,2026-03-16 13:35:25
CASE_04073,FIR/2025/734,2025-02-14 19:43:25,PHISHING,West Bengal,Synthetic_District_38,20.518554,85.403899,73795.06,3,0.34,19,4,0.303,2025-02-18 19:43:25
CASE_04074,FIR/2026/582,2026-05-05 09:38:25,OTHER,Delhi,Synthetic_District_18,16.43549,86.081107,132149.88,6,5.0,9,1,0.441,2026-05-24 09:38:25
CASE_04075,FIR/2026/935,2026-05-19 13:37:25,UPI_FRAUD,West Bengal,Synthetic_District_14,10.472543,95.085613,17847.56,19,2.37,13,1,0.507,2026-05-31 13:37:25
CASE_04076,FIR/2025/157,2025-01-17 06:10:25,CARD_FRAUD,Maharashtra,Synthetic_District_35,9.401178,78.800601,171039.59,10,4.87,6,4,0.751,2025-02-01 06:10:25
CASE_04077,FIR/2025/229,2025-12-22 04:48:25,UPI_FRAUD,Tamil Nadu,Synthetic_District_7,19.279918,77.845643,33301.98,16,1.9,4,0,0.025,2025-12-24 04:48:25
CASE_04078,FIR/2024/650,2024-10-18 23:09:25,OTHER,Telangana,Synthetic_District_31,32.967295,74.935498,82789.39,16,4.97,23,4,0.237,2024-10-27 23:09:25
CASE_04079,FIR/2026/809,2026-01-04 13:37:25,OTHER,West Bengal,Synthetic_District_18,31.255941,78.616965,19124.53,3,4.34,13,6,0.227,2026-01-06 13:37:25
CASE_04080,FIR/2025/648,2025-03-28 19:56:25,INVESTMENT_SCAM,Delhi,Synthetic_District_13,19.804383,96.48753,814685.67,16,4.86,19,4,0.33,2025-04-01 19:56:25
CASE_04081,FIR/2025/132,2025-01-02 21:23:25,IMPERSONATION,Tamil Nadu,Synthetic_District_49,28.882479,69.528824,104737.66,13,0.85,21,3,0.441,2025-01-14 21:23:25
CASE_04082,FIR/2024/670,2024-11-06 05:35:25,NET_BANKING_FRAUD,Delhi,Synthetic_District_44,18.162554,93.049339,135005.99,5,2.92,5,2,0.326,2024-12-04 05:35:25
CASE_04083,FIR/2025/385,2025-11-06 03:37:25,OTHER,Gujarat,Synthetic_District_25,14.45364,70.229284,141069.11,20,0.55,3,3,0.371,2025-12-05 03:37:25
CASE_04084,FIR/2026/463,2026-05-31 17:58:25,NET_BANKING_FRAUD,Kerala,Synthetic_District_11,32.157303,73.916686,68327.07,6,4.94,17,6,0.256,2026-06-14 17:58:25
CASE_04085,FIR/2026/519,2026-01-05 05:32:25,OTHER,Gujarat,Synthetic_District_25,10.14239,76.819829,26010.87,15,2.98,5,0,0.277,2026-01-17 05:32:25
CASE_04086,FIR/2025/874,2025-09-07 22:33:25,PHISHING,Delhi,Synthetic_District_45,9.253822,85.323781,59554.83,14,1.38,22,6,0.988,2025-09-19 22:33:25
CASE_04087,FIR/2025/378,2025-07-22 12:13:25,INVESTMENT_SCAM,Tamil Nadu,Synthetic_District_31,10.410091,92.416917,99968.8,13,0.3,12,1,0.647,2025-08-01 12:13:25
CASE_04088,FIR/2026/538,2026-03-07 12:16:25,PHISHING,Karnataka,Synthetic_District_8,18.091341,92.530258,14749.86,8,4.45,12,5,0.566,2026-03-19 12:16:25
CASE_04089,FIR/2025/848,2025-04-06 18:51:25,OTHER,Telangana,Synthetic_District_18,31.54145,75.396965,148689.06,3,1.8,18,6,0.677,2025-04-15 18:51:25
CASE_04090,FIR/2025/162,2025-05-06 13:14:25,INVESTMENT_SCAM,West Bengal,Synthetic_District_27,32.294501,68.775756,976943.05,17,1.28,13,1,0.527,2025-05-30 13:14:25
CASE_04091,FIR/2025/329,2025-10-13 04:17:25,IMPERSONATION,Andhra Pradesh,Synthetic_District_17,17.29991,86.375785,189528.29,15,1.93,4,0,0.613,2025-11-01 04:17:25
CASE_04092,FIR/2026/851,2026-05-01 15:15:25,CARD_FRAUD,Kerala,Synthetic_District_11,26.329363,86.791324,27464.17,2,3.68,15,4,0.848,2026-05-08 15:15:25
CASE_04093,FIR/2025/513,2025-10-28 08:55:25,OTHER,West Bengal,Synthetic_District_17,24.970567,82.347638,96009.35,17,1.71,8,1,0.807,2025-11-26 08:55:25
CASE_04094,FIR/2026/921,2026-01-06 09:40:25,IMPERSONATION,Gujarat,Synthetic_District_12,30.125893,74.744502,174926.53,17,0.62,9,1,0.53,2026-01-24 09:40:25
CASE_04095,FIR/2025/709,2025-11-17 07:18:25,IMPERSONATION,Kerala,Synthetic_District_24,11.140927,92.537352,155767.98,20,4.52,7,0,0.679,2025-12-15 07:18:25
CASE_04096,FIR/2025/831,2025-03-11 02:11:25,NET_BANKING_FRAUD,Uttar Pradesh,Synthetic_District_40,25.208962,81.460659,15134.52,6,1.16,2,1,0.9,2025-03-12 02:11:25
CASE_04097,FIR/2024/910,2024-10-08 15:54:25,IMPERSONATION,Telangana,Synthetic_District_40,26.578263,73.525465,159562.29,3,4.03,15,1,0.559,2024-10-24 15:54:25
CASE_04098,FIR/2025/285,2025-09-24 06:48:25,CARD_FRAUD,Karnataka,Synthetic_District_37,28.831514,78.911844,41578.06,8,3.45,6,2,0.02,2025-10-04 06:48:25
CASE_04099,FIR/2025/736,2025-08-15 06:02:25,OTHER,Gujarat,Synthetic_District_11,28.591276,92.106769,193062.26,10,0.45,6,4,0.057,2025-08-29 06:02:25
CASE_04100,FIR/2026/899,2026-02-16 03:18:25,UPI_FRAUD,Tamil Nadu,Synthetic_District_10,28.565641,90.388584,19441.49,17,4.47,3,0,0.266,2026-02-19 03:18:25
CASE_04101,FIR/2025/134,2025-01-01 06:49:25,OTHER,Tamil Nadu,Synthetic_District_46,22.051615,85.954155,38730.05,4,2.69,6,2,0.412,2025-01-16 06:49:25
CASE_04102,FIR/2026/814,2026-05-27 18:20:25,NET_BANKING_FRAUD,Tamil Nadu,Synthetic_District_31,14.268227,86.47218,95742.23,14,4.03,18,2,0.795,2026-06-11 18:20:25
CASE_04103,FIR/2025/148,2025-09-18 11:55:25,NET_BANKING_FRAUD,Maharashtra,Synthetic_District_3,8.470498,79.591717,62596.07,20,4.57,11,3,0.815,2025-10-04 11:55:25
CASE_04104,FIR/2025/156,2025-07-25 17:45:25,INVESTMENT_SCAM,Maharashtra,Synthetic_District_33,14.246963,78.741414,704587.92,13,1.97,17,4,0.867,2025-08-12 17:45:25
CASE_04105,FIR/2024/446,2024-10-08 04:51:25,UPI_FRAUD,Tamil Nadu,Synthetic_District_30,9.189425,82.489191,26379.71,1,0.59,4,1,0.919,2024-11-02 04:51:25
CASE_04106,FIR/2025/505,2025-02-19 21:31:25,UPI_FRAUD,West Bengal,Synthetic_District_14,33.345166,95.373455,8546.78,2,1.66,21,2,0.845,2025-02-21 21:31:25
CASE_04107,FIR/2025/851,2025-01-31 19:33:25,INVESTMENT_SCAM,Andhra Pradesh,Synthetic_District_37,13.682016,75.789659,913231.4,19,0.65,19,4,0.783,2025-03-02 19:33:25
CASE_04108,FIR/2026/963,2026-01-17 06:24:25,INVESTMENT_SCAM,Maharashtra,Synthetic_District_3,32.325172,71.186618,905946.88,20,1.59,6,5,0.082,2026-02-12 06:24:25
CASE_04109,FIR/2025/861,2025-12-09 00:38:25,PHISHING,Delhi,Synthetic_District_24,11.250138,79.052891,112169.91,5,4.57,0,1,0.917,2026-01-08 00:38:25
CASE_04110,FIR/2025/556,2025-09-02 09:25:25,NET_BANKING_FRAUD,Delhi,Synthetic_District_7,9.824483,93.355918,25187.04,1,4.35,9,1,0.156,2025-09-13 09:25:25
CASE_04111,FIR/2025/423,2025-06-16 02:35:25,OTHER,Telangana,Synthetic_District_3,36.189779,88.477169,119418.19,6,4.52,2,0,0.084,2025-07-03 02:35:25
CASE_04112,FIR/2026/369,2026-08-09 21:43:25,CARD_FRAUD,West Bengal,Synthetic_District_4,17.608709,81.53155,166932.33,12,3.13,21,6,0.971,2026-08-10 21:43:25
CASE_04113,FIR/2025/241,2025-03-23 01:54:25,CARD_FRAUD,Andhra Pradesh,Synthetic_District_14,15.108129,78.869173,130518.81,8,0.67,1,6,0.463,2025-04-03 01:54:25
CASE_04114,FIR/2025/964,2025-07-21 09:13:25,NET_BANKING_FRAUD,Tamil Nadu,Synthetic_District_10,8.069046,68.482344,188661.75,3,3.48,9,0,0.616,2025-08-11 09:13:25
CASE_04115,FIR/2025/525,2025-02-09 17:00:25,UPI_FRAUD,Gujarat,Synthetic_District_28,32.119361,90.789529,38929.54,15,1.47,17,6,0.518,2025-02-15 17:00:25
CASE_04116,FIR/2025/610,2025-03-31 09:32:25,NET_BANKING_FRAUD,Tamil Nadu,Synthetic_District_40,9.79165,94.714064,111373.25,10,3.1,9,0,0.23,2025-04-23 09:32:25
CASE_04117,FIR/2026/875,2026-05-15 05:11:25,NET_BANKING_FRAUD,Andhra Pradesh,Synthetic_District_12,24.462101,68.917746,173525.72,6,4.74,5,4,0.709,2026-06-12 05:11:25
CASE_04118,FIR/2025/171,2025-12-18 13:04:25,OTHER,Karnataka,Synthetic_District_17,30.96826,82.289912,122378.76,14,1.56,13,3,0.998,2025-12-29 13:04:25
CASE_04119,FIR/2025/850,2025-06-20 03:25:25,INVESTMENT_SCAM,Kerala,Synthetic_District_27,17.981,81.392696,856268.7,4,1.3,3,4,0.815,2025-07-11 03:25:25
CASE_04120,FIR/2026/576,2026-01-03 20:07:25,PHISHING,West Bengal,Synthetic_District_48,24.878386,86.432753,51678.64,6,2.65,20,5,0.849,2026-01-28 20:07:25
CASE_04121,FIR/2025/925,2025-05-07 21:44:25,OTHER,Gujarat,Synthetic_District_50,18.950994,95.865057,155593.28,9,3.81,21,2,0.534,2025-05-17 21:44:25
CASE_04122,FIR/2025/888,2025-02-08 08:40:25,CARD_FRAUD,Kerala,Synthetic_District_28,27.9692,77.940096,153927.42,9,3.27,8,5,0.189,2025-03-04 08:40:25
CASE_04123,FIR/2024/970,2024-10-30 15:46:25,PHISHING,Kerala,Synthetic_District_15,19.157649,77.464391,128996.89,19,1.54,15,2,0.899,2024-11-06 15:46:25
CASE_04124,FIR/2026/354,2026-04-20 09:56:25,PHISHING,Kerala,Synthetic_District_22,28.974077,74.332532,28153.61,13,2.14,9,0,0.809,2026-04-25 09:56:25
CASE_04125,FIR/2026/473,2026-03-20 12:31:25,OTHER,Gujarat,Synthetic_District_43,18.689048,85.538964,83663.22,5,3.36,12,4,0.973,2026-03-28 12:31:25
CASE_04126,FIR/2026/338,2026-09-16 12:20:25,UPI_FRAUD,Gujarat,Synthetic_District_41,19.504864,90.977798,5740.79,3,4.51,12,2,0.672,2026-10-02 12:20:25
CASE_04127,FIR/2024/217,2024-10-07 20:43:25,CARD_FRAUD,Maharashtra,Synthetic_District_23,29.712151,83.3215,175453.01,13,4.2,20,0,0.212,2024-10-19 20:43:25
CASE_04128,FIR/2025/215,2025-06-06 12:02:25,PHISHING,Telangana,Synthetic_District_35,21.416758,88.950226,110213.95,13,1.76,12,4,0.577,2025-06-09 12:02:25
CASE_04129,FIR/2025/752,2025-10-19 23:42:25,INVESTMENT_SCAM,Telangana,Synthetic_District_2,18.704593,80.735973,476064.25,20,3.79,23,6,0.76,2025-10-23 23:42:25
CASE_04130,FIR/2025/670,2025-10-13 18:47:25,IMPERSONATION,Maharashtra,Synthetic_District_4,8.8824,84.769191,187770.46,9,1.55,18,0,0.015,2025-10-18 18:47:25
CASE_04131,FIR/2026/793,2026-01-13 07:59:25,PHISHING,Andhra Pradesh,Synthetic_District_22,19.512417,76.383916,150252.98,15,3.25,7,1,0.629,2026-01-31 07:59:25
CASE_04132,FIR/2024/302,2024-10-08 13:18:25,PHISHING,Delhi,Synthetic_District_26,31.48572,80.098261,77146.99,8,3.51,13,1,0.1,2024-10-18 13:18:25
CASE_04133,FIR/2025/334,2025-06-08 19:32:25,UPI_FRAUD,Uttar Pradesh,Synthetic_District_33,33.073133,93.517408,22993.79,16,4.96,19,6,0.276,2025-06-17 19:32:25
CASE_04134,FIR/2025/326,2025-04-08 06:31:25,CARD_FRAUD,Karnataka,Synthetic_District_25,27.437622,91.223214,27671.61,13,4.45,6,1,0.281,2025-04-15 06:31:25
CASE_04135,FIR/2026/618,2026-03-02 15:57:25,OTHER,Maharashtra,Synthetic_District_27,22.41944,88.551652,181126.32,5,3.48,15,0,0.726,2026-03-29 15:57:25
CASE_04136,FIR/2025/391,2025-08-16 02:40:25,UPI_FRAUD,Gujarat,Synthetic_District_17,15.137628,90.9243,17852.62,10,2.49,2,5,0.336,2025-09-11 02:40:25
CASE_04137,FIR/2026/767,2026-03-04 11:15:25,OTHER,Kerala,Synthetic_District_22,31.688414,81.289208,164895.56,19,2.82,11,2,0.59,2026-03-10 11:15:25
CASE_04138,FIR/2025/127,2025-04-09 02:06:25,CARD_FRAUD,Kerala,Synthetic_District_10,11.541458,68.273295,138694.95,10,3.22,2,2,0.611,2025-04-13 02:06:25
CASE_04139,FIR/2025/386,2025-01-20 08:13:25,INVESTMENT_SCAM,Telangana,Synthetic_District_14,24.410257,92.250309,355636.97,2,3.63,8,0,0.44,2025-02-09 08:13:25
CASE_04140,FIR/2026/541,2026-04-12 05:09:25,PHISHING,Uttar Pradesh,Synthetic_District_12,32.638035,74.233645,195317.5,19,1.76,5,6,0.241,2026-05-12 05:09:25
CASE_04141,FIR/2024/230,2024-10-07 18:32:25,IMPERSONATION,Telangana,Synthetic_District_48,18.186163,73.664607,126138.21,11,4.32,18,0,0.183,2024-10-28 18:32:25
CASE_04142,FIR/2025/942,2025-10-13 05:29:25,PHISHING,Gujarat,Synthetic_District_43,29.643989,71.059815,91431.66,12,0.87,5,0,0.362,2025-11-06 05:29:25
CASE_04143,FIR/2026/855,2026-02-12 17:52:25,PHISHING,Maharashtra,Synthetic_District_5,20.902334,71.535731,199962.81,8,3.37,17,3,0.365,2026-02-19 17:52:25
CASE_04144,FIR/2025/747,2025-11-24 21:42:25,CARD_FRAUD,Delhi,Synthetic_District_8,17.770164,77.854005,166629.08,19,1.61,21,0,0.22,2025-12-10 21:42:25
CASE_04145,FIR/2026/336,2026-04-13 07:49:25,NET_BANKING_FRAUD,Telangana,Synthetic_District_44,33.636352,74.256791,186430.12,17,3.44,7,0,0.084,2026-04-15 07:49:25
CASE_04146,FIR/2025/278,2025-09-23 01:19:25,OTHER,Telangana,Synthetic_District_28,12.612429,94.349807,155446.69,7,3.09,1,1,0.786,2025-09-30 01:19:25
CASE_04147,FIR/2026/885,2026-08-19 23:39:25,UPI_FRAUD,Delhi,Synthetic_District_1,26.679413,85.875198,21580.01,18,2.16,23,2,0.534,2026-09-12 23:39:25
CASE_04148,FIR/2026/811,2026-09-20 08:20:25,CARD_FRAUD,Gujarat,Synthetic_District_31,17.584916,77.12024,31480.83,13,3.32,8,6,0.79,2026-09-22 08:20:25
CASE_04149,FIR/2026/462,2026-09-09 11:13:25,OTHER,Karnataka,Synthetic_District_25,18.889516,85.190726,188846.42,5,4.98,11,2,0.547,2026-10-07 11:13:25
CASE_04150,FIR/2025/398,2025-11-09 09:06:25,INVESTMENT_SCAM,Maharashtra,Synthetic_District_27,16.283403,84.583879,868154.93,7,0.59,9,6,0.905,2025-11-12 09:06:25
CASE_04151,FIR/2025/425,2025-08-23 05:33:25,IMPERSONATION,Kerala,Synthetic_District_2,12.934298,89.707017,141794.89,5,0.59,5,5,0.041,2025-09-15 05:33:25
CASE_04152,FIR/2026/868,2026-09-09 14:35:25,UPI_FRAUD,Andhra Pradesh,Synthetic_District_16,12.92366,87.857499,35816.74,4,2.79,14,2,0.867,2026-09-14 14:35:25
CASE_04153,FIR/2026/508,2026-05-31 13:50:25,NET_BANKING_FRAUD,Maharashtra,Synthetic_District_13,28.162307,69.793149,164011.3,15,3.7,13,6,0.24,2026-06-20 13:50:25
CASE_04154,FIR/2026/623,2026-03-11 06:50:25,IMPERSONATION,Kerala,Synthetic_District_44,17.318069,75.857392,134361.7,7,0.25,6,2,0.464,2026-03-21 06:50:25
CASE_04155,FIR/2025/580,2025-09-10 14:33:25,NET_BANKING_FRAUD,Kerala,Synthetic_District_8,26.79933,76.511551,147879.28,14,4.13,14,2,0.748,2025-10-06 14:33:25
CASE_04156,FIR/2025/350,2025-09-18 20:17:25,PHISHING,Tamil Nadu,Synthetic_District_49,13.075616,78.639737,20321.21,8,3.56,20,3,0.197,2025-09-29 20:17:25
CASE_04157,FIR/2026/933,2026-01-10 16:07:25,NET_BANKING_FRAUD,Andhra Pradesh,Synthetic_District_26,33.368061,81.143215,137812.74,2,1.02,16,5,0.906,2026-01-21 16:07:25
CASE_04158,FIR/2024/145,2024-10-23 07:31:25,NET_BANKING_FRAUD,Andhra Pradesh,Synthetic_District_37,26.581359,78.356586,86108.97,17,4.69,7,2,0.712,2024-11-06 07:31:25
CASE_04159,FIR/2024/481,2024-12-21 18:11:25,INVESTMENT_SCAM,Telangana,Synthetic_District_48,14.066359,79.179256,635467.73,9,2.53,18,5,0.866,2025-01-11 18:11:25
CASE_04160,FIR/2026/114,2026-09-26 00:49:25,PHISHING,Kerala,Synthetic_District_13,24.495337,83.0912,134825.13,17,4.23,0,5,0.318,2026-10-22 00:49:25
CASE_04161,FIR/2025/665,2025-10-31 17:45:25,UPI_FRAUD,Delhi,Synthetic_District_1,34.148579,82.159816,44105.12,13,3.2,17,4,0.531,2025-11-18 17:45:25
CASE_04162,FIR/2025/746,2025-02-01 10:58:25,IMPERSONATION,Delhi,Synthetic_District_31,10.355485,70.75761,135723.51,19,2.92,10,5,0.22,2025-02-28 10:58:25
CASE_04163,FIR/2025/231,2025-01-16 12:19:25,NET_BANKING_FRAUD,Maharashtra,Synthetic_District_27,17.641686,70.822475,175174.47,17,4.78,12,3,0.465,2025-01-28 12:19:25
CASE_04164,FIR/2026/132,2026-01-10 06:32:25,UPI_FRAUD,West Bengal,Synthetic_District_28,28.671023,87.826559,5217.05,11,3.77,6,5,0.126,2026-01-15 06:32:25
CASE_04165,FIR/2025/802,2025-08-09 12:35:25,UPI_FRAUD,West Bengal,Synthetic_District_40,14.520525,82.800607,16756.19,13,4.37,12,5,0.337,2025-09-02 12:35:25
CASE_04166,FIR/2024/185,2024-12-21 08:16:25,PHISHING,Uttar Pradesh,Synthetic_District_50,31.311674,94.125252,16461.57,19,1.31,8,5,0.239,2024-12-26 08:16:25
CASE_04167,FIR/2026/919,2026-09-30 16:16:25,IMPERSONATION,Delhi,Synthetic_District_23,17.937916,75.164102,190085.83,16,2.17,16,2,0.37,2026-10-03 16:16:25
CASE_04168,FIR/2026/534,2026-03-14 21:05:25,NET_BANKING_FRAUD,Telangana,Synthetic_District_8,19.117811,85.28802,150937.51,15,0.93,21,5,0.096,2026-03-25 21:05:25
CASE_04169,FIR/2025/647,2025-06-14 10:29:25,PHISHING,Maharashtra,Synthetic_District_48,36.620137,73.661444,83268.2,4,1.25,10,5,0.334,2025-06-21 10:29:25
CASE_04170,FIR/2025/418,2025-04-24 02:10:25,UPI_FRAUD,Uttar Pradesh,Synthetic_District_27,32.52113,95.874911,35709.01,15,1.7,2,3,0.302,2025-05-18 02:10:25
CASE_04171,FIR/2025/359,2025-07-29 06:29:25,CARD_FRAUD,West Bengal,Synthetic_District_10,11.33211,92.572998,61608.77,16,1.17,6,1,0.981,2025-08-20 06:29:25
CASE_04172,FIR/2025/433,2025-03-29 20:33:25,PHISHING,West Bengal,Synthetic_District_35,35.243532,95.793702,178963.23,9,4.12,20,5,0.9,2025-04-10 20:33:25
CASE_04173,FIR/2024/312,2024-11-27 23:34:25,UPI_FRAUD,Kerala,Synthetic_District_49,27.294792,78.829078,17088.04,18,3.55,23,2,0.416,2024-12-20 23:34:25
CASE_04174,FIR/2025/324,2025-12-02 12:21:25,NET_BANKING_FRAUD,West Bengal,Synthetic_District_32,30.886884,76.501508,138256.89,16,0.48,12,1,0.308,2025-12-08 12:21:25
CASE_04175,FIR/2025/955,2025-09-12 16:00:25,IMPERSONATION,Tamil Nadu,Synthetic_District_17,33.053666,70.530905,160527.68,14,1.91,16,4,0.459,2025-10-11 16:00:25
CASE_04176,FIR/2025/735,2025-02-15 12:31:25,IMPERSONATION,Gujarat,Synthetic_District_27,32.327344,78.633849,195516.64,6,4.75,12,5,0.773,2025-03-16 12:31:25
CASE_04177,FIR/2025/721,2025-12-05 08:25:25,UPI_FRAUD,Tamil Nadu,Synthetic_District_14,36.389851,80.777403,43363.8,16,2.33,8,4,0.311,2025-12-09 08:25:25
CASE_04178,FIR/2024/307,2024-11-03 16:42:25,IMPERSONATION,Uttar Pradesh,Synthetic_District_31,34.158308,89.731061,112177.8,4,2.65,16,6,0.986,2024-11-05 16:42:25
CASE_04179,FIR/2024/853,2024-10-11 23:27:25,CARD_FRAUD,Tamil Nadu,Synthetic_District_22,29.374778,82.823118,7999.48,16,3.71,23,4,0.113,2024-11-09 23:27:25
CASE_04180,FIR/2026/935,2026-02-08 23:28:25,IMPERSONATION,Karnataka,Synthetic_District_14,10.312302,68.312179,184265.06,13,2.03,23,6,0.901,2026-03-03 23:28:25
CASE_04181,FIR/2025/586,2025-10-02 20:38:25,INVESTMENT_SCAM,West Bengal,Synthetic_District_33,22.453051,94.27291,935490.43,20,2.39,20,3,0.549,2025-10-12 20:38:25
CASE_04182,FIR/2025/734,2025-09-23 09:25:25,IMPERSONATION,Telangana,Synthetic_District_30,28.316545,81.835598,145339.63,4,1.53,9,1,0.599,2025-10-08 09:25:25
CASE_04183,FIR/2026/726,2026-06-08 02:11:25,UPI_FRAUD,Karnataka,Synthetic_District_25,25.078277,94.328972,32400.58,6,4.02,2,0,0.639,2026-06-27 02:11:25
CASE_04184,FIR/2025/976,2025-09-26 19:46:25,INVESTMENT_SCAM,Tamil Nadu,Synthetic_District_9,30.095822,87.447682,867288.2,13,2.02,19,4,0.857,2025-10-14 19:46:25
CASE_04185,FIR/2026/118,2026-08-07 12:21:25,INVESTMENT_SCAM,Karnataka,Synthetic_District_15,13.431253,79.172716,336586.73,11,0.4,12,4,0.228,2026-08-09 12:21:25
CASE_04186,FIR/2025/873,2025-08-19 21:01:25,UPI_FRAUD,Delhi,Synthetic_District_3,29.295675,96.933102,4922.34,12,4.24,21,1,0.998,2025-08-27 21:01:25
CASE_04187,FIR/2025/714,2025-05-09 02:56:25,OTHER,Telangana,Synthetic_District_31,20.680038,75.212541,113007.51,19,2.15,2,4,0.689,2025-05-10 02:56:25
CASE_04188,FIR/2026/268,2026-04-05 01:35:25,IMPERSONATION,Uttar Pradesh,Synthetic_District_31,9.558383,90.410402,136262.45,7,2.66,1,6,0.424,2026-04-20 01:35:25
CASE_04189,FIR/2025/559,2025-11-10 18:54:25,IMPERSONATION,Andhra Pradesh,Synthetic_District_32,18.925749,71.292493,150459.0,7,1.74,18,0,0.631,2025-11-23 18:54:25
CASE_04190,FIR/2024/223,2024-12-08 01:31:25,PHISHING,Telangana,Synthetic_District_48,13.723971,87.289104,197441.48,17,3.17,1,6,0.684,2024-12-18 01:31:25
CASE_04191,FIR/2026/986,2026-04-24 13:21:25,OTHER,Telangana,Synthetic_District_16,36.415953,69.925216,117622.84,2,0.26,13,4,0.766,2026-05-13 13:21:25
CASE_04192,FIR/2024/279,2024-11-12 01:48:25,OTHER,Kerala,Synthetic_District_7,36.334735,81.083738,6877.88,7,2.08,1,1,0.252,2024-12-11 01:48:25
CASE_04193,FIR/2025/309,2025-06-06 08:31:25,PHISHING,Kerala,Synthetic_District_41,12.324003,69.815582,44328.1,15,0.71,8,4,0.513,2025-07-05 08:31:25
CASE_04194,FIR/2026/591,2026-02-05 04:55:25,OTHER,Gujarat,Synthetic_District_39,32.753178,87.120269,15896.54,10,3.67,4,3,0.962,2026-02-26 04:55:25
CASE_04195,FIR/2026/606,2026-06-15 21:51:25,UPI_FRAUD,Delhi,Synthetic_District_32,33.877893,83.717477,40800.79,5,0.5,21,0,0.341,2026-06-18 21:51:25
CASE_04196,FIR/2026/800,2026-02-03 02:46:25,IMPERSONATION,Uttar Pradesh,Synthetic_District_27,14.84237,74.522457,186701.46,9,3.47,2,1,0.662,2026-02-27 02:46:25
CASE_04197,FIR/2025/529,2025-07-08 11:09:25,OTHER,Telangana,Synthetic_District_6,25.699554,79.3729,16978.67,16,0.55,11,1,0.351,2025-07-10 11:09:25
CASE_04198,FIR/2025/805,2025-12-08 03:44:25,IMPERSONATION,Andhra Pradesh,Synthetic_District_50,22.71581,72.724357,106726.39,7,2.26,3,0,0.372,2026-01-02 03:44:25
CASE_04199,FIR/2026/574,2026-01-02 06:51:25,IMPERSONATION,Maharashtra,Synthetic_District_12,9.9092,85.131231,176967.43,7,4.29,6,4,0.656,2026-01-22 06:51:25
CASE_04200,FIR/2024/101,2024-12-27 08:09:25,IMPERSONATION,Gujarat,Synthetic_District_41,8.327929,71.681775,148832.63,15,2.93,8,4,0.424,2025-01-02 08:09:25
CASE_04201,FIR/2025/968,2025-07-10 02:06:25,PHISHING,Kerala,Synthetic_District_13,8.00226,96.111247,89048.5,8,3.07,2,3,0.497,2025-07-31 02:06:25
CASE_04202,FIR/2024/448,2024-11-09 06:35:25,CARD_FRAUD,Uttar Pradesh,Synthetic_District_20,29.395822,70.542703,85303.11,18,2.13,6,5,0.646,2024-12-06 06:35:25
CASE_04203,FIR/2025/378,2025-08-07 12:26:25,INVESTMENT_SCAM,Uttar Pradesh,Synthetic_District_46,13.608902,73.174069,512237.22,7,3.64,12,3,0.141,2025-08-20 12:26:25
CASE_04204,FIR/2026/801,2026-04-19 05:17:25,NET_BANKING_FRAUD,Tamil Nadu,Synthetic_District_31,18.644424,96.133107,6101.12,16,2.7,5,6,0.786,2026-04-29 05:17:25
CASE_04205,FIR/2025/432,2025-08-31 08:30:25,IMPERSONATION,Tamil Nadu,Synthetic_District_1,24.819689,75.559166,179506.01,14,1.51,8,6,0.018,2025-09-17 08:30:25
CASE_04206,FIR/2025/571,2025-01-21 23:53:25,PHISHING,Telangana,Synthetic_District_2,15.501842,72.005587,35487.57,14,2.03,23,1,0.752,2025-02-13 23:53:25
CASE_04207,FIR/2025/958,2025-10-17 16:33:25,UPI_FRAUD,Telangana,Synthetic_District_24,36.06329,86.75916,28642.55,15,1.24,16,4,0.286,2025-11-05 16:33:25
CASE_04208,FIR/2025/927,2025-03-03 14:12:25,NET_BANKING_FRAUD,Kerala,Synthetic_District_32,20.7134,68.070786,36285.81,18,0.85,14,0,0.68,2025-03-20 14:12:25
CASE_04209,FIR/2024/361,2024-11-29 07:49:25,UPI_FRAUD,Telangana,Synthetic_District_34,30.403383,88.765382,2542.94,14,1.44,7,4,0.629,2024-12-20 07:49:25
CASE_04210,FIR/2026/727,2026-05-24 00:23:25,INVESTMENT_SCAM,Gujarat,Synthetic_District_39,15.093743,93.327827,846043.44,8,3.8,0,6,0.613,2026-05-31 00:23:25
CASE_04211,FIR/2025/556,2025-06-08 08:57:25,IMPERSONATION,Andhra Pradesh,Synthetic_District_36,22.858685,83.999306,39987.85,13,2.66,8,6,0.791,2025-06-13 08:57:25
CASE_04212,FIR/2025/991,2025-09-18 08:52:25,NET_BANKING_FRAUD,Andhra Pradesh,Synthetic_District_35,10.972391,96.938102,42868.33,12,0.98,8,3,0.142,2025-09-29 08:52:25
CASE_04213,FIR/2024/953,2024-11-07 08:36:25,OTHER,Uttar Pradesh,Synthetic_District_16,21.917749,96.272631,127360.99,8,3.69,8,3,0.36,2024-11-11 08:36:25
CASE_04214,FIR/2026/628,2026-05-16 12:18:25,UPI_FRAUD,Kerala,Synthetic_District_39,19.712381,87.339929,18907.34,7,4.65,12,5,0.177,2026-06-15 12:18:25
CASE_04215,FIR/2026/574,2026-06-23 16:07:25,UPI_FRAUD,Delhi,Synthetic_District_47,12.473566,87.217318,27105.01,14,1.01,16,1,0.088,2026-06-25 16:07:25
CASE_04216,FIR/2026/554,2026-01-03 05:13:25,NET_BANKING_FRAUD,West Bengal,Synthetic_District_27,35.892995,87.449972,148459.54,8,3.54,5,5,0.482,2026-01-21 05:13:25
CASE_04217,FIR/2024/548,2024-12-08 11:47:25,CARD_FRAUD,Kerala,Synthetic_District_28,22.539946,90.832364,130760.17,19,1.22,11,6,0.033,2024-12-15 11:47:25
CASE_04218,FIR/2026/261,2026-09-08 08:02:25,UPI_FRAUD,Kerala,Synthetic_District_9,19.249499,69.604636,33464.8,8,1.28,8,1,0.28,2026-09-26 08:02:25
CASE_04219,FIR/2026/211,2026-09-09 08:16:25,PHISHING,West Bengal,Synthetic_District_35,15.938568,85.563907,78516.89,20,2.73,8,2,0.409,2026-09-22 08:16:25
CASE_04220,FIR/2024/509,2024-12-21 22:54:25,INVESTMENT_SCAM,Tamil Nadu,Synthetic_District_24,36.180578,73.292135,336088.46,15,2.07,22,5,0.204,2025-01-08 22:54:25
CASE_04221,FIR/2025/776,2025-09-21 08:33:25,PHISHING,West Bengal,Synthetic_District_21,9.001093,81.487164,161792.16,18,4.65,8,6,0.707,2025-10-18 08:33:25
CASE_04222,FIR/2025/637,2025-05-20 09:26:25,IMPERSONATION,Karnataka,Synthetic_District_2,24.78933,91.542044,139217.45,17,2.2,9,1,0.899,2025-06-19 09:26:25
CASE_04223,FIR/2026/374,2026-09-16 10:55:25,OTHER,Telangana,Synthetic_District_45,8.476071,77.475269,139757.19,9,3.12,10,2,0.31,2026-10-11 10:55:25
CASE_04224,FIR/2026/599,2026-01-21 15:59:25,CARD_FRAUD,Telangana,Synthetic_District_18,14.544724,76.325793,144446.17,11,1.25,15,2,0.382,2026-01-31 15:59:25
CASE_04225,FIR/2026/599,2026-06-25 11:10:25,UPI_FRAUD,Gujarat,Synthetic_District_47,34.623448,85.550822,35819.19,15,2.34,11,3,0.149,2026-06-30 11:10:25
CASE_04226,FIR/2026/847,2026-09-14 06:04:25,OTHER,Maharashtra,Synthetic_District_49,36.710436,95.095341,181582.71,8,4.75,6,0,0.01,2026-09-30 06:04:25
CASE_04227,FIR/2024/161,2024-10-10 21:14:25,OTHER,Gujarat,Synthetic_District_27,31.343045,96.524977,73300.48,20,2.4,21,3,0.893,2024-10-24 21:14:25
CASE_04228,FIR/2026/139,2026-09-10 11:00:25,OTHER,Telangana,Synthetic_District_7,15.312173,74.969285,107967.02,18,1.95,11,3,0.594,2026-09-11 11:00:25
CASE_04229,FIR/2025/879,2025-01-27 06:18:25,OTHER,Karnataka,Synthetic_District_32,17.919187,68.185487,15004.16,1,2.07,6,0,0.859,2025-02-25 06:18:25
CASE_04230,FIR/2026/454,2026-06-24 13:50:25,CARD_FRAUD,Uttar Pradesh,Synthetic_District_15,33.132118,93.917287,73823.66,6,4.34,13,2,0.867,2026-07-03 13:50:25
CASE_04231,FIR/2025/285,2025-08-22 04:12:25,CARD_FRAUD,Delhi,Synthetic_District_7,16.807509,96.204787,37364.74,20,1.61,4,4,0.767,2025-08-29 04:12:25
CASE_04232,FIR/2026/557,2026-06-28 11:21:25,CARD_FRAUD,Andhra Pradesh,Synthetic_District_37,25.391205,74.049676,131534.87,2,1.27,11,6,0.079,2026-07-12 11:21:25
CASE_04233,FIR/2026/457,2026-05-20 03:22:25,UPI_FRAUD,Andhra Pradesh,Synthetic_District_39,18.710646,69.8898,24133.07,14,4.13,3,2,0.209,2026-06-18 03:22:25
CASE_04234,FIR/2025/631,2025-01-22 13:35:25,UPI_FRAUD,Gujarat,Synthetic_District_19,9.190048,91.400713,40410.67,4,0.41,13,2,0.827,2025-01-23 13:35:25
CASE_04235,FIR/2026/952,2026-09-03 05:21:25,OTHER,West Bengal,Synthetic_District_10,10.008236,77.105128,120624.65,18,2.26,5,3,0.999,2026-09-20 05:21:25
CASE_04236,FIR/2026/506,2026-05-19 12:33:25,INVESTMENT_SCAM,Delhi,Synthetic_District_33,24.712299,95.236075,894357.3,1,3.93,12,1,0.187,2026-05-29 12:33:25
CASE_04237,FIR/2024/148,2024-11-26 03:54:25,UPI_FRAUD,Telangana,Synthetic_District_25,33.066627,84.229359,25172.68,7,3.75,3,1,0.571,2024-12-01 03:54:25
CASE_04238,FIR/2026/659,2026-07-30 05:48:25,CARD_FRAUD,Telangana,Synthetic_District_48,36.965742,84.450461,140637.14,11,1.39,5,3,0.936,2026-08-02 05:48:25
CASE_04239,FIR/2026/347,2026-04-14 01:02:25,UPI_FRAUD,West Bengal,Synthetic_District_28,18.243057,76.927701,29752.37,3,3.15,1,1,0.187,2026-04-30 01:02:25
CASE_04240,FIR/2026/568,2026-07-17 18:28:25,CARD_FRAUD,Kerala,Synthetic_District_34,21.685828,77.751319,51444.05,13,0.85,18,4,0.027,2026-08-12 18:28:25
CASE_04241,FIR/2024/416,2024-11-17 04:10:25,UPI_FRAUD,Kerala,Synthetic_District_41,19.348776,71.133907,29262.18,1,4.31,4,6,0.139,2024-12-16 04:10:25
CASE_04242,FIR/2026/504,2026-08-19 15:59:25,CARD_FRAUD,Telangana,Synthetic_District_25,20.550194,69.603546,11474.4,12,0.24,15,2,0.349,2026-08-20 15:59:25
CASE_04243,FIR/2026/538,2026-03-07 04:26:25,CARD_FRAUD,Telangana,Synthetic_District_32,23.596972,84.660145,139550.44,16,2.91,4,5,0.967,2026-03-26 04:26:25
CASE_04244,FIR/2025/572,2025-01-06 12:04:25,NET_BANKING_FRAUD,Delhi,Synthetic_District_37,32.456624,69.208344,54043.93,7,1.7,12,0,0.152,2025-01-29 12:04:25
CASE_04245,FIR/2026/118,2026-05-03 16:44:25,NET_BANKING_FRAUD,Uttar Pradesh,Synthetic_District_8,8.78029,81.211502,161797.43,9,2.54,16,6,0.909,2026-05-28 16:44:25
CASE_04246,FIR/2025/272,2025-08-10 22:01:25,IMPERSONATION,Maharashtra,Synthetic_District_7,10.153822,86.338029,130810.74,2,0.74,22,6,0.648,2025-09-04 22:01:25
CASE_04247,FIR/2026/747,2026-08-19 21:00:25,NET_BANKING_FRAUD,West Bengal,Synthetic_District_7,30.700862,95.502927,90553.57,8,0.14,21,2,0.906,2026-09-06 21:00:25
CASE_04248,FIR/2025/355,2025-06-05 20:01:25,CARD_FRAUD,Gujarat,Synthetic_District_35,34.719731,91.064193,195669.1,7,1.61,20,3,0.217,2025-06-12 20:01:25
CASE_04249,FIR/2025/922,2025-04-03 09:13:25,CARD_FRAUD,Telangana,Synthetic_District_27,17.276817,95.967873,126981.73,18,2.02,9,3,0.76,2025-04-05 09:13:25
CASE_04250,FIR/2026/150,2026-08-05 03:43:25,INVESTMENT_SCAM,Telangana,Synthetic_District_36,24.697274,78.140535,88698.96,7,2.77,3,2,0.328,2026-09-01 03:43:25
CASE_04251,FIR/2025/376,2025-10-15 18:43:25,UPI_FRAUD,Tamil Nadu,Synthetic_District_44,23.761455,87.960026,42676.69,11,2.32,18,2,0.107,2025-11-05 18:43:25
CASE_04252,FIR/2024/829,2024-11-19 08:14:25,INVESTMENT_SCAM,Kerala,Synthetic_District_40,34.865552,94.672605,968298.77,10,4.41,8,1,0.98,2024-12-17 08:14:25
CASE_04253,FIR/2025/905,2025-01-25 04:27:25,OTHER,Maharashtra,Synthetic_District_19,15.861896,79.783943,168740.29,20,3.32,4,5,0.341,2025-01-29 04:27:25
CASE_04254,FIR/2026/516,2026-01-07 18:47:25,UPI_FRAUD,Telangana,Synthetic_District_27,32.45904,94.410283,43397.1,13,2.2,18,2,0.553,2026-01-17 18:47:25
CASE_04255,FIR/2025/749,2025-08-17 14:06:25,PHISHING,Andhra Pradesh,Synthetic_District_15,22.431136,91.277503,155678.16,14,2.22,14,6,0.604,2025-09-15 14:06:25
CASE_04256,FIR/2025/334,2025-09-25 12:23:25,UPI_FRAUD,Kerala,Synthetic_District_19,34.759834,91.128348,8517.33,8,4.48,12,3,0.561,2025-10-22 12:23:25
CASE_04257,FIR/2025/375,2025-12-11 21:56:25,NET_BANKING_FRAUD,West Bengal,Synthetic_District_20,25.803195,71.123803,86379.12,13,0.57,21,3,0.385,2025-12-17 21:56:25
CASE_04258,FIR/2026/443,2026-04-14 08:59:25,NET_BANKING_FRAUD,West Bengal,Synthetic_District_4,27.116997,89.804136,44366.75,7,0.52,8,1,0.361,2026-05-05 08:59:25
CASE_04259,FIR/2025/216,2025-04-21 19:28:25,PHISHING,Maharashtra,Synthetic_District_29,34.004181,72.751789,69756.08,17,1.52,19,0,0.188,2025-05-01 19:28:25
CASE_04260,FIR/2026/866,2026-01-10 11:35:25,PHISHING,Delhi,Synthetic_District_15,30.324723,93.777686,89677.31,4,2.46,11,5,0.38,2026-01-30 11:35:25
CASE_04261,FIR/2026/454,2026-09-15 06:20:25,PHISHING,West Bengal,Synthetic_District_35,17.892629,95.463012,176344.25,9,3.34,6,1,0.12,2026-10-06 06:20:25
CASE_04262,FIR/2026/411,2026-09-22 03:29:25,IMPERSONATION,Karnataka,Synthetic_District_34,20.975401,80.962569,136480.17,1,4.34,3,1,0.195,2026-10-08 03:29:25
CASE_04263,FIR/2025/598,2025-03-04 11:25:25,NET_BANKING_FRAUD,Telangana,Synthetic_District_27,17.904918,82.068042,21766.45,19,4.07,11,1,0.056,2025-03-08 11:25:25
CASE_04264,FIR/2026/436,2026-03-02 00:32:25,CARD_FRAUD,Maharashtra,Synthetic_District_6,22.675122,85.322288,53245.9,9,1.74,0,0,0.078,2026-03-31 00:32:25
CASE_04265,FIR/2026/232,2026-08-08 21:03:25,UPI_FRAUD,West Bengal,Synthetic_District_28,14.869919,83.867399,18519.57,1,0.43,21,5,0.426,2026-09-02 21:03:25
CASE_04266,FIR/2024/765,2024-12-28 14:13:25,UPI_FRAUD,Andhra Pradesh,Synthetic_District_17,25.598318,71.40181,44548.51,10,1.69,14,5,0.999,2025-01-13 14:13:25
CASE_04267,FIR/2026/938,2026-09-05 04:38:25,PHISHING,Telangana,Synthetic_District_25,25.777649,76.006581,4994.02,4,1.96,4,5,0.945,2026-09-08 04:38:25
CASE_04268,FIR/2025/630,2025-09-24 07:59:25,PHISHING,Kerala,Synthetic_District_1,28.991157,70.570275,95558.89,9,0.45,7,2,0.491,2025-09-27 07:59:25
CASE_04269,FIR/2024/483,2024-10-15 11:45:25,NET_BANKING_FRAUD,Gujarat,Synthetic_District_42,10.961845,95.754599,23143.88,12,0.6,11,1,0.583,2024-10-19 11:45:25
CASE_04270,FIR/2025/434,2025-07-13 11:39:25,IMPERSONATION,West Bengal,Synthetic_District_50,13.493305,82.103757,130649.89,7,1.98,11,6,0.036,2025-08-10 11:39:25
CASE_04271,FIR/2026/179,2026-01-20 22:23:25,NET_BANKING_FRAUD,West Bengal,Synthetic_District_4,23.517851,74.996069,85841.6,17,2.64,22,1,0.069,2026-02-16 22:23:25
CASE_04272,FIR/2026/830,2026-04-06 02:18:25,PHISHING,Delhi,Synthetic_District_13,26.912057,68.672714,171661.49,20,3.06,2,0,0.456,2026-04-07 02:18:25
CASE_04273,FIR/2025/448,2025-08-15 16:44:25,NET_BANKING_FRAUD,Karnataka,Synthetic_District_16,8.63501,68.198792,55819.24,1,1.38,16,4,0.713,2025-08-19 16:44:25
CASE_04274,FIR/2026/958,2026-08-21 12:24:25,UPI_FRAUD,West Bengal,Synthetic_District_31,14.692386,69.530022,25630.15,6,2.52,12,4,0.824,2026-08-29 12:24:25
CASE_04275,FIR/2025/608,2025-02-19 06:56:25,PHISHING,Tamil Nadu,Synthetic_District_28,25.780144,77.395316,42139.02,9,4.17,6,2,0.146,2025-03-12 06:56:25
CASE_04276,FIR/2025/575,2025-10-29 18:06:25,INVESTMENT_SCAM,Tamil Nadu,Synthetic_District_23,14.114484,92.457233,95669.42,6,2.15,18,2,0.824,2025-11-28 18:06:25
CASE_04277,FIR/2025/912,2025-10-09 01:22:25,PHISHING,Telangana,Synthetic_District_14,35.88012,84.336679,11431.94,7,3.87,1,3,0.843,2025-10-13 01:22:25
CASE_04278,FIR/2025/701,2025-04-17 14:27:25,CARD_FRAUD,Andhra Pradesh,Synthetic_District_19,12.206934,69.717857,162061.26,13,4.14,14,3,0.715,2025-05-07 14:27:25
CASE_04279,FIR/2026/361,2026-04-28 12:30:25,NET_BANKING_FRAUD,Karnataka,Synthetic_District_45,17.113415,75.492588,32110.7,8,0.66,12,1,0.852,2026-05-08 12:30:25
CASE_04280,FIR/2024/818,2024-12-31 19:23:25,INVESTMENT_SCAM,Tamil Nadu,Synthetic_District_28,18.648424,77.003649,861890.67,2,4.87,19,1,0.978,2025-01-06 19:23:25
CASE_04281,FIR/2026/277,2026-09-14 04:44:25,CARD_FRAUD,Andhra Pradesh,Synthetic_District_3,9.222301,71.687809,177158.7,19,3.33,4,0,0.167,2026-10-01 04:44:25
CASE_04282,FIR/2025/730,2025-06-21 23:08:25,OTHER,Tamil Nadu,Synthetic_District_35,26.742036,77.256584,93037.33,19,1.57,23,5,0.876,2025-07-09 23:08:25
CASE_04283,FIR/2026/594,2026-04-30 21:54:25,CARD_FRAUD,Kerala,Synthetic_District_32,17.340354,85.29812,13695.5,20,2.28,21,3,0.355,2026-05-12 21:54:25
CASE_04284,FIR/2025/929,2025-08-17 19:55:25,INVESTMENT_SCAM,West Bengal,Synthetic_District_44,33.732344,87.467031,853701.04,14,1.09,19,6,0.188,2025-09-02 19:55:25
CASE_04285,FIR/2025/315,2025-11-21 06:07:25,OTHER,Maharashtra,Synthetic_District_48,8.094336,72.861907,91358.77,3,1.3,6,4,0.644,2025-12-21 06:07:25
CASE_04286,FIR/2026/756,2026-09-16 09:16:25,CARD_FRAUD,Kerala,Synthetic_District_12,10.137221,76.330058,157419.21,17,1.15,9,2,0.793,2026-09-26 09:16:25
CASE_04287,FIR/2026/677,2026-08-23 03:33:25,OTHER,West Bengal,Synthetic_District_34,28.652814,74.700937,91359.61,14,4.44,3,6,0.971,2026-09-10 03:33:25
CASE_04288,FIR/2026/393,2026-09-08 21:08:25,PHISHING,Tamil Nadu,Synthetic_District_3,26.074456,73.576493,74957.99,11,3.48,21,1,0.932,2026-09-19 21:08:25
CASE_04289,FIR/2025/796,2025-03-25 19:07:25,UPI_FRAUD,Kerala,Synthetic_District_25,20.179327,92.645275,24560.34,14,4.77,19,1,0.724,2025-04-15 19:07:25
CASE_04290,FIR/2026/361,2026-05-01 15:32:25,PHISHING,Gujarat,Synthetic_District_7,35.912089,81.798909,194452.61,11,2.13,15,4,0.105,2026-05-19 15:32:25
CASE_04291,FIR/2024/318,2024-11-16 14:43:25,UPI_FRAUD,Karnataka,Synthetic_District_11,13.205809,70.975389,2040.91,5,1.13,14,5,0.338,2024-11-28 14:43:25
CASE_04292,FIR/2025/710,2025-01-16 21:51:25,OTHER,West Bengal,Synthetic_District_15,11.955549,72.44546,162813.73,12,4.56,21,3,0.099,2025-01-21 21:51:25
CASE_04293,FIR/2025/522,2025-03-17 06:37:25,PHISHING,Delhi,Synthetic_District_8,16.554196,77.263426,125953.91,16,0.62,6,0,0.646,2025-03-26 06:37:25
CASE_04294,FIR/2025/656,2025-08-24 20:38:25,INVESTMENT_SCAM,Gujarat,Synthetic_District_32,23.963019,91.48421,423127.04,3,3.43,20,6,0.639,2025-09-18 20:38:25
CASE_04295,FIR/2026/405,2026-06-11 19:58:25,PHISHING,Delhi,Synthetic_District_13,34.284702,88.481639,85120.7,13,1.03,19,3,0.355,2026-06-20 19:58:25
CASE_04296,FIR/2025/834,2025-11-28 12:28:25,UPI_FRAUD,Andhra Pradesh,Synthetic_District_48,24.316278,73.460038,10460.4,2,4.39,12,4,0.853,2025-12-13 12:28:25
CASE_04297,FIR/2024/820,2024-12-23 11:14:25,PHISHING,West Bengal,Synthetic_District_7,18.266215,77.881299,36021.69,5,2.32,11,0,0.988,2025-01-10 11:14:25
CASE_04298,FIR/2026/490,2026-01-23 06:25:25,OTHER,Karnataka,Synthetic_District_12,33.486423,77.562233,33166.66,10,0.21,6,4,0.676,2026-01-31 06:25:25
CASE_04299,FIR/2024/543,2024-10-14 12:24:25,OTHER,West Bengal,Synthetic_District_39,36.368329,85.391509,123569.88,12,0.16,12,0,0.696,2024-10-28 12:24:25
CASE_04300,FIR/2026/679,2026-02-19 11:10:25,INVESTMENT_SCAM,Tamil Nadu,Synthetic_District_43,23.213689,71.138823,592861.35,19,4.99,11,3,0.123,2026-03-20 11:10:25
CASE_04301,FIR/2026/798,2026-07-04 11:03:25,INVESTMENT_SCAM,Gujarat,Synthetic_District_18,19.274515,73.026438,971530.8,3,3.03,11,5,0.662,2026-07-06 11:03:25
CASE_04302,FIR/2025/606,2025-02-22 01:50:25,CARD_FRAUD,Telangana,Synthetic_District_34,30.055272,94.274929,68033.39,15,1.13,1,5,0.204,2025-02-28 01:50:25
CASE_04303,FIR/2026/707,2026-01-26 17:53:25,INVESTMENT_SCAM,Uttar Pradesh,Synthetic_District_26,19.843624,80.600014,786420.25,14,4.07,17,0,0.935,2026-02-07 17:53:25
CASE_04304,FIR/2026/494,2026-04-05 16:02:25,PHISHING,Delhi,Synthetic_District_5,9.721811,87.466088,14849.9,13,1.84,16,6,0.848,2026-04-08 16:02:25
CASE_04305,FIR/2025/311,2025-08-08 15:24:25,CARD_FRAUD,Uttar Pradesh,Synthetic_District_26,29.287721,87.847906,168632.39,10,3.77,15,4,0.078,2025-08-19 15:24:25
CASE_04306,FIR/2025/309,2025-09-27 07:16:25,UPI_FRAUD,Karnataka,Synthetic_District_43,30.403655,81.367518,33184.39,19,2.13,7,5,0.557,2025-10-18 07:16:25
CASE_04307,FIR/2026/724,2026-04-11 11:33:25,CARD_FRAUD,Gujarat,Synthetic_District_39,13.482514,77.620495,110053.1,17,1.57,11,5,0.256,2026-04-17 11:33:25
CASE_04308,FIR/2025/441,2025-04-09 20:01:25,INVESTMENT_SCAM,Delhi,Synthetic_District_48,10.941204,78.02288,312711.03,18,2.22,20,2,0.424,2025-04-30 20:01:25
CASE_04309,FIR/2024/145,2024-10-05 12:42:25,INVESTMENT_SCAM,Kerala,Synthetic_District_4,26.945135,93.311242,152112.0,20,2.97,12,5,0.317,2024-10-31 12:42:25
CASE_04310,FIR/2025/906,2025-08-05 15:51:25,CARD_FRAUD,Karnataka,Synthetic_District_36,18.111074,87.29177,1424.3,8,3.41,15,1,0.479,2025-08-14 15:51:25
CASE_04311,FIR/2025/902,2025-03-14 12:29:25,NET_BANKING_FRAUD,Andhra Pradesh,Synthetic_District_17,10.092732,73.296153,181865.9,14,1.59,12,4,0.136,2025-04-06 12:29:25
CASE_04312,FIR/2025/983,2025-06-30 14:59:25,IMPERSONATION,Delhi,Synthetic_District_19,17.876587,85.391357,115403.36,13,0.16,14,0,0.289,2025-07-09 14:59:25
CASE_04313,FIR/2024/744,2024-10-26 09:50:25,NET_BANKING_FRAUD,Kerala,Synthetic_District_9,18.654944,74.881418,57351.9,19,3.53,9,5,0.823,2024-11-21 09:50:25
CASE_04314,FIR/2025/290,2025-11-13 09:26:25,CARD_FRAUD,Gujarat,Synthetic_District_28,22.590309,73.130912,150542.25,19,0.58,9,3,0.648,2025-11-17 09:26:25
CASE_04315,FIR/2025/493,2025-03-17 21:04:25,OTHER,Andhra Pradesh,Synthetic_District_8,35.136631,93.627936,195910.74,18,0.29,21,0,0.804,2025-03-18 21:04:25
CASE_04316,FIR/2025/701,2025-03-13 17:23:25,OTHER,Karnataka,Synthetic_District_39,20.624332,75.158281,168570.92,4,4.17,17,3,0.686,2025-04-02 17:23:25
CASE_04317,FIR/2024/341,2024-12-17 19:15:25,CARD_FRAUD,Maharashtra,Synthetic_District_29,9.591393,87.450648,130229.1,12,4.49,19,1,0.239,2025-01-06 19:15:25
CASE_04318,FIR/2026/762,2026-01-27 17:19:25,NET_BANKING_FRAUD,Tamil Nadu,Synthetic_District_30,30.136952,94.709873,11234.91,18,2.36,17,1,0.769,2026-02-03 17:19:25
CASE_04319,FIR/2026/217,2026-01-20 19:16:25,PHISHING,Telangana,Synthetic_District_15,14.963664,68.719553,8060.38,7,4.63,19,1,0.186,2026-02-02 19:16:25
CASE_04320,FIR/2026/168,2026-05-12 06:02:25,NET_BANKING_FRAUD,Tamil Nadu,Synthetic_District_16,10.028509,70.911534,152935.24,3,3.01,6,1,0.503,2026-06-01 06:02:25
CASE_04321,FIR/2025/261,2025-07-24 10:33:25,OTHER,Delhi,Synthetic_District_27,27.024211,73.727429,138778.37,12,1.58,10,3,0.212,2025-08-12 10:33:25
CASE_04322,FIR/2026/418,2026-06-20 16:58:25,IMPERSONATION,Uttar Pradesh,Synthetic_District_8,15.15616,78.317708,192672.6,13,3.24,16,5,0.196,2026-07-17 16:58:25
CASE_04323,FIR/2026/510,2026-09-26 05:12:25,NET_BANKING_FRAUD,Kerala,Synthetic_District_27,33.568365,88.469536,18503.71,11,0.51,5,5,0.928,2026-10-07 05:12:25
CASE_04324,FIR/2025/317,2025-03-20 22:17:25,OTHER,Delhi,Synthetic_District_21,27.92126,92.090935,128143.52,17,3.33,22,3,0.725,2025-04-16 22:17:25
CASE_04325,FIR/2026/829,2026-06-01 07:33:25,INVESTMENT_SCAM,Kerala,Synthetic_District_39,32.616669,78.303299,589719.79,15,2.33,7,0,0.55,2026-06-22 07:33:25
CASE_04326,FIR/2025/608,2025-05-14 03:56:25,UPI_FRAUD,Karnataka,Synthetic_District_44,19.239303,68.18896,33484.38,14,1.51,3,2,0.144,2025-06-13 03:56:25
CASE_04327,FIR/2026/141,2026-09-08 16:26:25,UPI_FRAUD,Delhi,Synthetic_District_20,15.577401,81.346349,16240.89,7,0.14,16,1,0.947,2026-10-07 16:26:25
CASE_04328,FIR/2025/609,2025-09-06 16:51:25,NET_BANKING_FRAUD,Karnataka,Synthetic_District_13,26.871501,84.562573,40168.33,9,0.6,16,5,0.017,2025-09-18 16:51:25
CASE_04329,FIR/2025/940,2025-02-05 05:23:25,IMPERSONATION,Andhra Pradesh,Synthetic_District_20,12.84682,95.044293,79976.34,3,1.02,5,2,0.874,2025-02-14 05:23:25
CASE_04330,FIR/2026/528,2026-08-31 03:03:25,PHISHING,West Bengal,Synthetic_District_42,35.387167,81.950773,78116.43,14,2.45,3,0,0.306,2026-09-16 03:03:25
CASE_04331,FIR/2026/826,2026-07-05 22:09:25,INVESTMENT_SCAM,Tamil Nadu,Synthetic_District_1,33.877206,70.580896,538131.03,8,1.11,22,6,0.133,2026-07-25 22:09:25
CASE_04332,FIR/2026/238,2026-04-27 16:36:25,IMPERSONATION,Maharashtra,Synthetic_District_29,8.033839,86.588462,110479.51,14,3.36,16,0,0.484,2026-05-17 16:36:25
CASE_04333,FIR/2026/389,2026-05-03 04:49:25,CARD_FRAUD,Uttar Pradesh,Synthetic_District_7,32.856116,78.2032,171488.46,10,3.7,4,6,0.355,2026-05-07 04:49:25
CASE_04334,FIR/2025/389,2025-11-29 15:47:25,OTHER,Uttar Pradesh,Synthetic_District_21,36.265831,72.356787,42563.49,1,4.11,15,5,0.515,2025-12-05 15:47:25
CASE_04335,FIR/2025/513,2025-03-10 09:14:25,INVESTMENT_SCAM,Maharashtra,Synthetic_District_20,30.58163,89.846408,347716.15,19,4.58,9,0,0.383,2025-04-01 09:14:25
CASE_04336,FIR/2025/261,2025-10-12 11:55:25,INVESTMENT_SCAM,Telangana,Synthetic_District_29,23.307008,69.333217,886317.53,18,2.57,11,6,0.797,2025-10-14 11:55:25
CASE_04337,FIR/2025/820,2025-12-07 10:45:25,PHISHING,Tamil Nadu,Synthetic_District_19,29.341787,95.715534,11914.46,3,0.48,10,6,0.049,2025-12-23 10:45:25
CASE_04338,FIR/2025/339,2025-05-04 17:38:25,OTHER,West Bengal,Synthetic_District_41,31.64025,78.516509,130345.03,19,4.18,17,6,0.702,2025-05-31 17:38:25
CASE_04339,FIR/2025/257,2025-01-07 15:28:25,PHISHING,Karnataka,Synthetic_District_30,12.421055,73.713046,118915.44,7,1.29,15,1,0.736,2025-01-12 15:28:25
CASE_04340,FIR/2025/467,2025-05-15 00:21:25,INVESTMENT_SCAM,Maharashtra,Synthetic_District_7,28.263458,95.761905,636422.97,20,2.95,0,3,0.763,2025-05-31 00:21:25
CASE_04341,FIR/2025/261,2025-06-06 10:37:25,IMPERSONATION,Gujarat,Synthetic_District_36,36.746746,79.310631,92088.66,15,4.72,10,4,0.822,2025-06-14 10:37:25
CASE_04342,FIR/2025/286,2025-11-03 17:25:25,INVESTMENT_SCAM,Delhi,Synthetic_District_38,30.340938,91.484413,728562.17,14,1.71,17,0,0.305,2025-11-25 17:25:25
CASE_04343,FIR/2025/302,2025-06-23 09:09:25,CARD_FRAUD,Karnataka,Synthetic_District_26,12.501519,68.673464,92442.33,17,0.42,9,0,0.676,2025-07-21 09:09:25
CASE_04344,FIR/2026/741,2026-04-23 13:04:25,OTHER,Maharashtra,Synthetic_District_38,22.66642,80.732244,113639.27,2,0.95,13,3,0.59,2026-04-26 13:04:25
CASE_04345,FIR/2024/378,2024-12-02 22:45:25,OTHER,Tamil Nadu,Synthetic_District_42,14.335079,71.46957,1936.79,10,4.5,22,0,0.579,2024-12-20 22:45:25
CASE_04346,FIR/2025/520,2025-01-25 19:29:25,IMPERSONATION,Tamil Nadu,Synthetic_District_13,8.613184,77.79062,88164.79,1,4.99,19,5,0.753,2025-02-03 19:29:25
CASE_04347,FIR/2026/344,2026-05-08 02:48:25,OTHER,Delhi,Synthetic_District_29,10.807727,92.374219,57175.15,6,2.89,2,4,0.887,2026-05-09 02:48:25
CASE_04348,FIR/2025/765,2025-02-22 15:18:25,CARD_FRAUD,Kerala,Synthetic_District_49,34.854327,91.089402,195316.13,14,0.52,15,5,0.378,2025-03-01 15:18:25
CASE_04349,FIR/2026/159,2026-08-31 06:36:25,PHISHING,West Bengal,Synthetic_District_48,23.260736,77.582895,55328.53,4,4.73,6,0,0.655,2026-09-14 06:36:25
CASE_04350,FIR/2025/601,2025-05-25 21:00:25,INVESTMENT_SCAM,Karnataka,Synthetic_District_48,17.283919,88.645791,148578.22,10,0.47,21,6,0.243,2025-06-08 21:00:25
CASE_04351,FIR/2025/715,2025-03-10 22:11:25,OTHER,Kerala,Synthetic_District_8,28.842961,71.730216,146144.06,18,1.13,22,0,0.35,2025-04-05 22:11:25
CASE_04352,FIR/2025/918,2025-12-15 00:05:25,NET_BANKING_FRAUD,Maharashtra,Synthetic_District_27,16.203275,90.514006,103887.51,14,2.11,0,0,0.5,2026-01-10 00:05:25
CASE_04353,FIR/2026/734,2026-02-01 20:37:25,PHISHING,Karnataka,Synthetic_District_7,30.505453,93.733596,34951.04,20,3.28,20,6,0.94,2026-02-18 20:37:25
CASE_04354,FIR/2026/664,2026-08-21 03:28:25,UPI_FRAUD,Telangana,Synthetic_District_34,10.355283,71.501494,41968.99,2,0.56,3,4,0.384,2026-08-26 03:28:25
CASE_04355,FIR/2025/749,2025-04-13 16:08:25,PHISHING,Uttar Pradesh,Synthetic_District_26,22.771787,82.797215,178109.35,1,0.58,16,6,0.271,2025-04-15 16:08:25
CASE_04356,FIR/2026/444,2026-04-02 20:39:25,PHISHING,Andhra Pradesh,Synthetic_District_15,31.551569,79.574166,138956.72,13,2.04,20,3,0.143,2026-04-06 20:39:25
CASE_04357,FIR/2025/748,2025-11-10 10:22:25,PHISHING,West Bengal,Synthetic_District_36,15.964916,81.587486,93169.56,15,4.8,10,0,0.545,2025-12-08 10:22:25
CASE_04358,FIR/2026/610,2026-06-21 23:39:25,INVESTMENT_SCAM,Gujarat,Synthetic_District_48,9.325354,96.270292,268070.34,1,3.28,23,6,0.763,2026-07-14 23:39:25
CASE_04359,FIR/2025/668,2025-06-18 07:59:25,UPI_FRAUD,Karnataka,Synthetic_District_12,36.937969,72.773676,49493.94,4,1.16,7,2,0.704,2025-07-11 07:59:25
CASE_04360,FIR/2025/976,2025-08-01 08:56:25,CARD_FRAUD,Maharashtra,Synthetic_District_48,16.725888,74.787852,126184.81,9,3.83,8,4,0.309,2025-08-20 08:56:25
CASE_04361,FIR/2026/915,2026-01-18 10:25:25,INVESTMENT_SCAM,Telangana,Synthetic_District_37,19.968261,76.709341,331838.4,1,3.83,10,6,0.93,2026-02-06 10:25:25
CASE_04362,FIR/2026/331,2026-01-05 06:18:25,IMPERSONATION,Tamil Nadu,Synthetic_District_18,18.431354,69.77426,146346.77,4,3.13,6,0,0.089,2026-01-08 06:18:25
CASE_04363,FIR/2025/894,2025-04-20 12:47:25,PHISHING,Andhra Pradesh,Synthetic_District_25,10.045518,68.120492,6239.35,4,2.0,12,6,0.723,2025-05-08 12:47:25
CASE_04364,FIR/2025/790,2025-07-01 06:04:25,OTHER,Delhi,Synthetic_District_42,36.242441,95.002766,138334.07,17,2.49,6,1,0.531,2025-07-26 06:04:25
CASE_04365,FIR/2026/687,2026-03-18 19:17:25,UPI_FRAUD,Andhra Pradesh,Synthetic_District_39,12.050921,90.641493,26774.22,9,4.49,19,2,0.056,2026-03-30 19:17:25
CASE_04366,FIR/2025/572,2025-12-23 21:39:25,CARD_FRAUD,Delhi,Synthetic_District_6,30.935544,90.635165,100194.35,14,4.28,21,1,0.65,2026-01-05 21:39:25
CASE_04367,FIR/2025/107,2025-03-04 17:30:25,INVESTMENT_SCAM,Kerala,Synthetic_District_38,27.633834,76.541824,120661.65,4,2.44,17,1,0.701,2025-04-01 17:30:25
CASE_04368,FIR/2025/549,2025-04-15 19:42:25,INVESTMENT_SCAM,Karnataka,Synthetic_District_45,31.254092,80.280868,77148.63,17,4.62,19,1,0.243,2025-04-30 19:42:25
CASE_04369,FIR/2025/905,2025-02-13 20:29:25,INVESTMENT_SCAM,West Bengal,Synthetic_District_37,14.248389,78.028917,804080.34,9,3.66,20,3,0.923,2025-03-06 20:29:25
CASE_04370,FIR/2024/474,2024-11-21 02:15:25,UPI_FRAUD,Gujarat,Synthetic_District_6,31.981867,91.31684,38972.73,14,1.66,2,3,0.961,2024-12-04 02:15:25
CASE_04371,FIR/2026/504,2026-09-09 00:51:25,IMPERSONATION,Andhra Pradesh,Synthetic_District_27,21.268964,77.719962,86249.04,4,4.86,0,2,0.822,2026-09-14 00:51:25
CASE_04372,FIR/2024/772,2024-11-08 07:46:25,UPI_FRAUD,Karnataka,Synthetic_District_45,17.79032,83.267534,26163.23,19,1.04,7,4,0.367,2024-11-22 07:46:25
CASE_04373,FIR/2026/519,2026-02-14 13:22:25,OTHER,Delhi,Synthetic_District_24,28.921695,77.833112,37967.06,12,2.36,13,5,0.078,2026-02-15 13:22:25
CASE_04374,FIR/2026/343,2026-09-28 15:43:25,OTHER,Tamil Nadu,Synthetic_District_23,33.280848,85.614574,197555.18,17,3.26,15,0,0.536,2026-10-25 15:43:25
CASE_04375,FIR/2026/878,2026-03-12 05:49:25,INVESTMENT_SCAM,West Bengal,Synthetic_District_48,35.732206,89.803336,459558.82,9,1.1,5,3,0.954,2026-03-18 05:49:25
CASE_04376,FIR/2026/653,2026-05-29 12:40:25,IMPERSONATION,Telangana,Synthetic_District_14,11.792617,93.168469,168342.93,1,0.42,12,4,0.24,2026-06-27 12:40:25
CASE_04377,FIR/2026/678,2026-05-19 10:21:25,OTHER,Karnataka,Synthetic_District_18,8.21337,75.171061,44225.32,14,1.79,10,1,0.309,2026-06-12 10:21:25
CASE_04378,FIR/2026/411,2026-08-03 11:27:25,OTHER,Karnataka,Synthetic_District_22,20.546895,89.337679,4163.35,5,4.19,11,0,0.45,2026-08-19 11:27:25
CASE_04379,FIR/2024/147,2024-11-07 14:32:25,OTHER,Uttar Pradesh,Synthetic_District_21,25.706961,72.147591,160372.69,15,3.7,14,3,0.564,2024-11-16 14:32:25
CASE_04380,FIR/2025/896,2025-11-03 23:10:25,INVESTMENT_SCAM,Uttar Pradesh,Synthetic_District_49,24.685179,71.23117,865806.05,7,3.86,23,0,0.42,2025-11-12 23:10:25
CASE_04381,FIR/2026/700,2026-03-27 09:57:25,NET_BANKING_FRAUD,Andhra Pradesh,Synthetic_District_6,19.977428,73.621682,27483.27,15,3.39,9,4,0.475,2026-03-30 09:57:25
CASE_04382,FIR/2026/520,2026-01-09 15:14:25,CARD_FRAUD,Uttar Pradesh,Synthetic_District_46,16.6754,87.525722,37858.03,6,3.48,15,4,0.623,2026-01-21 15:14:25
CASE_04383,FIR/2025/652,2025-07-05 15:19:25,IMPERSONATION,West Bengal,Synthetic_District_47,10.549957,86.459407,123208.47,4,3.48,15,5,0.258,2025-08-01 15:19:25
CASE_04384,FIR/2025/470,2025-03-16 07:33:25,OTHER,Karnataka,Synthetic_District_35,31.334521,81.701764,94990.39,11,0.3,7,6,0.43,2025-03-25 07:33:25
CASE_04385,FIR/2025/917,2025-07-29 09:50:25,INVESTMENT_SCAM,West Bengal,Synthetic_District_35,27.11864,94.522968,755659.67,15,2.63,9,1,0.592,2025-08-10 09:50:25
CASE_04386,FIR/2024/690,2024-10-24 19:59:25,INVESTMENT_SCAM,Tamil Nadu,Synthetic_District_34,21.37773,80.708899,157252.85,9,4.21,19,3,0.081,2024-11-22 19:59:25
CASE_04387,FIR/2025/738,2025-03-20 16:51:25,PHISHING,West Bengal,Synthetic_District_20,14.142036,96.561814,56020.12,6,2.77,16,3,0.764,2025-03-23 16:51:25
CASE_04388,FIR/2025/586,2025-08-13 17:03:25,NET_BANKING_FRAUD,West Bengal,Synthetic_District_28,27.932509,73.684564,36202.87,12,4.22,17,2,0.927,2025-08-19 17:03:25
CASE_04389,FIR/2025/332,2025-05-08 06:27:25,PHISHING,Tamil Nadu,Synthetic_District_4,22.544972,84.543572,96822.84,8,1.6,6,3,0.777,2025-05-18 06:27:25
CASE_04390,FIR/2025/354,2025-11-10 13:17:25,CARD_FRAUD,Delhi,Synthetic_District_5,36.319527,95.307804,160893.3,2,4.34,13,0,0.594,2025-11-20 13:17:25
CASE_04391,FIR/2026/571,2026-06-07 05:20:25,NET_BANKING_FRAUD,Tamil Nadu,Synthetic_District_4,30.672784,81.695352,21243.13,1,2.91,5,6,0.076,2026-07-05 05:20:25
CASE_04392,FIR/2026/963,2026-05-07 12:26:25,IMPERSONATION,West Bengal,Synthetic_District_18,19.50706,80.161781,130749.16,15,0.19,12,3,0.574,2026-05-11 12:26:25
CASE_04393,FIR/2025/513,2025-01-01 17:58:25,IMPERSONATION,Delhi,Synthetic_District_21,21.990685,79.53723,168152.44,3,0.38,17,2,0.996,2025-01-22 17:58:25
CASE_04394,FIR/2026/564,2026-05-31 17:54:25,INVESTMENT_SCAM,Uttar Pradesh,Synthetic_District_45,17.959492,68.675848,74549.24,2,3.85,17,6,0.298,2026-06-03 17:54:25
CASE_04395,FIR/2025/491,2025-09-17 06:39:25,OTHER,Tamil Nadu,Synthetic_District_3,35.408227,78.856787,166837.61,15,4.49,6,2,0.497,2025-10-01 06:39:25
CASE_04396,FIR/2025/426,2025-03-06 21:46:25,PHISHING,West Bengal,Synthetic_District_37,13.187327,94.710485,23609.06,7,2.87,21,3,0.022,2025-03-13 21:46:25
CASE_04397,FIR/2026/589,2026-01-12 16:52:25,IMPERSONATION,Andhra Pradesh,Synthetic_District_45,29.487374,96.032081,46138.72,15,1.01,16,0,0.672,2026-01-19 16:52:25
CASE_04398,FIR/2025/297,2025-03-05 16:02:25,INVESTMENT_SCAM,Delhi,Synthetic_District_15,26.793483,93.843861,981358.17,16,4.59,16,2,0.42,2025-03-21 16:02:25
CASE_04399,FIR/2026/658,2026-06-18 01:44:25,NET_BANKING_FRAUD,Telangana,Synthetic_District_14,32.09197,76.041298,78205.57,10,2.58,1,3,0.156,2026-07-09 01:44:25
CASE_04400,FIR/2026/598,2026-04-28 12:17:25,INVESTMENT_SCAM,Gujarat,Synthetic_District_23,21.811406,86.373524,741754.2,10,2.24,12,1,0.345,2026-05-09 12:17:25
CASE_04401,FIR/2026/941,2026-08-23 16:13:25,INVESTMENT_SCAM,Kerala,Synthetic_District_24,10.545026,88.170399,403130.45,6,1.46,16,6,0.448,2026-08-31 16:13:25
CASE_04402,FIR/2025/768,2025-06-28 05:19:25,IMPERSONATION,Uttar Pradesh,Synthetic_District_43,24.225294,78.533006,26360.51,13,1.79,5,5,0.184,2025-07-15 05:19:25
CASE_04403,FIR/2026/578,2026-02-13 23:05:25,UPI_FRAUD,Gujarat,Synthetic_District_34,19.405871,75.528043,4415.51,3,1.44,23,4,0.56,2026-03-01 23:05:25
CASE_04404,FIR/2026/517,2026-08-12 08:13:25,CARD_FRAUD,Tamil Nadu,Synthetic_District_38,20.927412,88.910742,89544.2,1,1.05,8,2,0.524,2026-08-27 08:13:25
CASE_04405,FIR/2025/528,2025-04-01 08:16:25,OTHER,Karnataka,Synthetic_District_27,27.353613,82.659973,114136.3,17,3.38,8,1,0.438,2025-04-24 08:16:25
CASE_04406,FIR/2025/438,2025-07-16 16:43:25,PHISHING,Karnataka,Synthetic_District_43,31.79499,77.407788,190375.74,18,4.84,16,2,0.403,2025-07-21 16:43:25
CASE_04407,FIR/2024/438,2024-12-10 04:58:25,CARD_FRAUD,Maharashtra,Synthetic_District_35,28.915684,92.869146,154554.2,4,1.8,4,1,0.086,2024-12-13 04:58:25
CASE_04408,FIR/2025/633,2025-07-26 19:28:25,OTHER,Delhi,Synthetic_District_41,25.856905,86.607465,47454.93,16,3.16,19,5,0.532,2025-08-22 19:28:25
CASE_04409,FIR/2025/210,2025-12-14 14:17:25,NET_BANKING_FRAUD,Kerala,Synthetic_District_28,32.305443,91.425363,63670.33,4,2.52,14,6,0.8,2026-01-07 14:17:25
CASE_04410,FIR/2025/137,2025-09-23 11:00:25,INVESTMENT_SCAM,Maharashtra,Synthetic_District_45,17.708434,88.068153,444043.54,6,1.0,11,1,0.308,2025-10-17 11:00:25
CASE_04411,FIR/2025/804,2025-02-13 01:09:25,CARD_FRAUD,Uttar Pradesh,Synthetic_District_24,28.829609,84.275826,67634.81,7,4.61,1,3,0.115,2025-03-03 01:09:25
CASE_04412,FIR/2025/917,2025-05-31 20:45:25,OTHER,Gujarat,Synthetic_District_46,11.605816,74.215073,36800.82,3,2.55,20,5,0.06,2025-06-03 20:45:25
CASE_04413,FIR/2025/883,2025-07-11 12:18:25,UPI_FRAUD,West Bengal,Synthetic_District_17,20.842446,87.887345,1690.55,11,1.86,12,4,0.684,2025-07-19 12:18:25
CASE_04414,FIR/2025/284,2025-07-24 14:26:25,PHISHING,Tamil Nadu,Synthetic_District_39,9.98046,71.69443,30786.16,3,2.79,14,3,0.823,2025-08-01 14:26:25
CASE_04415,FIR/2025/368,2025-11-29 05:22:25,OTHER,Uttar Pradesh,Synthetic_District_34,15.220016,85.041033,145553.73,1,2.67,5,5,0.39,2025-12-16 05:22:25
CASE_04416,FIR/2026/564,2026-02-20 22:53:25,INVESTMENT_SCAM,Telangana,Synthetic_District_33,15.913429,77.712192,981471.4,5,2.42,22,4,0.901,2026-02-27 22:53:25
CASE_04417,FIR/2026/406,2026-01-19 18:25:25,PHISHING,Andhra Pradesh,Synthetic_District_40,23.231411,78.083083,52624.76,18,4.89,18,0,0.726,2026-02-08 18:25:25
CASE_04418,FIR/2024/404,2024-12-01 05:10:25,OTHER,Gujarat,Synthetic_District_34,13.754662,69.585051,6591.22,14,0.82,5,6,0.845,2024-12-11 05:10:25
CASE_04419,FIR/2025/679,2025-11-19 16:06:25,INVESTMENT_SCAM,Uttar Pradesh,Synthetic_District_36,22.491294,96.592645,900922.52,9,3.82,16,2,0.389,2025-11-27 16:06:25
CASE_04420,FIR/2024/915,2024-12-22 21:31:25,INVESTMENT_SCAM,Delhi,Synthetic_District_44,34.937521,84.797354,700103.71,6,2.35,21,6,0.586,2025-01-13 21:31:25
CASE_04421,FIR/2026/181,2026-05-02 18:22:25,INVESTMENT_SCAM,Delhi,Synthetic_District_9,9.10376,95.769371,137445.79,3,1.77,18,5,0.096,2026-05-07 18:22:25
CASE_04422,FIR/2026/492,2026-07-22 14:17:25,CARD_FRAUD,West Bengal,Synthetic_District_18,8.929411,76.429007,16574.95,4,3.6,14,2,0.669,2026-07-28 14:17:25
CASE_04423,FIR/2025/980,2025-05-23 07:45:25,UPI_FRAUD,Gujarat,Synthetic_District_32,21.807056,70.241918,38343.31,2,3.78,7,4,0.206,2025-05-29 07:45:25
CASE_04424,FIR/2025/993,2025-12-14 17:15:25,PHISHING,Gujarat,Synthetic_District_33,29.661867,74.955182,58100.87,14,2.39,17,6,0.257,2026-01-01 17:15:25
CASE_04425,FIR/2025/895,2025-08-13 06:02:25,IMPERSONATION,Karnataka,Synthetic_District_14,12.069497,96.547031,44628.3,18,4.67,6,2,0.808,2025-09-08 06:02:25
CASE_04426,FIR/2025/592,2025-06-20 00:13:25,IMPERSONATION,Tamil Nadu,Synthetic_District_4,29.66269,83.891462,87499.22,18,0.95,0,4,0.621,2025-07-19 00:13:25
CASE_04427,FIR/2025/252,2025-07-11 03:23:25,INVESTMENT_SCAM,Delhi,Synthetic_District_18,13.974964,94.434424,448587.28,3,0.83,3,4,0.953,2025-07-23 03:23:25
CASE_04428,FIR/2026/731,2026-02-25 09:24:25,INVESTMENT_SCAM,Delhi,Synthetic_District_45,13.974075,81.838392,235676.64,4,1.41,9,2,0.128,2026-03-22 09:24:25
CASE_04429,FIR/2025/159,2025-09-02 06:46:25,IMPERSONATION,Gujarat,Synthetic_District_32,32.11681,88.400431,83100.04,6,4.22,6,1,0.3,2025-10-01 06:46:25
CASE_04430,FIR/2026/580,2026-09-29 03:04:25,IMPERSONATION,Telangana,Synthetic_District_42,25.472192,80.705189,165318.74,4,1.23,3,1,0.11,2026-10-25 03:04:25
CASE_04431,FIR/2026/315,2026-09-10 06:36:25,INVESTMENT_SCAM,Maharashtra,Synthetic_District_44,9.203282,76.655994,842133.05,13,4.04,6,3,0.317,2026-10-04 06:36:25
CASE_04432,FIR/2025/641,2025-12-13 00:21:25,CARD_FRAUD,Kerala,Synthetic_District_24,22.892926,88.553622,193313.82,1,4.02,0,5,0.015,2026-01-10 00:21:25
CASE_04433,FIR/2025/587,2025-09-19 10:28:25,CARD_FRAUD,Delhi,Synthetic_District_25,13.521725,73.43592,101181.55,16,1.81,10,4,0.838,2025-10-05 10:28:25
CASE_04434,FIR/2026/288,2026-07-10 19:23:25,PHISHING,Maharashtra,Synthetic_District_48,8.194177,74.824615,78384.96,15,4.09,19,4,0.929,2026-07-27 19:23:25
CASE_04435,FIR/2026/524,2026-04-12 17:16:25,PHISHING,Kerala,Synthetic_District_37,35.965122,69.213836,87505.11,20,4.14,17,6,0.579,2026-05-02 17:16:25
CASE_04436,FIR/2024/676,2024-10-02 16:31:25,IMPERSONATION,Andhra Pradesh,Synthetic_District_43,26.287124,75.745829,126510.62,8,1.79,16,2,0.144,2024-10-21 16:31:25
CASE_04437,FIR/2025/982,2025-09-05 16:56:25,UPI_FRAUD,Maharashtra,Synthetic_District_33,21.676122,87.907696,44496.35,1,0.3,16,4,0.872,2025-09-11 16:56:25
CASE_04438,FIR/2025/270,2025-02-06 18:07:25,PHISHING,Karnataka,Synthetic_District_35,25.006683,84.69998,27120.14,12,1.98,18,3,0.766,2025-02-23 18:07:25
CASE_04439,FIR/2026/172,2026-05-07 08:46:25,CARD_FRAUD,Gujarat,Synthetic_District_8,32.238081,68.449747,85508.85,3,1.5,8,3,0.863,2026-05-13 08:46:25
CASE_04440,FIR/2025/728,2025-06-26 07:37:25,CARD_FRAUD,Maharashtra,Synthetic_District_50,11.531487,82.125586,179488.62,19,0.32,7,3,0.392,2025-07-07 07:37:25
CASE_04441,FIR/2024/845,2024-11-28 16:10:25,INVESTMENT_SCAM,West Bengal,Synthetic_District_24,21.3994,80.45865,554310.46,2,1.0,16,3,0.948,2024-12-05 16:10:25
CASE_04442,FIR/2025/456,2025-02-01 05:46:25,PHISHING,Karnataka,Synthetic_District_10,27.972867,94.091589,166001.33,11,0.18,5,5,0.822,2025-02-08 05:46:25
CASE_04443,FIR/2025/162,2025-02-06 16:14:25,OTHER,Telangana,Synthetic_District_10,32.485087,75.986154,167223.92,3,3.34,16,3,0.944,2025-02-26 16:14:25
CASE_04444,FIR/2025/406,2025-06-20 13:32:25,CARD_FRAUD,Andhra Pradesh,Synthetic_District_35,20.054814,81.537463,86822.72,9,2.12,13,4,0.857,2025-06-24 13:32:25
CASE_04445,FIR/2025/117,2025-07-10 22:30:25,INVESTMENT_SCAM,Karnataka,Synthetic_District_1,32.269834,71.182464,339762.24,15,1.39,22,3,0.447,2025-07-19 22:30:25
CASE_04446,FIR/2026/346,2026-02-12 15:51:25,UPI_FRAUD,West Bengal,Synthetic_District_12,13.523841,73.232851,37920.51,11,4.25,15,3,0.942,2026-03-06 15:51:25
CASE_04447,FIR/2026/899,2026-04-08 14:59:25,PHISHING,Delhi,Synthetic_District_42,29.179171,93.256817,96695.28,7,3.63,14,2,0.269,2026-04-10 14:59:25
CASE_04448,FIR/2025/514,2025-01-26 03:02:25,UPI_FRAUD,Telangana,Synthetic_District_30,23.631046,80.224644,23588.67,14,0.48,3,6,0.698,2025-01-28 03:02:25
CASE_04449,FIR/2024/972,2024-11-04 17:41:25,CARD_FRAUD,Maharashtra,Synthetic_District_34,34.019233,72.717687,120092.83,9,2.55,17,0,0.752,2024-11-24 17:41:25
CASE_04450,FIR/2025/691,2025-05-08 12:58:25,CARD_FRAUD,Maharashtra,Synthetic_District_19,9.626681,79.44805,102132.16,19,3.25,12,3,0.389,2025-06-07 12:58:25
CASE_04451,FIR/2025/459,2025-05-17 19:05:25,IMPERSONATION,West Bengal,Synthetic_District_4,26.806445,82.59788,70180.7,12,2.54,19,5,0.338,2025-05-28 19:05:25
CASE_04452,FIR/2025/880,2025-01-08 14:58:25,UPI_FRAUD,Tamil Nadu,Synthetic_District_48,29.013134,71.938563,25497.43,7,2.51,14,2,0.665,2025-01-26 14:58:25
CASE_04453,FIR/2025/753,2025-07-14 01:01:25,NET_BANKING_FRAUD,Telangana,Synthetic_District_2,11.056675,73.743154,107662.74,18,0.53,1,0,0.507,2025-08-06 01:01:25
CASE_04454,FIR/2026/416,2026-08-23 02:39:25,UPI_FRAUD,Delhi,Synthetic_District_40,14.54734,95.58187,27503.08,9,4.95,2,6,0.454,2026-08-26 02:39:25
CASE_04455,FIR/2026/598,2026-01-24 07:00:25,PHISHING,Karnataka,Synthetic_District_5,9.369476,78.479221,168352.96,13,0.32,7,5,0.295,2026-02-17 07:00:25
CASE_04456,FIR/2026/338,2026-05-01 07:50:25,PHISHING,Maharashtra,Synthetic_District_41,9.103897,72.518029,95123.35,13,0.91,7,4,0.648,2026-05-16 07:50:25
CASE_04457,FIR/2025/712,2025-08-17 06:39:25,OTHER,Uttar Pradesh,Synthetic_District_46,25.810344,68.007663,184927.65,1,1.57,6,6,0.505,2025-09-06 06:39:25
CASE_04458,FIR/2025/984,2025-10-31 17:24:25,CARD_FRAUD,Maharashtra,Synthetic_District_6,31.775924,92.932769,77460.32,6,2.8,17,4,0.13,2025-11-03 17:24:25
CASE_04459,FIR/2026/411,2026-09-22 17:15:25,CARD_FRAUD,Tamil Nadu,Synthetic_District_24,24.300591,74.886115,101029.87,19,2.52,17,1,0.223,2026-09-29 17:15:25
CASE_04460,FIR/2026/692,2026-09-07 04:57:25,UPI_FRAUD,Delhi,Synthetic_District_33,26.254741,79.833814,47892.64,19,0.56,4,0,0.686,2026-09-11 04:57:25
CASE_04461,FIR/2026/542,2026-08-06 08:05:25,IMPERSONATION,Tamil Nadu,Synthetic_District_17,34.139954,87.127886,79543.96,19,4.8,8,3,0.936,2026-08-28 08:05:25
CASE_04462,FIR/2026/947,2026-08-30 21:56:25,UPI_FRAUD,Uttar Pradesh,Synthetic_District_49,24.628184,72.44197,20860.8,11,2.69,21,6,0.241,2026-08-31 21:56:25
CASE_04463,FIR/2025/824,2025-04-20 04:19:25,UPI_FRAUD,West Bengal,Synthetic_District_50,21.340429,79.765753,33226.88,8,1.34,4,6,0.29,2025-04-24 04:19:25
CASE_04464,FIR/2024/397,2024-11-09 09:18:25,CARD_FRAUD,West Bengal,Synthetic_District_35,14.959925,70.47784,168719.75,20,4.19,9,5,0.903,2024-11-24 09:18:25
CASE_04465,FIR/2025/618,2025-03-16 07:39:25,OTHER,Tamil Nadu,Synthetic_District_19,9.365409,84.905423,181707.3,7,0.77,7,6,0.957,2025-03-19 07:39:25
CASE_04466,FIR/2026/602,2026-04-22 19:09:25,IMPERSONATION,Gujarat,Synthetic_District_43,10.720077,68.196235,95292.02,10,0.31,19,2,0.053,2026-05-22 19:09:25
CASE_04467,FIR/2026/427,2026-02-15 00:12:25,UPI_FRAUD,Gujarat,Synthetic_District_49,36.83732,71.059051,24955.48,20,0.43,0,6,0.272,2026-03-04 00:12:25
CASE_04468,FIR/2024/115,2024-10-04 17:35:25,UPI_FRAUD,Maharashtra,Synthetic_District_15,14.925152,92.171945,1510.69,6,3.64,17,4,0.276,2024-10-22 17:35:25
CASE_04469,FIR/2026/844,2026-05-24 17:01:25,UPI_FRAUD,Tamil Nadu,Synthetic_District_50,26.633641,72.688283,4076.49,12,3.34,17,6,0.559,2026-06-17 17:01:25
CASE_04470,FIR/2024/250,2024-12-18 10:54:25,NET_BANKING_FRAUD,Kerala,Synthetic_District_19,15.244337,81.000383,153804.26,14,4.76,10,2,0.322,2024-12-21 10:54:25
CASE_04471,FIR/2026/417,2026-03-14 16:43:25,IMPERSONATION,Andhra Pradesh,Synthetic_District_36,24.628881,70.861074,176492.47,18,3.75,16,5,0.196,2026-04-13 16:43:25
CASE_04472,FIR/2025/599,2025-11-10 03:24:25,OTHER,Karnataka,Synthetic_District_41,35.918226,71.023753,89182.59,17,2.36,3,0,0.995,2025-11-14 03:24:25
CASE_04473,FIR/2026/115,2026-06-08 22:29:25,IMPERSONATION,West Bengal,Synthetic_District_15,14.460631,83.142976,122185.39,5,4.23,22,0,0.376,2026-06-22 22:29:25
CASE_04474,FIR/2025/897,2025-02-01 11:15:25,INVESTMENT_SCAM,Uttar Pradesh,Synthetic_District_25,23.760108,70.043959,653303.7,13,2.08,11,5,0.684,2025-02-20 11:15:25
CASE_04475,FIR/2025/680,2025-01-29 05:31:25,OTHER,Delhi,Synthetic_District_47,28.796163,81.269426,115239.04,15,3.4,5,2,0.675,2025-02-15 05:31:25
CASE_04476,FIR/2026/566,2026-07-11 06:29:25,OTHER,Kerala,Synthetic_District_35,29.266742,78.763557,75989.13,20,2.3,6,5,0.664,2026-07-22 06:29:25
CASE_04477,FIR/2026/808,2026-06-06 07:16:25,NET_BANKING_FRAUD,West Bengal,Synthetic_District_2,9.137877,81.40872,96997.43,2,3.69,7,5,0.411,2026-06-11 07:16:25
CASE_04478,FIR/2025/340,2025-04-14 13:31:25,PHISHING,Tamil Nadu,Synthetic_District_37,14.925306,81.561159,156288.06,10,3.49,13,0,0.927,2025-05-08 13:31:25
CASE_04479,FIR/2025/935,2025-03-28 06:16:25,INVESTMENT_SCAM,Telangana,Synthetic_District_29,9.51372,75.130644,525103.89,18,4.53,6,4,0.368,2025-04-24 06:16:25
CASE_04480,FIR/2025/259,2025-11-15 17:32:25,IMPERSONATION,Maharashtra,Synthetic_District_30,36.85474,95.226734,151298.99,5,0.43,17,5,0.218,2025-12-06 17:32:25
CASE_04481,FIR/2025/697,2025-09-05 09:36:25,NET_BANKING_FRAUD,Delhi,Synthetic_District_41,22.72961,93.730656,136407.4,6,4.92,9,4,0.776,2025-09-11 09:36:25
CASE_04482,FIR/2026/869,2026-05-25 14:37:25,CARD_FRAUD,Gujarat,Synthetic_District_26,25.936413,74.321773,67400.01,17,2.66,14,0,0.215,2026-06-21 14:37:25
CASE_04483,FIR/2026/843,2026-08-30 18:13:25,INVESTMENT_SCAM,Maharashtra,Synthetic_District_45,27.496912,90.727357,745322.48,1,2.15,18,6,0.188,2026-09-21 18:13:25
CASE_04484,FIR/2026/891,2026-07-25 19:07:25,IMPERSONATION,Kerala,Synthetic_District_19,26.114938,84.325856,57125.2,16,1.62,19,5,0.85,2026-07-26 19:07:25
CASE_04485,FIR/2026/506,2026-07-15 10:41:25,CARD_FRAUD,Gujarat,Synthetic_District_8,11.242271,80.755522,108705.54,6,1.54,10,2,0.528,2026-07-26 10:41:25
CASE_04486,FIR/2026/482,2026-05-22 05:00:25,CARD_FRAUD,Karnataka,Synthetic_District_40,15.267734,80.108955,41205.91,5,3.19,5,4,0.779,2026-06-16 05:00:25
CASE_04487,FIR/2025/721,2025-11-05 06:56:25,CARD_FRAUD,Andhra Pradesh,Synthetic_District_11,24.229652,82.281995,3156.38,3,4.46,6,2,0.247,2025-12-03 06:56:25
CASE_04488,FIR/2025/559,2025-01-11 04:40:25,OTHER,Karnataka,Synthetic_District_5,27.630592,85.971203,80228.68,17,2.38,4,5,0.465,2025-01-12 04:40:25
CASE_04489,FIR/2025/712,2025-07-01 03:30:25,INVESTMENT_SCAM,Delhi,Synthetic_District_46,33.822673,81.813456,593655.32,3,4.56,3,1,0.866,2025-07-19 03:30:25
CASE_04490,FIR/2026/207,2026-08-14 16:54:25,PHISHING,West Bengal,Synthetic_District_38,26.787578,68.938311,16675.2,2,1.03,16,4,0.312,2026-08-18 16:54:25
CASE_04491,FIR/2026/594,2026-07-10 19:15:25,PHISHING,Kerala,Synthetic_District_6,16.085943,92.227051,59777.43,12,1.88,19,4,0.328,2026-08-05 19:15:25
CASE_04492,FIR/2025/448,2025-04-05 00:40:25,PHISHING,Telangana,Synthetic_District_38,10.174834,91.020583,186787.38,10,3.76,0,5,0.087,2025-04-26 00:40:25
CASE_04493,FIR/2025/491,2025-11-24 04:57:25,UPI_FRAUD,Tamil Nadu,Synthetic_District_15,22.863401,88.734529,34543.69,17,2.06,4,0,0.019,2025-12-09 04:57:25
CASE_04494,FIR/2025/922,2025-07-28 00:58:25,CARD_FRAUD,Telangana,Synthetic_District_42,8.041756,96.495906,36692.41,3,2.12,0,0,0.231,2025-08-06 00:58:25
CASE_04495,FIR/2026/728,2026-01-14 17:36:25,NET_BANKING_FRAUD,Andhra Pradesh,Synthetic_District_41,30.612345,81.916636,130605.52,17,3.16,17,2,0.822,2026-01-21 17:36:25
CASE_04496,FIR/2025/380,2025-06-27 19:04:25,OTHER,Kerala,Synthetic_District_36,35.158601,75.966476,69093.05,19,0.42,19,4,0.821,2025-07-04 19:04:25
CASE_04497,FIR/2025/301,2025-09-18 17:21:25,UPI_FRAUD,Telangana,Synthetic_District_48,29.949707,92.170619,33465.78,9,0.29,17,3,0.887,2025-09-25 17:21:25
CASE_04498,FIR/2026/849,2026-06-03 21:23:25,IMPERSONATION,Andhra Pradesh,Synthetic_District_24,10.851477,94.22282,52241.72,5,4.6,21,2,0.086,2026-06-05 21:23:25
CASE_04499,FIR/2025/277,2025-08-02 12:26:25,INVESTMENT_SCAM,Andhra Pradesh,Synthetic_District_50,35.653858,94.221005,148522.71,9,4.9,12,5,0.236,2025-08-19 12:26:25
CASE_04500,FIR/2025/674,2025-06-28 08:30:25,UPI_FRAUD,Maharashtra,Synthetic_District_37,31.224337,86.766236,36670.93,12,0.34,8,5,0.606,2025-07-11 08:30:25
CASE_04501,FIR/2025/255,2025-05-04 00:21:25,IMPERSONATION,Tamil Nadu,Synthetic_District_26,11.6852,84.893437,147170.87,8,0.76,0,6,0.552,2025-05-16 00:21:25
CASE_04502,FIR/2026/811,2026-02-13 16:35:25,UPI_FRAUD,Uttar Pradesh,Synthetic_District_11,28.54027,96.37961,5645.03,4,0.79,16,4,0.769,2026-03-15 16:35:25
CASE_04503,FIR/2025/991,2025-05-03 17:41:25,UPI_FRAUD,Tamil Nadu,Synthetic_District_49,23.428166,82.857739,21437.67,20,0.93,17,5,0.364,2025-05-17 17:41:25
CASE_04504,FIR/2026/225,2026-02-17 10:50:25,NET_BANKING_FRAUD,Uttar Pradesh,Synthetic_District_28,8.22823,85.984929,90578.86,3,0.56,10,1,0.141,2026-03-19 10:50:25
CASE_04505,FIR/2025/225,2025-02-28 23:59:25,IMPERSONATION,Tamil Nadu,Synthetic_District_47,14.077379,73.981493,65927.92,12,1.31,23,4,0.432,2025-03-23 23:59:25
CASE_04506,FIR/2026/462,2026-04-09 07:31:25,PHISHING,Karnataka,Synthetic_District_50,15.907141,94.957249,143953.08,1,2.92,7,3,0.104,2026-05-05 07:31:25
CASE_04507,FIR/2025/539,2025-12-31 14:16:25,UPI_FRAUD,West Bengal,Synthetic_District_11,23.4239,85.686865,37826.55,6,0.48,14,2,0.651,2026-01-10 14:16:25
CASE_04508,FIR/2025/199,2025-07-19 05:20:25,PHISHING,Andhra Pradesh,Synthetic_District_13,18.886446,85.338879,162739.84,1,1.14,5,5,0.431,2025-08-09 05:20:25
CASE_04509,FIR/2025/775,2025-07-18 13:40:25,IMPERSONATION,Gujarat,Synthetic_District_15,12.103812,88.782544,192178.19,7,4.54,13,4,0.958,2025-07-27 13:40:25
CASE_04510,FIR/2025/669,2025-03-11 05:57:25,NET_BANKING_FRAUD,Tamil Nadu,Synthetic_District_26,22.860908,70.279323,197003.66,11,1.33,5,1,0.294,2025-03-16 05:57:25
CASE_04511,FIR/2026/455,2026-03-17 08:37:25,INVESTMENT_SCAM,Uttar Pradesh,Synthetic_District_1,16.048241,81.502301,316108.22,3,2.27,8,1,0.312,2026-03-26 08:37:25
CASE_04512,FIR/2025/406,2025-07-01 18:45:25,CARD_FRAUD,Karnataka,Synthetic_District_25,28.050545,73.292675,92190.21,12,1.16,18,1,0.579,2025-07-22 18:45:25
CASE_04513,FIR/2025/650,2025-02-08 01:04:25,OTHER,Tamil Nadu,Synthetic_District_18,29.079193,71.442341,54455.36,19,1.91,1,5,0.919,2025-03-05 01:04:25
CASE_04514,FIR/2026/425,2026-04-16 13:29:25,INVESTMENT_SCAM,Kerala,Synthetic_District_32,11.952436,83.768554,477088.26,4,3.75,13,3,0.669,2026-04-17 13:29:25
CASE_04515,FIR/2025/100,2025-12-12 05:56:25,CARD_FRAUD,Maharashtra,Synthetic_District_46,20.435205,73.025377,158549.05,1,1.57,5,4,0.659,2025-12-27 05:56:25
CASE_04516,FIR/2025/661,2025-12-27 20:01:25,INVESTMENT_SCAM,Gujarat,Synthetic_District_11,16.1708,75.259336,872594.21,5,2.21,20,5,0.348,2026-01-26 20:01:25
CASE_04517,FIR/2026/869,2026-03-15 14:28:25,PHISHING,Andhra Pradesh,Synthetic_District_36,11.871766,69.488642,2155.41,18,4.29,14,6,0.509,2026-03-16 14:28:25
CASE_04518,FIR/2026/613,2026-01-28 13:17:25,OTHER,West Bengal,Synthetic_District_12,12.96036,69.044208,1858.4,5,1.85,13,2,0.626,2026-01-29 13:17:25
CASE_04519,FIR/2026/247,2026-07-24 15:36:25,INVESTMENT_SCAM,Tamil Nadu,Synthetic_District_41,18.019619,75.517531,310056.45,19,0.5,15,4,0.05,2026-07-30 15:36:25
CASE_04520,FIR/2026/694,2026-02-13 10:53:25,INVESTMENT_SCAM,Karnataka,Synthetic_District_11,17.13928,68.659751,853579.07,6,0.93,10,4,0.598,2026-03-15 10:53:25
CASE_04521,FIR/2025/908,2025-02-16 04:38:25,NET_BANKING_FRAUD,Uttar Pradesh,Synthetic_District_33,34.107412,75.181377,114863.02,20,3.49,4,6,0.739,2025-02-25 04:38:25
CASE_04522,FIR/2025/282,2025-05-03 22:12:25,OTHER,Delhi,Synthetic_District_20,9.4258,68.128773,7755.62,15,2.42,22,5,0.032,2025-05-11 22:12:25
CASE_04523,FIR/2026/455,2026-02-04 09:51:25,NET_BANKING_FRAUD,Karnataka,Synthetic_District_25,23.720718,72.304223,22054.43,13,0.17,9,2,0.51,2026-02-22 09:51:25
CASE_04524,FIR/2026/790,2026-05-22 04:37:25,INVESTMENT_SCAM,Karnataka,Synthetic_District_35,17.470379,95.435987,203568.3,3,3.93,4,4,0.14,2026-06-19 04:37:25
CASE_04525,FIR/2026/122,2026-03-06 06:43:25,NET_BANKING_FRAUD,Uttar Pradesh,Synthetic_District_38,26.07254,81.244783,192507.46,10,2.93,6,4,0.918,2026-03-10 06:43:25
CASE_04526,FIR/2025/340,2025-12-25 20:08:25,INVESTMENT_SCAM,Andhra Pradesh,Synthetic_District_19,32.151899,82.523786,903158.47,16,1.32,20,3,0.126,2026-01-06 20:08:25
CASE_04527,FIR/2026/872,2026-06-20 14:36:25,IMPERSONATION,Maharashtra,Synthetic_District_10,17.166555,84.698436,155668.75,17,1.47,14,5,0.69,2026-06-29 14:36:25
CASE_04528,FIR/2025/804,2025-05-22 14:53:25,INVESTMENT_SCAM,Gujarat,Synthetic_District_35,34.711744,80.36526,934690.53,16,0.46,14,3,0.312,2025-06-13 14:53:25
CASE_04529,FIR/2025/447,2025-04-06 16:37:25,INVESTMENT_SCAM,Uttar Pradesh,Synthetic_District_39,30.006534,77.396654,705390.55,16,0.5,16,6,0.582,2025-04-21 16:37:25
CASE_04530,FIR/2026/190,2026-08-18 13:16:25,UPI_FRAUD,Uttar Pradesh,Synthetic_District_6,29.509651,88.438152,2318.91,2,1.24,13,1,0.189,2026-08-31 13:16:25
CASE_04531,FIR/2025/581,2025-05-16 04:24:25,PHISHING,Delhi,Synthetic_District_13,15.705482,95.77229,23766.58,3,1.93,4,4,0.533,2025-06-09 04:24:25
CASE_04532,FIR/2026/212,2026-04-09 13:12:25,NET_BANKING_FRAUD,Kerala,Synthetic_District_43,14.416172,81.522078,50273.02,13,0.64,13,3,0.343,2026-04-14 13:12:25
CASE_04533,FIR/2025/612,2025-01-25 20:39:25,IMPERSONATION,Uttar Pradesh,Synthetic_District_22,25.742775,85.324887,104864.68,4,3.16,20,5,0.725,2025-02-07 20:39:25
CASE_04534,FIR/2025/310,2025-08-29 14:22:25,CARD_FRAUD,Tamil Nadu,Synthetic_District_26,26.971511,80.26837,24400.89,18,0.69,14,4,0.223,2025-09-05 14:22:25
CASE_04535,FIR/2026/816,2026-01-04 00:46:25,OTHER,Maharashtra,Synthetic_District_37,23.85771,93.826919,149149.62,4,0.12,0,6,0.41,2026-01-22 00:46:25
CASE_04536,FIR/2025/262,2025-03-16 22:02:25,OTHER,Andhra Pradesh,Synthetic_District_23,30.418789,95.994479,55004.21,19,4.13,22,6,0.314,2025-04-07 22:02:25
CASE_04537,FIR/2026/757,2026-03-10 12:25:25,IMPERSONATION,Uttar Pradesh,Synthetic_District_32,22.516972,87.25375,100717.48,11,0.42,12,1,0.45,2026-03-14 12:25:25
CASE_04538,FIR/2025/671,2025-09-19 02:40:25,PHISHING,Karnataka,Synthetic_District_42,34.048598,75.821833,80740.46,20,3.6,2,4,0.534,2025-10-09 02:40:25
CASE_04539,FIR/2025/637,2025-04-26 17:03:25,INVESTMENT_SCAM,Karnataka,Synthetic_District_39,33.474586,68.970319,309155.25,1,2.14,17,5,0.326,2025-05-16 17:03:25
CASE_04540,FIR/2026/292,2026-04-05 19:23:25,INVESTMENT_SCAM,Tamil Nadu,Synthetic_District_6,19.529455,85.083997,716443.42,6,2.01,19,6,0.385,2026-04-06 19:23:25
CASE_04541,FIR/2026/102,2026-09-16 00:30:25,UPI_FRAUD,Telangana,Synthetic_District_37,31.741497,84.439587,22403.08,14,1.46,0,2,0.516,2026-09-18 00:30:25
CASE_04542,FIR/2025/552,2025-10-19 06:52:25,UPI_FRAUD,Uttar Pradesh,Synthetic_District_25,18.716241,68.512098,28803.69,11,3.07,6,6,0.83,2025-10-20 06:52:25
CASE_04543,FIR/2026/396,2026-04-06 05:06:25,PHISHING,Uttar Pradesh,Synthetic_District_18,18.262133,78.363746,145140.32,18,1.06,5,0,0.188,2026-04-23 05:06:25
CASE_04544,FIR/2025/440,2025-10-08 16:12:25,NET_BANKING_FRAUD,Kerala,Synthetic_District_37,35.972526,75.417122,146851.81,15,4.78,16,2,0.106,2025-10-13 16:12:25
CASE_04545,FIR/2025/107,2025-11-24 09:20:25,INVESTMENT_SCAM,Gujarat,Synthetic_District_41,34.752224,86.276099,745476.02,18,4.38,9,0,0.993,2025-12-17 09:20:25
CASE_04546,FIR/2026/712,2026-07-04 14:00:25,PHISHING,Gujarat,Synthetic_District_3,26.217175,74.320262,12726.24,16,3.17,14,5,0.525,2026-07-19 14:00:25
CASE_04547,FIR/2025/443,2025-12-06 21:00:25,IMPERSONATION,West Bengal,Synthetic_District_35,11.305208,86.757877,35387.62,20,3.29,21,5,0.165,2025-12-21 21:00:25
CASE_04548,FIR/2026/658,2026-01-17 05:51:25,CARD_FRAUD,Karnataka,Synthetic_District_29,36.927124,92.930136,170406.32,10,0.72,5,5,0.389,2026-01-31 05:51:25
CASE_04549,FIR/2026/242,2026-09-15 16:48:25,CARD_FRAUD,Telangana,Synthetic_District_39,20.869147,79.927513,174093.94,16,0.55,16,1,0.339,2026-09-25 16:48:25
CASE_04550,FIR/2025/681,2025-09-23 10:04:25,OTHER,Telangana,Synthetic_District_6,25.257488,69.849226,196959.43,19,4.28,10,1,0.615,2025-10-21 10:04:25
CASE_04551,FIR/2024/999,2024-12-07 14:30:25,CARD_FRAUD,Uttar Pradesh,Synthetic_District_2,17.707156,94.994564,6582.25,10,1.63,14,5,0.571,2024-12-13 14:30:25
CASE_04552,FIR/2026/212,2026-07-26 16:44:25,CARD_FRAUD,Andhra Pradesh,Synthetic_District_23,15.138744,94.194637,29790.05,20,2.34,16,6,0.776,2026-08-21 16:44:25
CASE_04553,FIR/2025/149,2025-05-10 11:41:25,OTHER,Gujarat,Synthetic_District_26,19.320857,79.6672,182086.62,12,3.54,11,5,0.847,2025-05-31 11:41:25
CASE_04554,FIR/2025/957,2025-07-30 21:45:25,OTHER,Telangana,Synthetic_District_31,25.087502,82.321089,48881.37,13,4.61,21,2,0.347,2025-08-17 21:45:25
CASE_04555,FIR/2024/159,2024-12-05 19:53:25,CARD_FRAUD,Gujarat,Synthetic_District_29,23.969221,80.631261,74385.05,11,0.31,19,3,0.797,2024-12-19 19:53:25
CASE_04556,FIR/2026/249,2026-03-06 18:40:25,UPI_FRAUD,Gujarat,Synthetic_District_8,30.156504,80.135027,28484.12,6,1.11,18,4,0.908,2026-03-27 18:40:25
CASE_04557,FIR/2025/572,2025-05-22 03:56:25,NET_BANKING_FRAUD,Gujarat,Synthetic_District_12,32.915655,77.956038,1243.36,17,0.43,3,3,0.897,2025-05-27 03:56:25
CASE_04558,FIR/2025/366,2025-12-18 19:57:25,CARD_FRAUD,Delhi,Synthetic_District_29,34.69228,93.584372,131481.35,3,3.39,19,3,0.988,2026-01-14 19:57:25
CASE_04559,FIR/2026/968,2026-04-16 20:58:25,PHISHING,Delhi,Synthetic_District_42,26.20493,69.666226,129576.23,6,1.69,20,3,0.918,2026-04-24 20:58:25
CASE_04560,FIR/2024/582,2024-11-13 01:38:25,OTHER,Kerala,Synthetic_District_2,30.64461,70.722851,144854.78,12,1.18,1,2,0.113,2024-11-16 01:38:25
CASE_04561,FIR/2025/431,2025-09-13 05:03:25,IMPERSONATION,Andhra Pradesh,Synthetic_District_12,35.576762,95.213417,101910.46,18,4.42,5,5,0.339,2025-10-05 05:03:25
CASE_04562,FIR/2025/968,2025-01-17 09:01:25,INVESTMENT_SCAM,Tamil Nadu,Synthetic_District_16,18.982224,84.318655,936949.01,4,1.79,9,4,0.82,2025-02-14 09:01:25
CASE_04563,FIR/2026/578,2026-05-24 06:01:25,CARD_FRAUD,Maharashtra,Synthetic_District_25,19.135946,86.83447,190296.64,7,3.62,6,6,0.207,2026-05-29 06:01:25
CASE_04564,FIR/2025/830,2025-03-12 20:12:25,OTHER,West Bengal,Synthetic_District_3,21.524192,70.773918,196447.3,5,4.36,20,2,0.084,2025-04-04 20:12:25
CASE_04565,FIR/2025/943,2025-09-07 03:16:25,CARD_FRAUD,Maharashtra,Synthetic_District_9,35.489702,89.849229,193809.79,4,0.97,3,6,0.545,2025-09-14 03:16:25
CASE_04566,FIR/2026/179,2026-09-08 23:03:25,UPI_FRAUD,Gujarat,Synthetic_District_37,28.68687,85.193823,42758.46,10,1.4,23,1,0.697,2026-09-19 23:03:25
CASE_04567,FIR/2026/854,2026-07-06 04:41:25,NET_BANKING_FRAUD,Andhra Pradesh,Synthetic_District_38,29.901032,78.927718,179205.51,12,1.09,4,0,0.451,2026-07-10 04:41:25
CASE_04568,FIR/2025/333,2025-01-12 07:52:25,IMPERSONATION,Kerala,Synthetic_District_24,28.008977,81.907236,28131.02,9,0.7,7,6,0.98,2025-01-27 07:52:25
CASE_04569,FIR/2025/838,2025-09-13 05:07:25,OTHER,Delhi,Synthetic_District_14,36.83885,69.371927,162226.8,5,1.01,5,5,0.978,2025-09-18 05:07:25
CASE_04570,FIR/2025/418,2025-05-24 06:50:25,NET_BANKING_FRAUD,Tamil Nadu,Synthetic_District_14,27.199994,73.585824,198275.46,12,4.59,6,5,0.811,2025-06-13 06:50:25
CASE_04571,FIR/2026/167,2026-06-27 07:25:25,IMPERSONATION,Maharashtra,Synthetic_District_5,17.185232,95.798585,32810.32,20,0.89,7,5,0.752,2026-06-28 07:25:25
CASE_04572,FIR/2026/531,2026-06-22 14:22:25,PHISHING,Gujarat,Synthetic_District_28,26.286068,71.644806,145361.6,4,3.67,14,0,0.093,2026-07-22 14:22:25
CASE_04573,FIR/2026/727,2026-09-09 23:49:25,UPI_FRAUD,Maharashtra,Synthetic_District_2,35.71678,90.213431,3981.87,13,0.28,23,2,0.821,2026-09-15 23:49:25
CASE_04574,FIR/2026/496,2026-07-24 18:04:25,INVESTMENT_SCAM,Andhra Pradesh,Synthetic_District_35,31.512168,88.591925,373388.91,3,0.2,18,4,0.548,2026-08-13 18:04:25
CASE_04575,FIR/2025/238,2025-09-30 23:15:25,IMPERSONATION,Gujarat,Synthetic_District_50,28.474621,83.349644,126947.64,19,4.54,23,1,0.738,2025-10-01 23:15:25
CASE_04576,FIR/2025/374,2025-03-19 03:35:25,PHISHING,West Bengal,Synthetic_District_35,23.787404,94.933031,37095.46,16,3.89,3,2,0.409,2025-04-15 03:35:25
CASE_04577,FIR/2026/508,2026-09-27 06:07:25,NET_BANKING_FRAUD,Telangana,Synthetic_District_20,14.186812,78.222727,95150.35,20,4.78,6,6,0.554,2026-10-01 06:07:25
CASE_04578,FIR/2025/994,2025-06-19 06:00:25,OTHER,Kerala,Synthetic_District_22,27.828233,75.515919,15511.84,9,2.95,6,3,0.68,2025-07-17 06:00:25
CASE_04579,FIR/2024/371,2024-12-05 19:10:25,UPI_FRAUD,Gujarat,Synthetic_District_35,27.740322,71.495767,36380.75,6,0.81,19,3,0.213,2024-12-28 19:10:25
CASE_04580,FIR/2025/396,2025-06-29 14:02:25,IMPERSONATION,Kerala,Synthetic_District_30,30.881934,87.36191,115022.72,10,2.73,14,6,0.525,2025-07-25 14:02:25
CASE_04581,FIR/2026/852,2026-08-11 05:34:25,INVESTMENT_SCAM,Kerala,Synthetic_District_20,36.148566,70.330903,801508.59,9,0.97,5,1,0.629,2026-08-26 05:34:25
CASE_04582,FIR/2025/235,2025-02-20 12:32:25,INVESTMENT_SCAM,Andhra Pradesh,Synthetic_District_46,9.608215,69.862254,138398.21,7,3.97,12,3,0.085,2025-02-28 12:32:25
CASE_04583,FIR/2026/779,2026-03-30 21:13:25,NET_BANKING_FRAUD,Andhra Pradesh,Synthetic_District_8,35.312953,71.836865,157367.51,20,1.82,21,0,0.264,2026-04-23 21:13:25
CASE_04584,FIR/2026/896,2026-07-13 21:42:25,CARD_FRAUD,Maharashtra,Synthetic_District_14,20.803226,92.327067,145154.28,1,4.14,21,0,0.794,2026-07-28 21:42:25
CASE_04585,FIR/2026/792,2026-07-15 13:58:25,UPI_FRAUD,Gujarat,Synthetic_District_36,8.765318,92.735163,47196.16,20,3.65,13,2,0.255,2026-08-02 13:58:25
CASE_04586,FIR/2025/317,2025-11-07 21:48:25,IMPERSONATION,Uttar Pradesh,Synthetic_District_8,31.685273,70.529148,96296.56,19,4.76,21,4,0.549,2025-11-13 21:48:25
CASE_04587,FIR/2026/960,2026-03-13 14:21:25,OTHER,Tamil Nadu,Synthetic_District_47,17.293335,80.82995,17687.11,20,2.55,14,4,0.532,2026-03-24 14:21:25
CASE_04588,FIR/2025/221,2025-09-11 17:08:25,UPI_FRAUD,Telangana,Synthetic_District_7,27.855917,75.688539,19621.23,5,2.36,17,3,0.502,2025-09-24 17:08:25
CASE_04589,FIR/2026/823,2026-07-11 05:55:25,UPI_FRAUD,Andhra Pradesh,Synthetic_District_11,27.572525,93.390812,23527.01,6,1.62,5,5,0.818,2026-08-07 05:55:25
CASE_04590,FIR/2025/989,2025-02-03 02:02:25,OTHER,Telangana,Synthetic_District_6,28.574373,92.913784,73157.54,19,3.05,2,0,0.343,2025-02-24 02:02:25
CASE_04591,FIR/2024/317,2024-11-03 19:03:25,CARD_FRAUD,Tamil Nadu,Synthetic_District_35,15.586681,77.405503,77600.52,11,4.02,19,6,0.089,2024-11-24 19:03:25
CASE_04592,FIR/2025/918,2025-02-21 20:49:25,INVESTMENT_SCAM,West Bengal,Synthetic_District_42,35.844242,76.610728,975406.39,4,1.1,20,4,0.128,2025-02-23 20:49:25
CASE_04593,FIR/2025/632,2025-10-01 12:00:25,UPI_FRAUD,Uttar Pradesh,Synthetic_District_46,14.7919,96.918761,27728.36,5,3.3,12,2,0.185,2025-10-24 12:00:25
CASE_04594,FIR/2024/928,2024-11-08 22:30:25,CARD_FRAUD,Gujarat,Synthetic_District_28,19.818508,90.694621,175517.4,15,0.32,22,4,0.799,2024-12-05 22:30:25
CASE_04595,FIR/2026/660,2026-08-27 05:40:25,INVESTMENT_SCAM,Delhi,Synthetic_District_36,12.774397,88.517207,241256.05,15,1.52,5,3,0.684,2026-08-28 05:40:25
CASE_04596,FIR/2026/326,2026-08-12 17:23:25,IMPERSONATION,Telangana,Synthetic_District_45,32.717778,84.829771,96690.34,14,1.01,17,2,0.666,2026-09-01 17:23:25
CASE_04597,FIR/2025/192,2025-09-23 10:46:25,IMPERSONATION,Tamil Nadu,Synthetic_District_24,17.640067,73.47818,23935.9,4,0.89,10,1,0.222,2025-10-15 10:46:25
CASE_04598,FIR/2025/695,2025-04-21 06:31:25,CARD_FRAUD,Tamil Nadu,Synthetic_District_30,9.784533,81.791535,78378.99,11,4.59,6,0,0.298,2025-04-22 06:31:25
CASE_04599,FIR/2025/287,2025-05-03 12:50:25,CARD_FRAUD,Maharashtra,Synthetic_District_5,25.967299,75.550632,103489.06,11,4.77,12,5,0.755,2025-05-19 12:50:25
CASE_04600,FIR/2025/427,2025-04-01 17:41:25,OTHER,Tamil Nadu,Synthetic_District_11,10.923934,91.503609,70053.87,18,4.22,17,1,0.879,2025-04-13 17:41:25
CASE_04601,FIR/2025/710,2025-08-19 16:54:25,NET_BANKING_FRAUD,Kerala,Synthetic_District_24,8.398565,96.042941,164935.32,7,3.66,16,1,0.054,2025-08-25 16:54:25
CASE_04602,FIR/2025/690,2025-03-01 10:17:25,CARD_FRAUD,Tamil Nadu,Synthetic_District_38,12.343642,89.13605,156560.47,18,3.21,10,5,0.559,2025-03-24 10:17:25
CASE_04603,FIR/2026/641,2026-09-28 06:41:25,NET_BANKING_FRAUD,Karnataka,Synthetic_District_7,8.903123,86.340441,101582.39,11,4.71,6,0,0.889,2026-10-22 06:41:25
CASE_04604,FIR/2025/851,2025-04-02 09:07:25,CARD_FRAUD,Tamil Nadu,Synthetic_District_3,17.106309,87.147024,191055.33,14,0.61,9,2,0.255,2025-04-27 09:07:25
CASE_04605,FIR/2025/339,2025-01-05 06:38:25,OTHER,Gujarat,Synthetic_District_2,21.354587,72.694123,186626.41,9,3.56,6,6,0.896,2025-01-07 06:38:25
CASE_04606,FIR/2026/765,2026-08-05 13:39:25,CARD_FRAUD,Uttar Pradesh,Synthetic_District_19,31.313107,68.13512,11535.83,15,2.89,13,2,0.996,2026-08-25 13:39:25
CASE_04607,FIR/2025/185,2025-12-27 08:31:25,INVESTMENT_SCAM,Karnataka,Synthetic_District_17,22.726704,84.985249,536969.3,12,3.88,8,5,0.025,2026-01-08 08:31:25
CASE_04608,FIR/2025/875,2025-06-27 22:41:25,OTHER,Gujarat,Synthetic_District_34,16.194906,69.277315,59886.77,4,3.86,22,4,0.499,2025-07-01 22:41:25
CASE_04609,FIR/2025/902,2025-06-22 17:28:25,INVESTMENT_SCAM,West Bengal,Synthetic_District_30,22.15088,84.715139,866560.68,12,4.25,17,6,0.078,2025-07-15 17:28:25
CASE_04610,FIR/2025/705,2025-11-14 12:22:25,OTHER,Maharashtra,Synthetic_District_42,13.786338,86.324671,32958.8,19,0.27,12,4,0.063,2025-12-02 12:22:25
CASE_04611,FIR/2026/589,2026-03-20 02:28:25,UPI_FRAUD,Andhra Pradesh,Synthetic_District_45,14.833347,68.332542,15476.82,20,3.49,2,4,0.93,2026-03-30 02:28:25
CASE_04612,FIR/2026/421,2026-01-25 13:23:25,UPI_FRAUD,Uttar Pradesh,Synthetic_District_12,30.247789,93.813071,15307.92,10,0.78,13,6,0.879,2026-02-07 13:23:25
CASE_04613,FIR/2026/347,2026-02-14 07:02:25,UPI_FRAUD,Gujarat,Synthetic_District_18,34.611427,89.314566,21727.91,15,2.82,7,5,0.827,2026-02-21 07:02:25
CASE_04614,FIR/2026/506,2026-08-31 06:51:25,NET_BANKING_FRAUD,Maharashtra,Synthetic_District_42,36.515678,71.292453,60012.22,13,4.05,6,0,0.369,2026-09-26 06:51:25
CASE_04615,FIR/2025/220,2025-10-14 21:04:25,UPI_FRAUD,Andhra Pradesh,Synthetic_District_34,22.323869,82.230012,45287.1,6,1.64,21,1,0.638,2025-10-23 21:04:25
CASE_04616,FIR/2025/972,2025-04-25 22:05:25,UPI_FRAUD,Maharashtra,Synthetic_District_2,12.800397,94.793422,602.41,18,2.66,22,4,0.694,2025-05-21 22:05:25
CASE_04617,FIR/2025/178,2025-07-01 11:27:25,OTHER,Karnataka,Synthetic_District_6,10.602595,71.747947,14456.25,3,3.27,11,1,0.812,2025-07-16 11:27:25
CASE_04618,FIR/2025/803,2025-06-21 15:20:25,UPI_FRAUD,Gujarat,Synthetic_District_37,20.649587,96.827226,49762.95,9,4.44,15,5,0.189,2025-07-08 15:20:25
CASE_04619,FIR/2024/429,2024-11-25 22:32:25,UPI_FRAUD,West Bengal,Synthetic_District_10,15.616839,90.610176,8723.37,1,2.59,22,0,0.025,2024-12-11 22:32:25
CASE_04620,FIR/2024/905,2024-11-13 10:56:25,NET_BANKING_FRAUD,Telangana,Synthetic_District_29,15.807531,73.599212,103962.48,10,0.9,10,2,0.275,2024-12-05 10:56:25
CASE_04621,FIR/2025/495,2025-08-13 14:14:25,UPI_FRAUD,Uttar Pradesh,Synthetic_District_7,26.249418,91.892918,47371.64,10,2.05,14,2,0.436,2025-09-03 14:14:25
CASE_04622,FIR/2025/685,2025-02-10 17:15:25,OTHER,Gujarat,Synthetic_District_10,11.814709,89.862762,140102.47,8,3.53,17,0,0.72,2025-02-27 17:15:25
CASE_04623,FIR/2026/808,2026-07-25 06:46:25,INVESTMENT_SCAM,Tamil Nadu,Synthetic_District_14,32.005368,76.774612,885434.78,9,1.82,6,5,0.582,2026-08-06 06:46:25
CASE_04624,FIR/2024/120,2024-11-16 09:56:25,INVESTMENT_SCAM,Tamil Nadu,Synthetic_District_33,28.859547,77.343149,898893.93,20,2.56,9,5,0.956,2024-12-04 09:56:25
CASE_04625,FIR/2025/304,2025-08-06 00:45:25,PHISHING,Andhra Pradesh,Synthetic_District_45,11.824474,78.977537,90696.38,9,3.13,0,2,0.296,2025-08-28 00:45:25
CASE_04626,FIR/2026/370,2026-08-25 02:36:25,NET_BANKING_FRAUD,Kerala,Synthetic_District_30,17.461849,78.040216,120293.83,16,3.2,2,1,0.167,2026-09-23 02:36:25
CASE_04627,FIR/2026/652,2026-07-14 17:38:25,OTHER,Delhi,Synthetic_District_16,27.820279,72.250044,86826.86,1,0.17,17,1,0.636,2026-08-03 17:38:25
CASE_04628,FIR/2026/848,2026-01-26 09:45:25,NET_BANKING_FRAUD,West Bengal,Synthetic_District_9,26.150114,80.236075,127934.95,11,1.09,9,0,0.61,2026-01-31 09:45:25
CASE_04629,FIR/2025/205,2025-04-02 21:52:25,PHISHING,Andhra Pradesh,Synthetic_District_40,8.605482,91.050813,103290.31,11,4.12,21,2,0.819,2025-04-27 21:52:25
CASE_04630,FIR/2025/606,2025-03-27 15:42:25,PHISHING,Delhi,Synthetic_District_15,16.84413,72.00741,46301.39,3,4.5,15,3,0.881,2025-04-24 15:42:25
CASE_04631,FIR/2024/759,2024-11-28 08:58:25,INVESTMENT_SCAM,Maharashtra,Synthetic_District_17,29.965837,84.939118,548789.1,20,1.43,8,3,0.938,2024-12-04 08:58:25
CASE_04632,FIR/2026/229,2026-08-16 21:58:25,IMPERSONATION,Delhi,Synthetic_District_33,35.243656,76.731791,191157.39,13,0.69,21,6,0.584,2026-08-31 21:58:25
CASE_04633,FIR/2024/621,2024-12-21 18:17:25,IMPERSONATION,Andhra Pradesh,Synthetic_District_13,12.2545,94.558251,19667.14,4,1.28,18,5,0.227,2025-01-20 18:17:25
CASE_04634,FIR/2026/182,2026-09-09 03:30:25,IMPERSONATION,Kerala,Synthetic_District_23,27.198315,91.936811,171232.83,9,2.29,3,2,0.154,2026-09-10 03:30:25
CASE_04635,FIR/2024/752,2024-11-21 01:18:25,INVESTMENT_SCAM,Uttar Pradesh,Synthetic_District_32,31.262039,90.395879,922467.7,6,4.55,1,3,0.658,2024-12-11 01:18:25
CASE_04636,FIR/2026/359,2026-08-30 06:57:25,UPI_FRAUD,West Bengal,Synthetic_District_24,26.784795,83.2151,10997.08,15,4.22,6,6,0.847,2026-09-04 06:57:25
CASE_04637,FIR/2024/763,2024-11-19 18:10:25,IMPERSONATION,West Bengal,Synthetic_District_16,8.057104,95.57636,1881.83,16,1.29,18,1,0.435,2024-12-11 18:10:25
CASE_04638,FIR/2025/464,2025-10-25 08:33:25,CARD_FRAUD,Uttar Pradesh,Synthetic_District_34,20.811196,82.109253,190905.53,3,3.66,8,5,0.912,2025-11-05 08:33:25
CASE_04639,FIR/2026/327,2026-01-21 23:59:25,PHISHING,West Bengal,Synthetic_District_14,22.465693,96.137247,67146.82,2,1.0,23,2,0.534,2026-02-20 23:59:25
CASE_04640,FIR/2026/547,2026-05-29 02:35:25,IMPERSONATION,Uttar Pradesh,Synthetic_District_47,16.393902,92.115167,12147.7,13,3.83,2,4,0.952,2026-06-04 02:35:25
CASE_04641,FIR/2026/860,2026-01-17 16:41:25,INVESTMENT_SCAM,Karnataka,Synthetic_District_30,25.562428,79.623627,163809.03,9,2.75,16,5,0.879,2026-02-12 16:41:25
CASE_04642,FIR/2026/236,2026-06-20 03:55:25,PHISHING,Gujarat,Synthetic_District_21,20.374083,93.232215,53174.23,8,4.5,3,5,0.447,2026-06-22 03:55:25
CASE_04643,FIR/2024/123,2024-12-19 08:39:25,IMPERSONATION,Maharashtra,Synthetic_District_8,20.940033,86.503783,138969.86,11,3.5,8,3,0.455,2025-01-16 08:39:25
CASE_04644,FIR/2025/528,2025-07-28 08:00:25,CARD_FRAUD,Gujarat,Synthetic_District_46,16.80629,76.615763,23264.36,20,3.97,8,0,0.79,2025-08-16 08:00:25
CASE_04645,FIR/2024/599,2024-11-12 15:16:25,UPI_FRAUD,Gujarat,Synthetic_District_34,33.989613,89.41793,35079.51,17,0.36,15,1,0.018,2024-11-18 15:16:25
CASE_04646,FIR/2025/792,2025-07-20 11:39:25,PHISHING,Karnataka,Synthetic_District_1,24.241722,74.50632,44603.12,4,4.5,11,6,0.48,2025-07-24 11:39:25
CASE_04647,FIR/2025/928,2025-08-23 15:05:25,OTHER,Tamil Nadu,Synthetic_District_40,26.136165,69.588413,137241.21,8,2.6,15,5,0.856,2025-08-24 15:05:25
CASE_04648,FIR/2025/355,2025-04-12 04:02:25,PHISHING,Gujarat,Synthetic_District_48,14.381339,72.379222,21980.75,19,1.91,4,5,0.694,2025-05-08 04:02:25
CASE_04649,FIR/2025/850,2025-07-04 10:42:25,INVESTMENT_SCAM,West Bengal,Synthetic_District_7,30.363498,83.692358,645600.65,12,2.87,10,4,0.989,2025-07-19 10:42:25
CASE_04650,FIR/2025/236,2025-05-20 21:29:25,PHISHING,Gujarat,Synthetic_District_34,9.130827,85.122662,128786.62,17,1.25,21,1,0.801,2025-06-11 21:29:25
CASE_04651,FIR/2026/196,2026-05-11 10:10:25,PHISHING,Karnataka,Synthetic_District_27,13.177058,76.016579,174970.51,14,4.17,10,0,0.562,2026-06-10 10:10:25
CASE_04652,FIR/2025/972,2025-04-18 18:34:25,PHISHING,Andhra Pradesh,Synthetic_District_38,9.954638,84.571369,109025.76,9,2.77,18,4,0.48,2025-05-03 18:34:25
CASE_04653,FIR/2026/867,2026-07-26 05:29:25,INVESTMENT_SCAM,Andhra Pradesh,Synthetic_District_17,15.904406,75.94842,951528.91,3,0.69,5,6,0.351,2026-07-28 05:29:25
CASE_04654,FIR/2025/896,2025-01-16 03:01:25,IMPERSONATION,Delhi,Synthetic_District_21,17.69295,81.321832,34129.07,1,3.71,3,3,0.992,2025-02-09 03:01:25
CASE_04655,FIR/2024/408,2024-11-16 09:16:25,PHISHING,Delhi,Synthetic_District_15,8.478506,72.679504,68155.19,16,4.64,9,5,0.925,2024-11-22 09:16:25
CASE_04656,FIR/2026/217,2026-02-08 15:43:25,OTHER,Telangana,Synthetic_District_11,22.127434,95.831043,75094.05,5,1.28,15,6,0.865,2026-03-03 15:43:25
CASE_04657,FIR/2025/492,2025-06-29 00:03:25,UPI_FRAUD,Tamil Nadu,Synthetic_District_35,12.60191,81.398367,36439.03,12,3.99,0,6,0.439,2025-07-14 00:03:25
CASE_04658,FIR/2025/817,2025-12-25 06:52:25,IMPERSONATION,Kerala,Synthetic_District_27,8.770427,73.472058,114794.54,10,4.77,6,3,0.919,2026-01-05 06:52:25
CASE_04659,FIR/2026/728,2026-07-15 07:03:25,OTHER,Andhra Pradesh,Synthetic_District_35,14.735747,88.029351,150614.68,18,4.78,7,2,0.781,2026-08-04 07:03:25
CASE_04660,FIR/2026/874,2026-02-28 07:51:25,NET_BANKING_FRAUD,Andhra Pradesh,Synthetic_District_11,25.813204,84.382458,139312.01,16,2.45,7,5,0.193,2026-03-25 07:51:25
CASE_04661,FIR/2024/102,2024-10-19 03:00:25,OTHER,West Bengal,Synthetic_District_5,10.476343,68.372602,165567.62,2,2.46,3,5,0.703,2024-11-06 03:00:25
CASE_04662,FIR/2025/260,2025-05-29 20:38:25,INVESTMENT_SCAM,Andhra Pradesh,Synthetic_District_14,21.821376,75.254137,840180.5,19,2.75,20,3,0.679,2025-05-31 20:38:25
CASE_04663,FIR/2025/627,2025-04-29 21:56:25,CARD_FRAUD,Maharashtra,Synthetic_District_40,13.767113,86.124567,12253.49,5,0.89,21,1,0.973,2025-05-08 21:56:25
CASE_04664,FIR/2026/810,2026-07-26 02:40:25,CARD_FRAUD,Telangana,Synthetic_District_47,36.07442,90.292991,53752.99,16,4.74,2,6,0.444,2026-08-25 02:40:25
CASE_04665,FIR/2026/389,2026-02-18 15:23:25,OTHER,Gujarat,Synthetic_District_44,29.138077,81.331669,35764.14,3,2.33,15,2,0.024,2026-03-20 15:23:25
CASE_04666,FIR/2025/691,2025-11-05 10:09:25,NET_BANKING_FRAUD,Kerala,Synthetic_District_9,33.151816,87.750027,114121.78,13,0.69,10,2,0.472,2025-11-25 10:09:25
CASE_04667,FIR/2026/941,2026-03-27 21:57:25,NET_BANKING_FRAUD,West Bengal,Synthetic_District_9,17.197325,88.895554,75791.27,7,4.57,21,4,0.545,2026-04-13 21:57:25
CASE_04668,FIR/2026/612,2026-02-17 10:46:25,INVESTMENT_SCAM,Maharashtra,Synthetic_District_12,35.447361,95.334653,116487.49,13,1.16,10,1,0.798,2026-03-12 10:46:25
CASE_04669,FIR/2026/134,2026-04-20 20:08:25,NET_BANKING_FRAUD,Delhi,Synthetic_District_25,12.969487,88.572085,96172.97,4,3.08,20,0,0.192,2026-05-04 20:08:25
CASE_04670,FIR/2025/598,2025-02-10 09:40:25,CARD_FRAUD,Delhi,Synthetic_District_35,13.324326,94.471768,58831.16,9,0.24,9,0,0.895,2025-03-10 09:40:25
CASE_04671,FIR/2025/144,2025-03-20 04:41:25,IMPERSONATION,Kerala,Synthetic_District_16,13.399813,84.312866,27396.47,3,2.75,4,3,0.5,2025-04-10 04:41:25
CASE_04672,FIR/2025/506,2025-01-27 21:03:25,NET_BANKING_FRAUD,Andhra Pradesh,Synthetic_District_28,34.43915,87.168479,182938.65,17,1.11,21,0,0.193,2025-01-31 21:03:25
CASE_04673,FIR/2026/729,2026-02-12 22:23:25,IMPERSONATION,Uttar Pradesh,Synthetic_District_14,33.391027,81.791653,54031.62,3,1.14,22,3,0.416,2026-03-13 22:23:25
CASE_04674,FIR/2026/410,2026-08-29 10:36:25,CARD_FRAUD,Maharashtra,Synthetic_District_46,25.268371,79.043048,106558.87,19,3.11,10,5,0.999,2026-09-02 10:36:25
CASE_04675,FIR/2026/257,2026-04-22 02:37:25,CARD_FRAUD,Karnataka,Synthetic_District_33,28.930304,75.882664,14588.62,20,3.77,2,2,0.35,2026-05-18 02:37:25
CASE_04676,FIR/2026/482,2026-03-09 02:50:25,INVESTMENT_SCAM,Andhra Pradesh,Synthetic_District_35,16.410872,87.818383,299254.31,19,4.25,2,0,0.694,2026-03-11 02:50:25
CASE_04677,FIR/2025/278,2025-01-08 18:38:25,NET_BANKING_FRAUD,West Bengal,Synthetic_District_29,28.527145,96.263666,73352.06,20,2.42,18,2,0.139,2025-02-06 18:38:25
CASE_04678,FIR/2025/428,2025-09-12 08:35:25,IMPERSONATION,Karnataka,Synthetic_District_9,34.367768,77.753469,132043.23,8,4.48,8,4,0.812,2025-10-04 08:35:25
CASE_04679,FIR/2025/392,2025-03-08 22:15:25,PHISHING,Uttar Pradesh,Synthetic_District_24,34.948692,86.130696,75190.91,8,3.44,22,5,0.453,2025-03-19 22:15:25
CASE_04680,FIR/2026/580,2026-04-10 21:06:25,CARD_FRAUD,Gujarat,Synthetic_District_10,14.893861,78.879717,156540.64,16,2.65,21,4,0.564,2026-04-25 21:06:25
CASE_04681,FIR/2025/510,2025-08-22 19:11:25,PHISHING,Andhra Pradesh,Synthetic_District_12,19.725883,82.002119,109151.22,10,0.16,19,4,0.695,2025-09-18 19:11:25
CASE_04682,FIR/2024/273,2024-11-08 06:58:25,NET_BANKING_FRAUD,Uttar Pradesh,Synthetic_District_47,11.229538,79.314919,144330.36,18,0.17,6,4,0.4,2024-11-18 06:58:25
CASE_04683,FIR/2026/125,2026-07-11 14:34:25,CARD_FRAUD,Delhi,Synthetic_District_39,10.315302,95.374551,61437.65,12,1.97,14,5,0.019,2026-08-07 14:34:25
CASE_04684,FIR/2025/172,2025-08-28 16:18:25,CARD_FRAUD,Kerala,Synthetic_District_37,13.208485,71.676662,112520.48,8,4.2,16,3,0.713,2025-08-30 16:18:25
CASE_04685,FIR/2026/465,2026-09-25 20:53:25,OTHER,Maharashtra,Synthetic_District_6,27.232028,90.424895,119080.78,17,3.21,20,4,0.189,2026-10-15 20:53:25
CASE_04686,FIR/2025/359,2025-06-05 10:32:25,UPI_FRAUD,Andhra Pradesh,Synthetic_District_3,21.762631,87.172321,17570.91,9,1.22,10,3,0.671,2025-06-09 10:32:25
CASE_04687,FIR/2026/264,2026-02-10 04:23:25,PHISHING,Andhra Pradesh,Synthetic_District_5,33.522083,68.967627,16996.59,9,1.7,4,1,0.201,2026-03-03 04:23:25
CASE_04688,FIR/2024/506,2024-12-17 01:13:25,IMPERSONATION,Maharashtra,Synthetic_District_50,13.20689,77.736647,118741.23,17,2.72,1,1,0.609,2025-01-02 01:13:25
CASE_04689,FIR/2025/584,2025-10-03 03:17:25,OTHER,Uttar Pradesh,Synthetic_District_39,27.333243,96.834318,64685.82,17,4.21,3,4,0.426,2025-10-17 03:17:25
CASE_04690,FIR/2026/179,2026-03-11 12:47:25,INVESTMENT_SCAM,Maharashtra,Synthetic_District_37,23.926381,89.773304,434428.56,17,2.81,12,2,0.286,2026-03-21 12:47:25
CASE_04691,FIR/2026/586,2026-09-22 07:57:25,OTHER,Gujarat,Synthetic_District_33,30.176613,76.507823,36957.57,15,1.5,7,1,0.477,2026-10-14 07:57:25
CASE_04692,FIR/2026/753,2026-01-15 17:10:25,UPI_FRAUD,Telangana,Synthetic_District_48,17.839354,88.927228,26093.71,7,1.63,17,3,0.791,2026-02-12 17:10:25
CASE_04693,FIR/2025/270,2025-11-28 02:33:25,IMPERSONATION,Gujarat,Synthetic_District_46,18.590018,70.386721,47096.77,3,3.66,2,4,0.322,2025-12-10 02:33:25
CASE_04694,FIR/2025/757,2025-03-02 08:14:25,UPI_FRAUD,Telangana,Synthetic_District_25,12.693813,79.627635,45686.63,20,2.87,8,6,0.081,2025-03-04 08:14:25
CASE_04695,FIR/2025/127,2025-10-10 21:13:25,OTHER,Karnataka,Synthetic_District_36,17.446258,79.543327,117989.4,4,2.17,21,4,0.762,2025-10-19 21:13:25
CASE_04696,FIR/2026/511,2026-09-30 05:47:25,NET_BANKING_FRAUD,Kerala,Synthetic_District_37,30.592666,93.000331,195114.64,8,2.48,5,2,0.329,2026-10-27 05:47:25
CASE_04697,FIR/2026/921,2026-04-03 23:17:25,INVESTMENT_SCAM,Tamil Nadu,Synthetic_District_15,26.963932,75.639197,241565.02,8,3.29,23,4,0.358,2026-04-13 23:17:25
CASE_04698,FIR/2026/613,2026-03-07 03:44:25,INVESTMENT_SCAM,Delhi,Synthetic_District_48,8.231547,95.178811,701497.25,13,2.21,3,5,0.322,2026-03-16 03:44:25
CASE_04699,FIR/2026/135,2026-02-23 12:13:25,IMPERSONATION,Uttar Pradesh,Synthetic_District_2,8.621811,92.483214,154005.49,3,0.1,12,0,0.02,2026-03-24 12:13:25
CASE_04700,FIR/2025/192,2025-03-20 16:11:25,NET_BANKING_FRAUD,Gujarat,Synthetic_District_36,8.379289,88.808334,82460.4,13,4.0,16,3,0.308,2025-04-09 16:11:25
CASE_04701,FIR/2026/247,2026-09-21 11:42:25,UPI_FRAUD,Gujarat,Synthetic_District_45,22.101572,80.005655,19634.84,1,0.82,11,0,0.732,2026-10-16 11:42:25
CASE_04702,FIR/2025/257,2025-07-28 22:07:25,UPI_FRAUD,Delhi,Synthetic_District_37,11.376494,95.742397,37923.5,12,1.09,22,0,0.328,2025-08-16 22:07:25
CASE_04703,FIR/2025/504,2025-03-09 07:49:25,INVESTMENT_SCAM,Andhra Pradesh,Synthetic_District_8,18.902932,76.370249,490797.08,20,3.79,7,6,0.19,2025-03-26 07:49:25
CASE_04704,FIR/2024/869,2024-10-24 20:37:25,IMPERSONATION,Gujarat,Synthetic_District_44,9.288652,80.71732,10641.84,10,1.61,20,3,0.02,2024-11-01 20:37:25
CASE_04705,FIR/2025/219,2025-07-30 10:43:25,NET_BANKING_FRAUD,Gujarat,Synthetic_District_48,17.379722,81.217279,53800.86,7,0.57,10,2,0.132,2025-08-06 10:43:25
CASE_04706,FIR/2025/331,2025-05-14 20:39:25,CARD_FRAUD,Kerala,Synthetic_District_39,22.461265,73.018937,170899.88,16,1.5,20,2,0.638,2025-06-10 20:39:25
CASE_04707,FIR/2026/209,2026-07-14 00:13:25,CARD_FRAUD,Andhra Pradesh,Synthetic_District_18,24.272734,89.365355,21812.97,13,2.69,0,1,0.578,2026-07-20 00:13:25
CASE_04708,FIR/2025/999,2025-04-12 12:30:25,NET_BANKING_FRAUD,Tamil Nadu,Synthetic_District_42,11.789245,83.345964,135119.82,2,0.88,12,5,0.526,2025-05-05 12:30:25
CASE_04709,FIR/2026/464,2026-07-01 05:58:25,CARD_FRAUD,Karnataka,Synthetic_District_5,12.093784,87.073667,73908.06,19,4.06,5,2,0.263,2026-07-23 05:58:25
CASE_04710,FIR/2026/295,2026-05-29 15:22:25,CARD_FRAUD,Telangana,Synthetic_District_37,18.594453,95.369039,26708.45,3,3.89,15,4,0.388,2026-06-07 15:22:25
CASE_04711,FIR/2026/738,2026-05-05 16:16:25,UPI_FRAUD,Kerala,Synthetic_District_17,18.464019,87.213562,16903.14,19,0.59,16,1,0.313,2026-05-30 16:16:25
CASE_04712,FIR/2024/309,2024-12-10 16:53:25,UPI_FRAUD,West Bengal,Synthetic_District_35,27.320479,68.047691,32030.78,15,0.46,16,1,0.837,2024-12-31 16:53:25
CASE_04713,FIR/2025/168,2025-12-12 17:39:25,CARD_FRAUD,Delhi,Synthetic_District_7,31.330244,68.178518,188545.47,10,2.1,17,4,0.485,2025-12-28 17:39:25
CASE_04714,FIR/2025/638,2025-09-26 20:50:25,UPI_FRAUD,Kerala,Synthetic_District_36,20.516749,76.687914,44904.85,12,3.42,20,4,0.331,2025-10-10 20:50:25
CASE_04715,FIR/2026/269,2026-09-21 09:09:25,OTHER,Uttar Pradesh,Synthetic_District_4,35.629242,86.657297,29296.32,9,1.49,9,0,0.095,2026-09-24 09:09:25
CASE_04716,FIR/2024/714,2024-10-18 04:40:25,NET_BANKING_FRAUD,Delhi,Synthetic_District_40,14.278647,93.157132,100077.65,14,3.79,4,4,0.835,2024-11-02 04:40:25
CASE_04717,FIR/2024/604,2024-10-09 05:01:25,IMPERSONATION,Delhi,Synthetic_District_46,14.96979,90.003481,103753.93,7,4.74,5,2,0.633,2024-10-28 05:01:25
CASE_04718,FIR/2026/997,2026-08-13 14:41:25,CARD_FRAUD,Telangana,Synthetic_District_41,12.023655,76.820803,17441.67,16,0.21,14,3,0.306,2026-08-20 14:41:25
CASE_04719,FIR/2026/573,2026-09-13 17:28:25,NET_BANKING_FRAUD,Tamil Nadu,Synthetic_District_11,18.496364,74.185007,78756.53,6,2.35,17,6,0.73,2026-09-20 17:28:25
CASE_04720,FIR/2026/880,2026-04-23 23:54:25,IMPERSONATION,Delhi,Synthetic_District_9,17.781725,80.343199,163983.18,7,1.59,23,3,0.211,2026-05-01 23:54:25
CASE_04721,FIR/2026/173,2026-08-27 15:53:25,PHISHING,Kerala,Synthetic_District_27,15.441718,81.999636,171511.19,1,1.32,15,3,0.056,2026-09-16 15:53:25
CASE_04722,FIR/2025/811,2025-08-30 16:03:25,UPI_FRAUD,Delhi,Synthetic_District_4,14.150691,82.354798,27117.6,2,4.09,16,5,0.121,2025-09-29 16:03:25
CASE_04723,FIR/2024/136,2024-10-20 01:33:25,CARD_FRAUD,Telangana,Synthetic_District_49,9.253603,83.642703,44059.51,19,2.98,1,6,0.803,2024-11-16 01:33:25
CASE_04724,FIR/2025/813,2025-06-16 18:27:25,INVESTMENT_SCAM,Karnataka,Synthetic_District_4,29.142802,94.769354,846865.07,13,2.57,18,0,0.667,2025-06-29 18:27:25
CASE_04725,FIR/2025/266,2025-10-17 03:18:25,IMPERSONATION,Telangana,Synthetic_District_12,32.6362,80.755497,61332.25,17,1.82,3,4,0.336,2025-11-09 03:18:25
CASE_04726,FIR/2025/606,2025-12-19 02:04:25,PHISHING,Gujarat,Synthetic_District_22,8.668634,85.48708,116681.96,5,4.04,2,4,0.13,2026-01-02 02:04:25
CASE_04727,FIR/2025/291,2025-12-25 02:24:25,CARD_FRAUD,Delhi,Synthetic_District_6,20.306646,69.682518,28385.87,12,0.96,2,3,0.509,2025-12-29 02:24:25
CASE_04728,FIR/2025/394,2025-07-08 12:20:25,NET_BANKING_FRAUD,Delhi,Synthetic_District_48,8.630951,94.551649,16067.22,8,3.36,12,1,0.457,2025-07-24 12:20:25
CASE_04729,FIR/2026/151,2026-01-03 11:59:25,UPI_FRAUD,Kerala,Synthetic_District_38,15.116141,79.114319,8923.18,7,1.94,11,5,0.754,2026-01-06 11:59:25
CASE_04730,FIR/2026/848,2026-02-14 03:25:25,CARD_FRAUD,Gujarat,Synthetic_District_13,26.319684,94.473452,41612.57,15,3.29,3,5,0.218,2026-03-14 03:25:25
CASE_04731,FIR/2025/564,2025-12-18 03:19:25,CARD_FRAUD,Andhra Pradesh,Synthetic_District_23,16.70068,91.508106,102346.51,13,4.3,3,3,0.909,2026-01-06 03:19:25
CASE_04732,FIR/2024/683,2024-12-08 04:28:25,IMPERSONATION,Gujarat,Synthetic_District_15,26.425582,86.567275,176203.74,16,3.79,4,6,0.927,2024-12-25 04:28:25
CASE_04733,FIR/2025/997,2025-01-13 01:27:25,OTHER,Kerala,Synthetic_District_41,33.060565,95.388292,135604.43,17,4.29,1,0,0.199,2025-01-31 01:27:25
CASE_04734,FIR/2026/420,2026-01-21 05:52:25,INVESTMENT_SCAM,Karnataka,Synthetic_District_21,19.479021,70.875178,70039.09,12,4.74,5,2,0.353,2026-02-16 05:52:25
CASE_04735,FIR/2025/740,2025-01-06 18:16:25,CARD_FRAUD,West Bengal,Synthetic_District_8,24.309686,79.641117,161512.96,20,4.38,18,0,0.886,2025-01-09 18:16:25
CASE_04736,FIR/2025/599,2025-10-16 10:18:25,INVESTMENT_SCAM,Maharashtra,Synthetic_District_47,22.581096,92.182254,76137.62,19,2.34,10,3,0.008,2025-10-19 10:18:25
CASE_04737,FIR/2025/464,2025-04-08 06:17:25,PHISHING,Andhra Pradesh,Synthetic_District_11,26.796075,75.563643,128705.63,2,2.01,6,1,0.374,2025-05-07 06:17:25
CASE_04738,FIR/2024/593,2024-12-08 20:10:25,INVESTMENT_SCAM,Andhra Pradesh,Synthetic_District_40,8.304611,75.70424,779837.01,11,3.84,20,6,0.854,2025-01-06 20:10:25
CASE_04739,FIR/2026/939,2026-04-16 21:32:25,OTHER,Kerala,Synthetic_District_46,20.977612,84.877172,14371.63,1,3.49,21,3,0.666,2026-04-22 21:32:25
CASE_04740,FIR/2026/813,2026-02-20 14:51:25,UPI_FRAUD,Gujarat,Synthetic_District_16,11.654199,95.553158,47041.52,12,3.15,14,4,0.14,2026-02-26 14:51:25
CASE_04741,FIR/2025/620,2025-06-01 18:36:25,PHISHING,Uttar Pradesh,Synthetic_District_37,30.124117,86.458726,172259.07,11,2.11,18,6,0.251,2025-06-27 18:36:25
CASE_04742,FIR/2025/180,2025-04-26 19:13:25,PHISHING,Karnataka,Synthetic_District_42,26.967148,92.372532,155252.27,13,1.13,19,5,0.813,2025-05-22 19:13:25
CASE_04743,FIR/2024/847,2024-12-11 09:29:25,NET_BANKING_FRAUD,Gujarat,Synthetic_District_2,26.906527,84.4243,152622.8,16,2.72,9,2,0.851,2024-12-23 09:29:25
CASE_04744,FIR/2024/470,2024-10-20 14:05:25,CARD_FRAUD,Uttar Pradesh,Synthetic_District_13,11.168195,71.091495,184490.72,4,0.83,14,6,0.292,2024-11-04 14:05:25
CASE_04745,FIR/2024/942,2024-10-03 11:22:25,NET_BANKING_FRAUD,Maharashtra,Synthetic_District_16,18.378455,92.549581,39425.27,1,4.67,11,3,0.278,2024-10-04 11:22:25
CASE_04746,FIR/2026/212,2026-01-03 06:01:25,OTHER,West Bengal,Synthetic_District_44,19.153022,71.76698,177126.5,19,1.42,6,5,0.409,2026-01-26 06:01:25
CASE_04747,FIR/2025/339,2025-01-20 22:50:25,CARD_FRAUD,Uttar Pradesh,Synthetic_District_19,24.031463,68.241636,175659.1,15,4.17,22,0,0.781,2025-02-16 22:50:25
CASE_04748,FIR/2025/455,2025-12-25 10:39:25,CARD_FRAUD,West Bengal,Synthetic_District_18,17.548447,76.73827,146152.8,6,0.75,10,3,0.443,2026-01-10 10:39:25
CASE_04749,FIR/2025/155,2025-10-22 13:45:25,PHISHING,Andhra Pradesh,Synthetic_District_49,20.579561,82.062084,20064.61,11,0.97,13,2,0.591,2025-11-16 13:45:25
CASE_04750,FIR/2025/225,2025-07-17 01:42:25,CARD_FRAUD,Uttar Pradesh,Synthetic_District_3,19.761925,82.174812,70825.05,5,0.42,1,3,0.834,2025-08-14 01:42:25
CASE_04751,FIR/2026/383,2026-04-22 22:45:25,NET_BANKING_FRAUD,Kerala,Synthetic_District_13,32.19531,82.208655,42510.64,1,3.45,22,2,0.519,2026-04-28 22:45:25
CASE_04752,FIR/2025/376,2025-09-04 07:41:25,IMPERSONATION,Delhi,Synthetic_District_15,21.345737,74.910683,199465.38,7,3.47,7,3,0.566,2025-09-19 07:41:25
CASE_04753,FIR/2025/621,2025-02-05 02:18:25,NET_BANKING_FRAUD,Tamil Nadu,Synthetic_District_11,12.678146,77.641986,104519.99,8,1.75,2,2,0.184,2025-02-11 02:18:25
CASE_04754,FIR/2026/693,2026-01-01 07:01:25,IMPERSONATION,Karnataka,Synthetic_District_13,14.671608,75.389099,79713.03,4,1.18,7,3,0.477,2026-01-02 07:01:25
CASE_04755,FIR/2025/829,2025-09-12 09:41:25,NET_BANKING_FRAUD,Gujarat,Synthetic_District_47,17.714088,72.716991,176076.58,3,4.26,9,4,0.888,2025-10-04 09:41:25
CASE_04756,FIR/2025/412,2025-03-13 16:43:25,UPI_FRAUD,Karnataka,Synthetic_District_41,12.358831,87.190143,1774.11,9,0.75,16,3,0.929,2025-03-15 16:43:25
CASE_04757,FIR/2025/755,2025-04-10 00:28:25,OTHER,Tamil Nadu,Synthetic_District_36,16.749613,94.660458,109453.92,7,1.86,0,3,0.033,2025-04-12 00:28:25
CASE_04758,FIR/2025/345,2025-02-04 20:05:25,IMPERSONATION,West Bengal,Synthetic_District_13,19.684662,80.049555,145787.12,9,3.24,20,1,0.189,2025-03-04 20:05:25
CASE_04759,FIR/2025/411,2025-09-11 09:09:25,IMPERSONATION,Uttar Pradesh,Synthetic_District_5,25.566917,81.909315,124940.3,11,4.27,9,3,0.114,2025-09-19 09:09:25
CASE_04760,FIR/2026/422,2026-09-26 13:42:25,CARD_FRAUD,Telangana,Synthetic_District_16,28.191532,85.297711,59457.64,16,2.54,13,5,0.492,2026-10-07 13:42:25
CASE_04761,FIR/2026/190,2026-05-18 02:40:25,PHISHING,West Bengal,Synthetic_District_42,23.76514,87.062914,108783.24,4,2.05,2,0,0.419,2026-05-26 02:40:25
CASE_04762,FIR/2025/135,2025-06-06 01:56:25,OTHER,Uttar Pradesh,Synthetic_District_6,10.824688,75.528123,102917.6,4,1.96,1,4,0.172,2025-06-26 01:56:25
CASE_04763,FIR/2026/365,2026-01-18 06:45:25,OTHER,Uttar Pradesh,Synthetic_District_8,10.049025,87.562757,71891.57,9,4.43,6,6,0.944,2026-02-01 06:45:25
CASE_04764,FIR/2025/197,2025-10-15 13:02:25,NET_BANKING_FRAUD,Delhi,Synthetic_District_28,21.991877,86.574864,79951.55,9,4.88,13,2,0.891,2025-10-30 13:02:25
CASE_04765,FIR/2025/354,2025-09-30 00:07:25,UPI_FRAUD,Kerala,Synthetic_District_24,19.983659,91.824539,10095.2,7,1.18,0,1,0.667,2025-10-11 00:07:25
CASE_04766,FIR/2025/257,2025-12-06 02:51:25,CARD_FRAUD,Delhi,Synthetic_District_46,35.626474,74.196076,138784.24,2,3.01,2,5,0.988,2025-12-22 02:51:25
CASE_04767,FIR/2025/518,2025-11-13 18:06:25,INVESTMENT_SCAM,Telangana,Synthetic_District_43,30.120739,70.428903,455559.04,9,2.87,18,3,0.548,2025-11-20 18:06:25
CASE_04768,FIR/2025/597,2025-05-23 02:01:25,UPI_FRAUD,Uttar Pradesh,Synthetic_District_25,24.862032,89.411389,15681.73,7,2.6,2,4,0.15,2025-06-14 02:01:25
CASE_04769,FIR/2025/709,2025-03-17 11:51:25,OTHER,Tamil Nadu,Synthetic_District_31,35.715025,89.852686,57966.17,6,3.1,11,0,0.519,2025-03-25 11:51:25
CASE_04770,FIR/2024/775,2024-12-25 15:50:25,IMPERSONATION,West Bengal,Synthetic_District_27,20.982788,75.653877,78766.49,9,3.92,15,2,0.448,2025-01-08 15:50:25
CASE_04771,FIR/2026/164,2026-03-22 06:57:25,PHISHING,West Bengal,Synthetic_District_6,36.294269,79.713797,1646.33,9,1.33,6,6,0.115,2026-04-09 06:57:25
CASE_04772,FIR/2025/785,2025-02-23 05:33:25,INVESTMENT_SCAM,Maharashtra,Synthetic_District_33,28.733438,81.541211,523202.28,2,3.6,5,6,0.343,2025-03-19 05:33:25
CASE_04773,FIR/2026/938,2026-05-08 10:28:25,NET_BANKING_FRAUD,Karnataka,Synthetic_District_23,29.794404,70.240105,54358.38,3,2.96,10,4,0.856,2026-05-27 10:28:25
CASE_04774,FIR/2026/748,2026-05-20 02:30:25,IMPERSONATION,Telangana,Synthetic_District_43,30.867027,92.548977,120713.55,16,1.51,2,2,0.39,2026-05-30 02:30:25
CASE_04775,FIR/2025/403,2025-02-10 21:42:25,NET_BANKING_FRAUD,Telangana,Synthetic_District_6,36.577471,92.205508,62748.86,17,3.43,21,0,0.852,2025-03-10 21:42:25
CASE_04776,FIR/2026/765,2026-02-25 11:26:25,OTHER,Gujarat,Synthetic_District_2,24.228063,69.434186,181886.33,8,1.79,11,2,0.683,2026-03-05 11:26:25
CASE_04777,FIR/2024/418,2024-12-28 10:21:25,UPI_FRAUD,Uttar Pradesh,Synthetic_District_12,15.401316,69.058549,1948.14,4,4.46,10,5,0.963,2025-01-15 10:21:25
CASE_04778,FIR/2026/688,2026-07-03 04:01:25,IMPERSONATION,Gujarat,Synthetic_District_12,19.610093,93.28483,131300.22,4,3.3,4,4,0.053,2026-07-06 04:01:25
CASE_04779,FIR/2024/154,2024-10-08 10:12:25,NET_BANKING_FRAUD,Kerala,Synthetic_District_44,30.446948,89.382267,89029.45,12,4.14,10,1,0.449,2024-10-09 10:12:25
CASE_04780,FIR/2025/954,2025-05-06 03:02:25,IMPERSONATION,Andhra Pradesh,Synthetic_District_18,12.341622,86.940713,10167.89,6,1.19,3,1,0.36,2025-06-03 03:02:25
CASE_04781,FIR/2026/596,2026-02-24 01:36:25,INVESTMENT_SCAM,Andhra Pradesh,Synthetic_District_40,27.22207,83.593944,527591.49,14,1.48,1,1,0.765,2026-03-13 01:36:25
CASE_04782,FIR/2026/343,2026-09-10 01:49:25,PHISHING,Kerala,Synthetic_District_37,19.007782,78.154913,17015.31,7,3.81,1,3,0.042,2026-09-23 01:49:25
CASE_04783,FIR/2025/500,2025-02-26 06:54:25,PHISHING,Kerala,Synthetic_District_46,35.947764,74.082457,67481.64,3,0.64,6,2,0.846,2025-03-15 06:54:25
CASE_04784,FIR/2026/205,2026-03-30 07:48:25,IMPERSONATION,Andhra Pradesh,Synthetic_District_11,32.285139,82.700325,64744.42,16,3.69,7,0,0.916,2026-04-16 07:48:25
CASE_04785,FIR/2026/540,2026-02-15 18:32:25,OTHER,Kerala,Synthetic_District_27,11.417953,78.88502,11491.47,20,1.47,18,6,0.245,2026-03-13 18:32:25
CASE_04786,FIR/2026/225,2026-03-08 13:07:25,NET_BANKING_FRAUD,Andhra Pradesh,Synthetic_District_28,22.588808,84.063078,144769.32,14,2.33,13,6,0.785,2026-03-25 13:07:25
CASE_04787,FIR/2026/732,2026-06-09 02:59:25,IMPERSONATION,Gujarat,Synthetic_District_50,17.746582,74.245826,28289.69,7,0.3,2,1,0.641,2026-07-09 02:59:25
CASE_04788,FIR/2024/487,2024-12-16 12:21:25,INVESTMENT_SCAM,Karnataka,Synthetic_District_16,30.754593,94.838184,248117.78,13,4.92,12,0,0.632,2025-01-09 12:21:25
CASE_04789,FIR/2025/988,2025-12-22 13:35:25,CARD_FRAUD,Tamil Nadu,Synthetic_District_26,23.516722,81.033173,196869.13,17,0.14,13,0,0.219,2025-12-25 13:35:25
CASE_04790,FIR/2026/657,2026-01-20 19:20:25,NET_BANKING_FRAUD,Karnataka,Synthetic_District_30,16.262073,79.694223,65066.97,4,3.48,19,1,0.039,2026-02-16 19:20:25
CASE_04791,FIR/2025/544,2025-11-27 03:04:25,CARD_FRAUD,Andhra Pradesh,Synthetic_District_15,28.02054,89.726967,76190.47,7,2.01,3,3,0.975,2025-12-15 03:04:25
CASE_04792,FIR/2026/775,2026-08-13 19:58:25,INVESTMENT_SCAM,Delhi,Synthetic_District_12,14.113309,69.685413,185811.9,10,4.84,19,3,0.183,2026-08-15 19:58:25
CASE_04793,FIR/2025/684,2025-05-24 08:23:25,IMPERSONATION,West Bengal,Synthetic_District_12,34.20804,76.764974,194395.94,18,2.29,8,5,0.938,2025-06-17 08:23:25
CASE_04794,FIR/2025/194,2025-05-08 08:31:25,UPI_FRAUD,Delhi,Synthetic_District_15,13.82564,90.390427,45780.9,19,4.08,8,3,0.745,2025-06-01 08:31:25
CASE_04795,FIR/2026/711,2026-02-18 13:15:25,IMPERSONATION,Karnataka,Synthetic_District_6,13.183106,71.765328,147593.3,20,0.74,13,2,0.155,2026-02-19 13:15:25
CASE_04796,FIR/2024/392,2024-12-07 23:58:25,NET_BANKING_FRAUD,Telangana,Synthetic_District_31,33.587792,88.690593,3882.87,18,4.46,23,5,0.049,2024-12-31 23:58:25
CASE_04797,FIR/2026/182,2026-01-26 15:03:25,INVESTMENT_SCAM,Tamil Nadu,Synthetic_District_39,12.507024,71.900403,656585.3,14,2.94,15,0,0.749,2026-02-15 15:03:25
CASE_04798,FIR/2025/674,2025-06-02 10:38:25,PHISHING,Tamil Nadu,Synthetic_District_6,14.918989,68.402714,154856.36,1,3.6,10,0,0.218,2025-06-10 10:38:25
CASE_04799,FIR/2026/867,2026-04-27 23:38:25,PHISHING,Gujarat,Synthetic_District_48,30.239612,96.175703,183647.91,13,0.44,23,0,0.719,2026-04-29 23:38:25
CASE_04800,FIR/2025/395,2025-07-17 08:28:25,NET_BANKING_FRAUD,Telangana,Synthetic_District_27,10.529744,87.418905,16232.43,11,2.73,8,3,0.505,2025-08-07 08:28:25
CASE_04801,FIR/2024/716,2024-12-14 17:10:25,IMPERSONATION,Kerala,Synthetic_District_43,34.045336,91.163698,191179.18,19,1.0,17,5,0.931,2024-12-17 17:10:25
CASE_04802,FIR/2026/991,2026-06-27 08:32:25,INVESTMENT_SCAM,Telangana,Synthetic_District_46,27.620055,96.708839,600451.17,7,3.26,8,5,0.147,2026-06-30 08:32:25
CASE_04803,FIR/2024/804,2024-11-08 14:20:25,INVESTMENT_SCAM,Maharashtra,Synthetic_District_1,21.942566,74.66054,803750.93,5,3.3,14,4,0.882,2024-11-30 14:20:25
CASE_04804,FIR/2026/920,2026-02-21 02:32:25,NET_BANKING_FRAUD,Karnataka,Synthetic_District_6,26.121621,90.072861,104247.66,9,0.71,2,5,0.509,2026-03-11 02:32:25
CASE_04805,FIR/2025/447,2025-04-26 02:33:25,CARD_FRAUD,Tamil Nadu,Synthetic_District_32,16.456181,75.734767,50823.97,10,0.55,2,5,0.496,2025-05-07 02:33:25
CASE_04806,FIR/2026/259,2026-04-15 01:15:25,IMPERSONATION,Tamil Nadu,Synthetic_District_38,11.787117,87.439957,100384.07,7,0.5,1,2,0.603,2026-04-27 01:15:25
CASE_04807,FIR/2025/399,2025-12-22 19:23:25,OTHER,Tamil Nadu,Synthetic_District_48,25.190079,90.308696,19649.82,6,4.65,19,0,0.24,2026-01-01 19:23:25
CASE_04808,FIR/2024/970,2024-12-30 17:27:25,IMPERSONATION,Kerala,Synthetic_District_10,18.097718,77.338748,173150.07,13,1.1,17,0,0.056,2025-01-12 17:27:25
CASE_04809,FIR/2025/167,2025-03-10 06:38:25,INVESTMENT_SCAM,West Bengal,Synthetic_District_30,31.005001,81.572671,328759.48,14,4.19,6,0,0.921,2025-03-30 06:38:25
CASE_04810,FIR/2025/748,2025-11-27 19:29:25,NET_BANKING_FRAUD,West Bengal,Synthetic_District_29,28.355596,84.327246,185327.88,14,0.71,19,3,0.869,2025-12-07 19:29:25
CASE_04811,FIR/2025/659,2025-03-23 11:16:25,CARD_FRAUD,Maharashtra,Synthetic_District_4,35.527112,87.966829,158825.61,10,0.41,11,6,0.722,2025-04-09 11:16:25
CASE_04812,FIR/2025/316,2025-03-02 04:43:25,INVESTMENT_SCAM,Karnataka,Synthetic_District_25,17.991237,71.35834,653687.72,14,2.83,4,6,0.845,2025-03-13 04:43:25
CASE_04813,FIR/2025/951,2025-01-29 03:41:25,PHISHING,West Bengal,Synthetic_District_33,8.75823,69.219625,178557.98,20,4.56,3,2,0.942,2025-02-25 03:41:25
CASE_04814,FIR/2025/963,2025-10-08 01:11:25,INVESTMENT_SCAM,Karnataka,Synthetic_District_33,16.716512,86.663354,72855.89,11,3.33,1,2,0.087,2025-11-01 01:11:25
CASE_04815,FIR/2024/389,2024-10-14 00:53:25,OTHER,Gujarat,Synthetic_District_14,32.351216,93.801535,10889.62,15,2.84,0,0,0.822,2024-10-25 00:53:25
CASE_04816,FIR/2025/866,2025-02-06 04:59:25,PHISHING,West Bengal,Synthetic_District_17,16.571251,74.755011,33915.28,7,1.68,4,3,0.652,2025-03-06 04:59:25
CASE_04817,FIR/2025/591,2025-03-28 14:44:25,UPI_FRAUD,Gujarat,Synthetic_District_1,8.814783,74.922501,3074.52,7,1.66,14,4,0.139,2025-04-08 14:44:25
CASE_04818,FIR/2024/184,2024-10-24 05:56:25,NET_BANKING_FRAUD,Telangana,Synthetic_District_31,34.023887,93.922524,62731.58,17,1.09,5,3,0.508,2024-11-06 05:56:25
CASE_04819,FIR/2024/330,2024-11-05 00:51:25,NET_BANKING_FRAUD,Telangana,Synthetic_District_18,14.375243,88.685272,20884.09,19,4.56,0,1,0.715,2024-11-26 00:51:25
CASE_04820,FIR/2026/944,2026-09-22 09:21:25,PHISHING,Telangana,Synthetic_District_43,17.145801,89.146343,168285.48,14,3.17,9,1,0.723,2026-09-29 09:21:25
CASE_04821,FIR/2025/145,2025-05-23 18:02:25,OTHER,Telangana,Synthetic_District_36,30.545624,82.525579,4198.26,12,3.35,18,4,0.986,2025-05-31 18:02:25
CASE_04822,FIR/2025/716,2025-09-15 17:39:25,OTHER,Delhi,Synthetic_District_24,35.579969,83.525961,86532.8,2,3.7,17,0,0.597,2025-10-05 17:39:25
CASE_04823,FIR/2025/884,2025-07-09 11:49:25,INVESTMENT_SCAM,Kerala,Synthetic_District_50,14.965929,95.108577,671984.67,8,1.15,11,2,0.176,2025-08-05 11:49:25
CASE_04824,FIR/2026/980,2026-06-20 23:29:25,INVESTMENT_SCAM,Telangana,Synthetic_District_22,19.686365,83.990984,411976.26,2,4.29,23,5,0.891,2026-06-21 23:29:25
CASE_04825,FIR/2026/823,2026-07-15 09:46:25,CARD_FRAUD,Kerala,Synthetic_District_49,22.38207,91.687468,38808.58,19,4.39,9,2,0.153,2026-08-04 09:46:25
CASE_04826,FIR/2025/896,2025-10-12 18:58:25,OTHER,Kerala,Synthetic_District_26,17.433514,83.838317,37648.87,12,4.4,18,6,0.594,2025-10-21 18:58:25
CASE_04827,FIR/2025/847,2025-12-18 20:25:25,PHISHING,Kerala,Synthetic_District_3,29.139623,85.098653,9872.47,17,4.65,20,3,0.275,2025-12-19 20:25:25
CASE_04828,FIR/2026/767,2026-01-03 07:35:25,UPI_FRAUD,Andhra Pradesh,Synthetic_District_41,9.737325,89.343642,40098.49,18,3.65,7,5,0.733,2026-01-28 07:35:25
CASE_04829,FIR/2025/721,2025-01-20 07:36:25,PHISHING,Uttar Pradesh,Synthetic_District_28,13.88446,70.764618,62490.97,12,1.19,7,0,0.761,2025-02-17 07:36:25
CASE_04830,FIR/2026/606,2026-06-23 07:40:25,CARD_FRAUD,Telangana,Synthetic_District_9,31.699182,95.129672,41206.33,18,1.94,7,1,0.796,2026-07-23 07:40:25
CASE_04831,FIR/2026/756,2026-08-06 22:01:25,UPI_FRAUD,Karnataka,Synthetic_District_3,11.907008,84.642288,44891.64,16,4.21,22,3,0.334,2026-08-24 22:01:25
CASE_04832,FIR/2024/146,2024-12-24 09:59:25,CARD_FRAUD,Delhi,Synthetic_District_10,24.258467,95.640766,8622.36,9,0.16,9,1,0.671,2025-01-12 09:59:25
CASE_04833,FIR/2026/629,2026-02-14 04:26:25,NET_BANKING_FRAUD,Kerala,Synthetic_District_9,34.543113,78.045935,196555.84,18,4.69,4,5,0.038,2026-03-13 04:26:25
CASE_04834,FIR/2025/408,2025-03-12 06:04:25,PHISHING,Uttar Pradesh,Synthetic_District_9,33.277801,88.564064,22999.12,10,0.46,6,2,0.722,2025-04-10 06:04:25
CASE_04835,FIR/2026/765,2026-09-26 01:41:25,CARD_FRAUD,Uttar Pradesh,Synthetic_District_12,22.06265,86.025191,98750.14,20,3.95,1,5,0.813,2026-10-24 01:41:25
CASE_04836,FIR/2025/105,2025-04-21 12:27:25,OTHER,Telangana,Synthetic_District_24,32.032129,92.237668,164060.04,12,3.73,12,0,0.465,2025-05-17 12:27:25
CASE_04837,FIR/2025/857,2025-06-14 04:40:25,IMPERSONATION,Tamil Nadu,Synthetic_District_1,16.394065,75.254293,38559.58,9,2.82,4,5,0.362,2025-07-03 04:40:25
CASE_04838,FIR/2026/628,2026-04-28 09:38:25,PHISHING,Gujarat,Synthetic_District_19,16.442368,74.932315,138436.44,16,4.54,9,1,0.206,2026-05-07 09:38:25
CASE_04839,FIR/2026/120,2026-07-06 16:54:25,INVESTMENT_SCAM,Karnataka,Synthetic_District_35,11.081822,87.92541,70038.26,1,1.19,16,0,0.091,2026-07-10 16:54:25
CASE_04840,FIR/2026/684,2026-07-20 01:45:25,NET_BANKING_FRAUD,Gujarat,Synthetic_District_35,30.986706,72.878304,69522.61,14,4.54,1,0,0.252,2026-07-30 01:45:25
CASE_04841,FIR/2025/367,2025-07-20 23:48:25,CARD_FRAUD,Gujarat,Synthetic_District_22,33.882094,68.610558,43441.71,17,0.82,23,6,0.229,2025-07-25 23:48:25
CASE_04842,FIR/2026/503,2026-03-24 13:19:25,INVESTMENT_SCAM,Maharashtra,Synthetic_District_15,35.478626,86.935348,142597.55,19,4.44,13,1,0.684,2026-04-11 13:19:25
CASE_04843,FIR/2024/246,2024-10-29 07:59:25,OTHER,Gujarat,Synthetic_District_8,16.919619,74.474547,166228.72,11,1.54,7,1,0.534,2024-11-12 07:59:25
CASE_04844,FIR/2026/831,2026-03-16 05:58:25,OTHER,West Bengal,Synthetic_District_29,13.139191,74.069115,182473.77,6,1.08,5,0,0.223,2026-03-21 05:58:25
CASE_04845,FIR/2025/344,2025-02-06 07:48:25,CARD_FRAUD,Delhi,Synthetic_District_31,36.043106,76.482571,122309.36,6,1.96,7,3,0.343,2025-02-17 07:48:25
CASE_04846,FIR/2026/151,2026-06-22 22:01:25,CARD_FRAUD,Delhi,Synthetic_District_16,28.913458,75.187743,112382.17,1,2.59,22,0,0.504,2026-07-13 22:01:25
CASE_04847,FIR/2025/433,2025-07-13 16:19:25,IMPERSONATION,Maharashtra,Synthetic_District_17,14.83375,82.969935,5749.26,6,2.42,16,6,0.488,2025-08-07 16:19:25
CASE_04848,FIR/2025/772,2025-06-29 10:47:25,INVESTMENT_SCAM,Kerala,Synthetic_District_32,36.779654,83.490307,594550.53,3,3.64,10,6,0.827,2025-07-04 10:47:25
CASE_04849,FIR/2025/839,2025-07-29 18:11:25,PHISHING,Kerala,Synthetic_District_27,10.753119,74.281665,176828.55,9,2.25,18,1,0.796,2025-08-06 18:11:25
CASE_04850,FIR/2026/429,2026-01-25 17:55:25,OTHER,Telangana,Synthetic_District_49,31.834664,88.000166,153753.02,7,1.52,17,6,0.549,2026-02-23 17:55:25
CASE_04851,FIR/2025/565,2025-06-27 20:39:25,IMPERSONATION,Maharashtra,Synthetic_District_36,9.639016,81.052702,71346.24,9,2.87,20,4,0.144,2025-07-19 20:39:25
CASE_04852,FIR/2026/469,2026-07-22 23:24:25,OTHER,Delhi,Synthetic_District_35,26.392915,88.37944,86327.07,9,0.62,23,2,0.0,2026-08-16 23:24:25
CASE_04853,FIR/2025/381,2025-04-02 07:02:25,CARD_FRAUD,Telangana,Synthetic_District_27,18.120243,93.804296,131880.24,20,0.84,7,2,0.371,2025-04-18 07:02:25
CASE_04854,FIR/2025/917,2025-12-12 22:59:25,NET_BANKING_FRAUD,Tamil Nadu,Synthetic_District_27,16.365674,90.450896,166510.42,12,3.8,22,4,0.231,2025-12-16 22:59:25
CASE_04855,FIR/2025/611,2025-04-02 20:03:25,NET_BANKING_FRAUD,Karnataka,Synthetic_District_42,33.055156,85.625006,49549.29,11,2.7,20,2,0.806,2025-04-11 20:03:25
CASE_04856,FIR/2025/345,2025-03-24 10:44:25,NET_BANKING_FRAUD,Maharashtra,Synthetic_District_4,13.136438,78.410265,44174.01,11,4.72,10,0,0.497,2025-04-09 10:44:25
CASE_04857,FIR/2025/502,2025-06-27 14:03:25,INVESTMENT_SCAM,Gujarat,Synthetic_District_15,17.446391,72.168139,240082.95,13,0.18,14,4,0.247,2025-06-29 14:03:25
CASE_04858,FIR/2025/899,2025-03-19 09:22:25,NET_BANKING_FRAUD,Karnataka,Synthetic_District_40,14.143426,92.322088,161140.52,19,1.1,9,2,0.91,2025-04-08 09:22:25
CASE_04859,FIR/2026/908,2026-09-07 15:10:25,CARD_FRAUD,Uttar Pradesh,Synthetic_District_13,18.551494,86.005942,95615.03,11,4.35,15,0,0.164,2026-09-11 15:10:25
CASE_04860,FIR/2025/236,2025-08-28 01:54:25,IMPERSONATION,Andhra Pradesh,Synthetic_District_30,32.511582,95.689334,160745.52,18,3.06,1,3,0.643,2025-09-03 01:54:25
CASE_04861,FIR/2025/541,2025-11-23 16:15:25,UPI_FRAUD,Maharashtra,Synthetic_District_38,10.675308,79.235388,4581.9,8,1.01,16,6,0.142,2025-12-16 16:15:25
CASE_04862,FIR/2026/457,2026-07-20 07:26:25,OTHER,Uttar Pradesh,Synthetic_District_18,31.528821,76.655759,182890.54,16,2.45,7,0,0.178,2026-08-14 07:26:25
CASE_04863,FIR/2025/553,2025-07-13 02:59:25,PHISHING,Andhra Pradesh,Synthetic_District_38,30.757628,81.234702,194879.71,4,3.51,2,6,0.138,2025-07-26 02:59:25
CASE_04864,FIR/2025/151,2025-03-02 01:00:25,INVESTMENT_SCAM,Andhra Pradesh,Synthetic_District_15,9.119185,96.636673,438923.06,19,2.7,1,6,0.949,2025-03-09 01:00:25
CASE_04865,FIR/2026/668,2026-09-24 23:25:25,OTHER,Uttar Pradesh,Synthetic_District_5,21.742776,82.228641,164935.32,7,3.36,23,3,0.365,2026-10-08 23:25:25
CASE_04866,FIR/2025/564,2025-05-14 11:56:25,UPI_FRAUD,West Bengal,Synthetic_District_49,11.001356,79.137013,5511.4,13,3.25,11,2,0.861,2025-05-31 11:56:25
CASE_04867,FIR/2026/219,2026-01-31 06:59:25,CARD_FRAUD,Karnataka,Synthetic_District_23,32.500604,91.104836,148226.44,20,2.37,6,5,0.299,2026-02-25 06:59:25
CASE_04868,FIR/2025/137,2025-11-25 09:06:25,OTHER,Uttar Pradesh,Synthetic_District_19,21.002128,87.61574,198510.53,15,3.81,9,1,0.763,2025-12-14 09:06:25
CASE_04869,FIR/2025/894,2025-03-16 10:59:25,OTHER,Maharashtra,Synthetic_District_25,32.797193,93.06731,129842.77,20,4.73,10,6,0.545,2025-04-04 10:59:25
CASE_04870,FIR/2025/492,2025-02-12 11:10:25,INVESTMENT_SCAM,Tamil Nadu,Synthetic_District_42,31.392018,80.379431,991105.19,16,2.32,11,2,0.428,2025-03-04 11:10:25
CASE_04871,FIR/2025/586,2025-10-19 04:59:25,OTHER,Tamil Nadu,Synthetic_District_26,8.33266,90.921784,75057.65,15,1.87,4,6,0.011,2025-10-20 04:59:25
CASE_04872,FIR/2026/622,2026-07-28 10:02:25,UPI_FRAUD,Tamil Nadu,Synthetic_District_50,22.514703,69.475684,35496.11,3,2.35,10,1,0.916,2026-08-23 10:02:25
CASE_04873,FIR/2026/757,2026-04-10 12:53:25,UPI_FRAUD,Gujarat,Synthetic_District_39,8.348623,82.421122,40546.47,19,3.32,12,4,0.726,2026-04-28 12:53:25
CASE_04874,FIR/2026/524,2026-08-27 04:52:25,INVESTMENT_SCAM,Maharashtra,Synthetic_District_27,20.365373,69.163887,215466.97,6,2.81,4,3,0.004,2026-09-25 04:52:25
CASE_04875,FIR/2026/283,2026-04-26 16:54:25,PHISHING,Kerala,Synthetic_District_19,32.387609,80.560602,181254.25,14,1.7,16,6,0.473,2026-05-23 16:54:25
CASE_04876,FIR/2025/287,2025-10-03 10:12:25,NET_BANKING_FRAUD,Andhra Pradesh,Synthetic_District_23,36.231942,91.616374,82438.02,10,4.54,10,4,0.544,2025-10-20 10:12:25
CASE_04877,FIR/2025/789,2025-04-22 23:33:25,INVESTMENT_SCAM,West Bengal,Synthetic_District_17,8.733492,84.759455,216787.46,4,1.02,23,1,0.395,2025-05-12 23:33:25
CASE_04878,FIR/2024/671,2024-12-18 07:10:25,OTHER,Telangana,Synthetic_District_29,20.887733,93.570525,51712.37,6,2.28,7,2,0.838,2025-01-06 07:10:25
CASE_04879,FIR/2026/999,2026-04-19 00:48:25,IMPERSONATION,Gujarat,Synthetic_District_2,28.956945,94.924449,136741.42,10,2.4,0,6,0.048,2026-05-09 00:48:25
CASE_04880,FIR/2025/804,2025-02-13 06:02:25,OTHER,Telangana,Synthetic_District_10,25.028613,79.972675,175023.97,20,4.13,6,3,0.902,2025-02-17 06:02:25
CASE_04881,FIR/2026/519,2026-02-25 12:38:25,UPI_FRAUD,West Bengal,Synthetic_District_3,22.213395,93.511253,35112.79,4,3.66,12,2,0.046,2026-03-27 12:38:25
CASE_04882,FIR/2024/492,2024-12-20 07:21:25,NET_BANKING_FRAUD,Karnataka,Synthetic_District_4,13.188541,68.398044,94504.04,8,3.48,7,4,0.43,2025-01-14 07:21:25
CASE_04883,FIR/2025/451,2025-02-09 23:17:25,PHISHING,Telangana,Synthetic_District_12,12.089289,85.470227,28162.51,4,0.91,23,6,0.26,2025-02-20 23:17:25
CASE_04884,FIR/2026/211,2026-08-01 15:10:25,PHISHING,Delhi,Synthetic_District_48,33.58953,68.672456,127041.0,12,1.36,15,5,0.813,2026-08-28 15:10:25
CASE_04885,FIR/2024/293,2024-10-26 11:01:25,UPI_FRAUD,Uttar Pradesh,Synthetic_District_26,17.665681,78.096165,4078.07,11,3.5,11,5,0.098,2024-11-20 11:01:25
CASE_04886,FIR/2025/325,2025-11-02 03:11:25,IMPERSONATION,Andhra Pradesh,Synthetic_District_20,32.59471,95.259649,123076.23,1,4.16,3,6,0.655,2025-11-08 03:11:25
CASE_04887,FIR/2025/479,2025-11-20 21:17:25,INVESTMENT_SCAM,Gujarat,Synthetic_District_10,9.722185,89.1502,818471.4,7,3.59,21,3,0.099,2025-12-13 21:17:25
CASE_04888,FIR/2025/931,2025-04-18 17:10:25,UPI_FRAUD,Delhi,Synthetic_District_33,22.511675,78.619677,15040.05,17,2.93,17,4,0.29,2025-04-20 17:10:25
CASE_04889,FIR/2026/524,2026-06-06 14:22:25,OTHER,Uttar Pradesh,Synthetic_District_37,29.144597,83.867875,199620.39,18,2.87,14,5,0.223,2026-07-03 14:22:25
CASE_04890,FIR/2026/160,2026-01-25 18:48:25,CARD_FRAUD,Gujarat,Synthetic_District_7,27.049058,74.483577,61356.85,14,1.34,18,6,0.54,2026-02-14 18:48:25
CASE_04891,FIR/2024/578,2024-11-24 05:30:25,INVESTMENT_SCAM,West Bengal,Synthetic_District_21,23.628623,68.744758,904414.68,20,0.59,5,6,0.644,2024-12-09 05:30:25
CASE_04892,FIR/2026/787,2026-02-07 12:35:25,UPI_FRAUD,West Bengal,Synthetic_District_48,22.48757,70.199746,16883.64,17,3.5,12,5,0.624,2026-02-14 12:35:25
CASE_04893,FIR/2025/155,2025-06-13 22:38:25,INVESTMENT_SCAM,Tamil Nadu,Synthetic_District_37,29.574499,81.413804,478949.71,16,1.1,22,4,0.943,2025-06-14 22:38:25
CASE_04894,FIR/2024/932,2024-10-31 01:42:25,UPI_FRAUD,Tamil Nadu,Synthetic_District_11,26.935482,94.126112,12883.87,14,3.67,1,3,0.645,2024-11-20 01:42:25
CASE_04895,FIR/2025/942,2025-08-15 13:04:25,UPI_FRAUD,Kerala,Synthetic_District_50,11.865784,73.952055,39278.57,5,4.67,13,4,0.034,2025-09-07 13:04:25
CASE_04896,FIR/2026/278,2026-08-30 10:09:25,CARD_FRAUD,Tamil Nadu,Synthetic_District_15,15.526628,82.089461,109732.32,3,3.12,10,6,0.298,2026-09-05 10:09:25
CASE_04897,FIR/2025/389,2025-01-02 19:42:25,CARD_FRAUD,Andhra Pradesh,Synthetic_District_30,17.130513,94.033088,88153.95,8,0.93,19,3,0.317,2025-01-25 19:42:25
CASE_04898,FIR/2026/171,2026-07-05 00:51:25,CARD_FRAUD,Gujarat,Synthetic_District_13,33.071694,73.148255,176635.98,8,0.83,0,6,0.729,2026-07-20 00:51:25
CASE_04899,FIR/2026/817,2026-05-08 21:01:25,NET_BANKING_FRAUD,Andhra Pradesh,Synthetic_District_8,21.411093,69.406785,162250.79,11,3.22,21,4,0.204,2026-05-10 21:01:25
CASE_04900,FIR/2024/377,2024-11-09 03:43:25,NET_BANKING_FRAUD,Maharashtra,Synthetic_District_29,12.525414,74.099267,104621.8,2,2.02,3,5,0.836,2024-11-25 03:43:25
CASE_04901,FIR/2025/286,2025-09-02 00:52:25,PHISHING,Andhra Pradesh,Synthetic_District_13,28.833707,68.16204,197840.21,4,4.04,0,1,0.833,2025-10-02 00:52:25
CASE_04902,FIR/2024/234,2024-11-25 10:26:25,OTHER,Uttar Pradesh,Synthetic_District_33,13.861987,85.123434,116157.9,5,0.47,10,0,0.224,2024-12-24 10:26:25
CASE_04903,FIR/2026/816,2026-01-17 17:01:25,IMPERSONATION,Karnataka,Synthetic_District_14,26.800786,82.913611,65058.46,1,2.53,17,5,0.619,2026-01-24 17:01:25
CASE_04904,FIR/2024/890,2024-11-04 05:53:25,INVESTMENT_SCAM,Kerala,Synthetic_District_22,11.581272,84.630893,484596.8,4,3.11,5,0,0.674,2024-11-09 05:53:25
CASE_04905,FIR/2026/611,2026-04-02 16:06:25,CARD_FRAUD,Uttar Pradesh,Synthetic_District_47,15.018323,79.003077,109011.42,2,3.26,16,3,0.154,2026-04-19 16:06:25
CASE_04906,FIR/2025/551,2025-12-08 23:31:25,IMPERSONATION,Andhra Pradesh,Synthetic_District_50,33.480839,88.847249,59890.64,4,0.75,23,0,0.84,2026-01-07 23:31:25
CASE_04907,FIR/2025/903,2025-11-22 12:38:25,CARD_FRAUD,Delhi,Synthetic_District_8,11.056862,88.201444,186051.99,20,3.82,12,5,0.212,2025-12-05 12:38:25
CASE_04908,FIR/2025/834,2025-01-20 03:09:25,OTHER,West Bengal,Synthetic_District_44,17.78565,80.865372,78736.73,4,1.13,3,0,0.073,2025-02-16 03:09:25
CASE_04909,FIR/2025/962,2025-02-10 11:54:25,IMPERSONATION,West Bengal,Synthetic_District_5,8.248897,72.887987,107743.38,7,2.8,11,0,0.67,2025-03-03 11:54:25
CASE_04910,FIR/2025/805,2025-04-03 01:13:25,INVESTMENT_SCAM,Telangana,Synthetic_District_19,35.984735,69.249194,430343.28,17,1.69,1,3,0.261,2025-04-20 01:13:25
CASE_04911,FIR/2025/747,2025-09-08 12:17:25,OTHER,Karnataka,Synthetic_District_25,24.638325,76.871854,164345.12,19,3.94,12,0,0.475,2025-09-25 12:17:25
CASE_04912,FIR/2026/755,2026-04-05 12:22:25,INVESTMENT_SCAM,West Bengal,Synthetic_District_20,30.255511,92.500956,324152.11,13,0.29,12,6,0.788,2026-04-24 12:22:25
CASE_04913,FIR/2024/149,2024-11-04 11:25:25,CARD_FRAUD,Telangana,Synthetic_District_44,26.669122,71.053357,119629.53,19,2.68,11,0,0.617,2024-11-10 11:25:25
CASE_04914,FIR/2024/645,2024-09-30 08:14:25,NET_BANKING_FRAUD,West Bengal,Synthetic_District_6,17.561828,68.57969,39604.96,19,1.18,8,0,0.203,2024-10-13 08:14:25
CASE_04915,FIR/2026/605,2026-01-19 06:48:25,CARD_FRAUD,Uttar Pradesh,Synthetic_District_9,18.249149,83.681641,29076.9,4,3.56,6,0,0.144,2026-02-15 06:48:25
CASE_04916,FIR/2026/329,2026-09-12 07:22:25,IMPERSONATION,Delhi,Synthetic_District_24,14.390234,75.208932,21687.54,12,2.65,7,5,0.561,2026-10-08 07:22:25
CASE_04917,FIR/2025/876,2025-06-23 13:34:25,IMPERSONATION,Maharashtra,Synthetic_District_28,13.011261,75.982758,4458.14,5,0.58,13,0,0.672,2025-06-27 13:34:25
CASE_04918,FIR/2024/433,2024-12-29 16:38:25,OTHER,Kerala,Synthetic_District_42,15.875156,86.76308,167235.81,17,3.79,16,6,0.015,2025-01-20 16:38:25
CASE_04919,FIR/2025/807,2025-08-01 06:29:25,UPI_FRAUD,Maharashtra,Synthetic_District_25,32.127167,70.714697,1013.0,1,2.52,6,4,0.247,2025-08-17 06:29:25
CASE_04920,FIR/2026/337,2026-02-08 14:22:25,OTHER,Karnataka,Synthetic_District_40,26.390744,77.710829,149010.27,4,3.56,14,6,0.634,2026-03-06 14:22:25
CASE_04921,FIR/2025/276,2025-11-06 17:13:25,PHISHING,Karnataka,Synthetic_District_20,9.152011,86.409896,173181.97,10,0.14,17,3,0.303,2025-11-07 17:13:25
CASE_04922,FIR/2025/534,2025-01-12 21:49:25,NET_BANKING_FRAUD,Tamil Nadu,Synthetic_District_42,29.936743,73.799556,111595.71,3,1.44,21,6,0.365,2025-01-14 21:49:25
CASE_04923,FIR/2024/184,2024-12-24 22:23:25,UPI_FRAUD,Delhi,Synthetic_District_34,36.325261,83.548157,12637.97,14,2.2,22,1,0.439,2025-01-06 22:23:25
CASE_04924,FIR/2025/935,2025-07-27 05:42:25,INVESTMENT_SCAM,West Bengal,Synthetic_District_50,27.443509,79.101229,968689.44,7,3.84,5,6,0.151,2025-08-15 05:42:25
CASE_04925,FIR/2025/959,2025-07-16 09:32:25,UPI_FRAUD,Telangana,Synthetic_District_13,10.476372,84.887739,20381.67,19,3.33,9,2,0.002,2025-08-02 09:32:25
CASE_04926,FIR/2026/215,2026-01-25 17:49:25,OTHER,West Bengal,Synthetic_District_31,33.60019,69.648491,61559.12,6,2.43,17,6,0.822,2026-02-23 17:49:25
CASE_04927,FIR/2026/651,2026-06-27 21:02:25,OTHER,Tamil Nadu,Synthetic_District_6,16.839992,88.004765,78596.49,13,1.47,21,5,0.334,2026-06-28 21:02:25
CASE_04928,FIR/2026/892,2026-03-04 09:31:25,PHISHING,Kerala,Synthetic_District_41,13.752658,79.916369,48313.19,19,2.22,9,2,0.627,2026-03-14 09:31:25
CASE_04929,FIR/2026/252,2026-08-18 07:28:25,OTHER,Tamil Nadu,Synthetic_District_32,12.552471,93.083137,98634.69,19,3.6,7,1,0.165,2026-08-24 07:28:25
CASE_04930,FIR/2026/105,2026-07-25 19:00:25,PHISHING,Andhra Pradesh,Synthetic_District_5,22.993538,87.870424,28509.4,10,2.08,19,5,0.358,2026-08-13 19:00:25
CASE_04931,FIR/2025/475,2025-03-02 07:01:25,CARD_FRAUD,Andhra Pradesh,Synthetic_District_40,18.397152,83.191444,6370.96,13,0.51,7,6,0.856,2025-03-16 07:01:25
CASE_04932,FIR/2026/743,2026-05-18 19:57:25,CARD_FRAUD,West Bengal,Synthetic_District_44,29.807501,72.528161,193375.98,11,2.85,19,0,0.047,2026-05-29 19:57:25
CASE_04933,FIR/2025/586,2025-11-04 21:50:25,INVESTMENT_SCAM,Andhra Pradesh,Synthetic_District_4,16.692121,76.614759,470322.15,10,0.82,21,1,0.109,2025-11-09 21:50:25
CASE_04934,FIR/2026/532,2026-09-09 14:11:25,CARD_FRAUD,Maharashtra,Synthetic_District_26,9.589333,79.71251,75666.02,8,0.23,14,2,0.719,2026-09-24 14:11:25
CASE_04935,FIR/2025/806,2025-03-13 02:14:25,NET_BANKING_FRAUD,Karnataka,Synthetic_District_23,30.486055,74.31914,178740.25,7,3.12,2,3,0.481,2025-03-30 02:14:25
CASE_04936,FIR/2025/912,2025-05-02 07:03:25,NET_BANKING_FRAUD,Uttar Pradesh,Synthetic_District_15,22.295995,89.10755,75873.16,6,1.6,7,4,0.745,2025-05-31 07:03:25
CASE_04937,FIR/2025/808,2025-06-19 22:15:25,INVESTMENT_SCAM,Maharashtra,Synthetic_District_12,32.55016,87.34622,346299.98,14,3.87,22,3,0.968,2025-06-23 22:15:25
CASE_04938,FIR/2025/208,2025-02-13 16:17:25,PHISHING,Delhi,Synthetic_District_18,32.20147,84.913431,85905.54,18,2.36,16,3,0.609,2025-03-05 16:17:25
CASE_04939,FIR/2025/696,2025-07-20 14:38:25,OTHER,Kerala,Synthetic_District_45,32.767973,79.804545,101497.11,18,0.7,14,6,0.847,2025-08-01 14:38:25
CASE_04940,FIR/2025/137,2025-11-14 19:31:25,UPI_FRAUD,West Bengal,Synthetic_District_28,21.693845,96.550477,14785.47,5,1.69,19,4,0.521,2025-11-27 19:31:25
CASE_04941,FIR/2026/971,2026-02-27 01:18:25,UPI_FRAUD,Delhi,Synthetic_District_18,21.344215,95.323717,1606.98,13,1.8,1,4,0.392,2026-03-06 01:18:25
CASE_04942,FIR/2026/529,2026-07-06 15:35:25,OTHER,Telangana,Synthetic_District_5,34.967462,68.742817,107557.58,9,0.64,15,0,0.792,2026-07-23 15:35:25
CASE_04943,FIR/2024/868,2024-10-26 16:15:25,INVESTMENT_SCAM,Kerala,Synthetic_District_30,30.221421,68.22486,450030.4,14,4.73,16,5,0.375,2024-10-31 16:15:25
CASE_04944,FIR/2024/489,2024-10-16 15:54:25,IMPERSONATION,Delhi,Synthetic_District_32,36.776549,79.600744,48640.28,8,3.4,15,2,0.072,2024-11-11 15:54:25
CASE_04945,FIR/2026/806,2026-01-26 10:22:25,CARD_FRAUD,Delhi,Synthetic_District_13,17.505142,93.017622,189103.28,12,3.28,10,0,0.068,2026-02-14 10:22:25
CASE_04946,FIR/2024/931,2024-10-19 02:08:25,INVESTMENT_SCAM,Andhra Pradesh,Synthetic_District_15,28.529067,78.266561,809790.31,20,4.65,2,5,0.138,2024-11-15 02:08:25
CASE_04947,FIR/2024/947,2024-11-18 03:39:25,UPI_FRAUD,Telangana,Synthetic_District_6,29.652021,95.509395,2952.91,13,3.25,3,0,0.764,2024-11-19 03:39:25
CASE_04948,FIR/2025/682,2025-10-17 10:17:25,UPI_FRAUD,Delhi,Synthetic_District_42,15.570034,84.796383,28975.3,17,0.52,10,4,0.994,2025-11-07 10:17:25
CASE_04949,FIR/2026/946,2026-03-06 23:55:25,PHISHING,Gujarat,Synthetic_District_4,12.888244,71.111973,189432.9,18,3.77,23,4,0.402,2026-03-28 23:55:25
CASE_04950,FIR/2024/817,2024-11-12 22:37:25,INVESTMENT_SCAM,Delhi,Synthetic_District_34,33.480609,70.717681,628795.84,20,2.58,22,1,0.394,2024-11-24 22:37:25
CASE_04951,FIR/2025/946,2025-12-18 14:22:25,IMPERSONATION,Gujarat,Synthetic_District_36,11.201293,90.196917,170673.31,12,4.96,14,3,0.676,2026-01-05 14:22:25
CASE_04952,FIR/2026/899,2026-09-14 23:09:25,OTHER,Maharashtra,Synthetic_District_21,14.997735,74.392162,18257.76,13,2.0,23,0,0.639,2026-10-09 23:09:25
CASE_04953,FIR/2025/817,2025-08-08 02:22:25,PHISHING,Kerala,Synthetic_District_15,9.520946,76.539036,57265.37,5,2.21,2,4,0.943,2025-08-26 02:22:25
CASE_04954,FIR/2025/987,2025-07-01 03:36:25,NET_BANKING_FRAUD,Maharashtra,Synthetic_District_7,30.255956,95.070513,87414.66,13,2.86,3,1,0.077,2025-07-15 03:36:25
CASE_04955,FIR/2024/478,2024-10-03 12:09:25,CARD_FRAUD,Gujarat,Synthetic_District_33,22.308316,80.40641,134680.36,1,3.84,12,3,0.732,2024-10-06 12:09:25
CASE_04956,FIR/2026/490,2026-01-25 09:55:25,IMPERSONATION,Maharashtra,Synthetic_District_19,29.720982,81.661065,190085.81,1,2.32,9,6,0.921,2026-02-18 09:55:25
CASE_04957,FIR/2024/829,2024-10-28 21:14:25,INVESTMENT_SCAM,Delhi,Synthetic_District_32,13.867079,71.242996,523118.1,19,4.5,21,0,0.427,2024-11-23 21:14:25
CASE_04958,FIR/2026/901,2026-05-21 02:10:25,OTHER,Delhi,Synthetic_District_7,21.781366,93.367819,75218.3,13,1.64,2,3,0.582,2026-06-13 02:10:25
CASE_04959,FIR/2026/533,2026-04-12 10:02:25,PHISHING,West Bengal,Synthetic_District_19,31.977564,92.434568,160805.43,18,0.21,10,6,0.392,2026-04-29 10:02:25
CASE_04960,FIR/2025/689,2025-07-06 20:37:25,CARD_FRAUD,Telangana,Synthetic_District_23,35.472193,91.553047,75398.44,15,1.07,20,6,0.865,2025-07-17 20:37:25
CASE_04961,FIR/2026/709,2026-07-10 06:30:25,NET_BANKING_FRAUD,Gujarat,Synthetic_District_42,11.800096,70.33201,116044.94,14,0.51,6,4,0.649,2026-07-15 06:30:25
CASE_04962,FIR/2026/993,2026-07-04 00:39:25,PHISHING,Andhra Pradesh,Synthetic_District_14,25.250118,70.618284,156856.47,20,1.49,0,5,0.602,2026-07-11 00:39:25
CASE_04963,FIR/2026/811,2026-05-14 07:10:25,INVESTMENT_SCAM,Andhra Pradesh,Synthetic_District_24,24.916495,79.847343,490635.26,16,0.64,7,3,0.79,2026-05-17 07:10:25
CASE_04964,FIR/2026/694,2026-08-21 08:07:25,PHISHING,Andhra Pradesh,Synthetic_District_7,36.579768,84.653705,53975.24,20,2.26,8,4,0.631,2026-09-02 08:07:25
CASE_04965,FIR/2025/323,2025-01-23 19:36:25,NET_BANKING_FRAUD,Kerala,Synthetic_District_18,9.695222,69.446031,63897.16,4,0.27,19,3,0.101,2025-02-05 19:36:25
CASE_04966,FIR/2025/529,2025-04-04 06:24:25,NET_BANKING_FRAUD,Gujarat,Synthetic_District_11,30.383635,81.193177,124507.7,17,3.51,6,4,0.833,2025-04-12 06:24:25
CASE_04967,FIR/2025/312,2025-05-06 22:36:25,OTHER,Gujarat,Synthetic_District_13,9.888797,79.978397,36369.35,17,0.95,22,1,0.193,2025-05-25 22:36:25
CASE_04968,FIR/2026/145,2026-02-23 19:33:25,PHISHING,Andhra Pradesh,Synthetic_District_31,24.133666,85.839506,177627.78,6,2.17,19,0,0.121,2026-03-07 19:33:25
CASE_04969,FIR/2025/830,2025-12-06 10:50:25,IMPERSONATION,Gujarat,Synthetic_District_1,10.114222,85.940945,61042.68,18,1.14,10,5,0.676,2025-12-25 10:50:25
CASE_04970,FIR/2025/901,2025-06-18 14:07:25,CARD_FRAUD,Andhra Pradesh,Synthetic_District_18,19.212054,82.136631,16638.77,4,1.82,14,2,0.001,2025-07-09 14:07:25
CASE_04971,FIR/2026/661,2026-09-11 14:10:25,CARD_FRAUD,Telangana,Synthetic_District_13,9.452257,75.55016,182786.76,12,2.4,14,4,0.654,2026-10-10 14:10:25
CASE_04972,FIR/2025/286,2025-11-13 10:40:25,OTHER,Delhi,Synthetic_District_10,33.006827,93.105811,67780.63,2,0.19,10,3,0.385,2025-12-09 10:40:25
CASE_04973,FIR/2025/762,2025-09-19 16:28:25,INVESTMENT_SCAM,Gujarat,Synthetic_District_20,26.609362,76.610202,907231.82,5,3.23,16,4,0.083,2025-10-11 16:28:25
CASE_04974,FIR/2024/101,2024-10-01 23:43:25,CARD_FRAUD,Andhra Pradesh,Synthetic_District_47,34.971836,81.549456,189120.21,6,0.43,23,1,0.5,2024-10-10 23:43:25
CASE_04975,FIR/2025/128,2025-12-13 06:18:25,NET_BANKING_FRAUD,West Bengal,Synthetic_District_8,31.183266,85.707356,128761.81,5,0.71,6,5,0.956,2025-12-29 06:18:25
CASE_04976,FIR/2025/813,2025-01-18 21:00:25,UPI_FRAUD,Telangana,Synthetic_District_33,14.552862,93.587668,13334.89,12,3.06,21,5,0.539,2025-02-11 21:00:25
CASE_04977,FIR/2026/525,2026-08-21 13:31:25,UPI_FRAUD,Telangana,Synthetic_District_35,31.674935,70.951307,20377.94,8,2.17,13,4,0.408,2026-08-27 13:31:25
CASE_04978,FIR/2025/485,2025-03-19 21:40:25,OTHER,Maharashtra,Synthetic_District_44,8.799674,70.913762,8666.78,1,3.57,21,2,0.364,2025-04-16 21:40:25
CASE_04979,FIR/2026/366,2026-05-07 05:38:25,PHISHING,Gujarat,Synthetic_District_36,13.631167,76.545062,120853.97,18,0.45,5,3,0.266,2026-05-08 05:38:25
CASE_04980,FIR/2026/409,2026-08-19 09:54:25,CARD_FRAUD,Karnataka,Synthetic_District_48,21.584082,88.024114,139553.98,10,4.63,9,2,0.311,2026-08-29 09:54:25
CASE_04981,FIR/2025/539,2025-01-23 14:14:25,OTHER,Andhra Pradesh,Synthetic_District_6,32.102831,85.411718,74424.16,6,0.53,14,3,0.17,2025-01-31 14:14:25
CASE_04982,FIR/2026/791,2026-05-19 22:24:25,CARD_FRAUD,Uttar Pradesh,Synthetic_District_31,31.488973,70.381152,2968.09,7,0.76,22,1,0.102,2026-05-30 22:24:25
CASE_04983,FIR/2026/487,2026-02-26 14:45:25,INVESTMENT_SCAM,Gujarat,Synthetic_District_44,8.982891,88.141136,486563.57,3,3.67,14,3,0.62,2026-03-26 14:45:25
CASE_04984,FIR/2026/118,2026-03-20 09:58:25,IMPERSONATION,Kerala,Synthetic_District_22,26.173999,70.537974,13301.22,16,4.2,9,4,0.601,2026-03-23 09:58:25
CASE_04985,FIR/2026/133,2026-06-06 23:45:25,CARD_FRAUD,Maharashtra,Synthetic_District_36,18.603657,69.781084,26689.65,12,0.88,23,5,0.227,2026-06-09 23:45:25
CASE_04986,FIR/2026/520,2026-04-16 07:41:25,NET_BANKING_FRAUD,Gujarat,Synthetic_District_12,13.387246,71.116696,70864.43,17,2.01,7,3,0.335,2026-04-17 07:41:25
CASE_04987,FIR/2026/155,2026-09-16 00:39:25,INVESTMENT_SCAM,Maharashtra,Synthetic_District_44,24.442247,91.347308,346632.75,19,4.95,0,2,0.628,2026-09-22 00:39:25
CASE_04988,FIR/2025/996,2025-03-11 22:01:25,INVESTMENT_SCAM,Kerala,Synthetic_District_17,30.955072,75.646082,219251.89,13,2.22,22,1,0.904,2025-03-14 22:01:25
CASE_04989,FIR/2025/237,2025-09-18 11:25:25,PHISHING,Karnataka,Synthetic_District_38,22.230068,79.163624,138991.52,9,4.11,11,3,0.387,2025-10-06 11:25:25
CASE_04990,FIR/2025/445,2025-04-10 16:20:25,PHISHING,Uttar Pradesh,Synthetic_District_8,16.544193,73.11929,70346.19,3,4.0,16,3,0.708,2025-04-16 16:20:25
CASE_04991,FIR/2025/452,2025-07-13 04:09:25,IMPERSONATION,Maharashtra,Synthetic_District_33,13.071534,83.28796,13062.49,2,2.81,4,6,0.114,2025-07-28 04:09:25
CASE_04992,FIR/2026/304,2026-03-08 17:18:25,NET_BANKING_FRAUD,Telangana,Synthetic_District_15,35.879769,88.835869,183775.2,15,4.32,17,6,0.15,2026-03-17 17:18:25
CASE_04993,FIR/2025/575,2025-03-06 18:41:25,IMPERSONATION,Karnataka,Synthetic_District_48,14.474971,78.550799,198453.77,12,2.94,18,3,0.316,2025-03-07 18:41:25
CASE_04994,FIR/2026/962,2026-02-16 15:56:25,OTHER,Uttar Pradesh,Synthetic_District_11,25.439274,88.291876,177090.38,14,3.75,15,0,0.953,2026-03-08 15:56:25
CASE_04995,FIR/2026/548,2026-04-02 19:42:25,OTHER,Delhi,Synthetic_District_6,26.833392,74.609269,14831.52,2,0.99,19,3,0.431,2026-04-05 19:42:25
CASE_04996,FIR/2025/586,2025-10-27 07:50:25,NET_BANKING_FRAUD,Delhi,Synthetic_District_32,9.551028,72.203536,182337.53,10,0.49,7,0,0.786,2025-11-10 07:50:25
CASE_04997,FIR/2025/662,2025-03-13 19:46:25,INVESTMENT_SCAM,Tamil Nadu,Synthetic_District_12,8.542093,90.76251,246154.16,19,0.52,19,3,0.709,2025-04-03 19:46:25
CASE_04998,FIR/2025/361,2025-02-02 11:00:25,INVESTMENT_SCAM,Maharashtra,Synthetic_District_22,31.233949,75.189468,817276.15,3,3.42,11,6,0.707,2025-02-19 11:00:25
CASE_04999,FIR/2026/336,2026-05-30 21:59:25,UPI_FRAUD,Maharashtra,Synthetic_District_15,25.055571,72.13742,24139.88,18,2.65,21,5,0.816,2026-06-16 21:59:25
CASE_05000,FIR/2026/866,2026-01-04 06:49:25,PHISHING,Karnataka,Synthetic_District_20,12.080427,74.73985,182984.35,16,3.39,6,6,0.504,2026-01-05 06:49:25
